collision_type,left_dataset,right_dataset,left_item_id,right_item_id,left_variant,right_variant,left_path,right_path,hamming_distance,prospective_collision,classification
AHASH_NEAR_DUPLICATE,pilot_intervention_91,pilot_intervention_91,preview_pilot_33e99a8cf8c5,preview_pilot_dfc7f95c2bf6,original,original,data/edits/main_real_200/orig/pilot_33e99a8cf8c5.jpg,data/edits/main_real_200/orig/pilot_dfc7f95c2bf6.jpg,6,False,SCIENTIFIC_SET_COLLISION
AHASH_NEAR_DUPLICATE,pilot_intervention_91,pilot_intervention_91,preview_pilot_33e99a8cf8c5,preview_pilot_dfc7f95c2bf6,original,edited,data/edits/main_real_200/orig/pilot_33e99a8cf8c5.jpg,data/edits/main_real_200/pilot_dfc7f95c2bf6.jpg,6,False,SCIENTIFIC_SET_COLLISION
AHASH_NEAR_DUPLICATE,pilot_intervention_91,pilot_intervention_91,preview_pilot_902e04d96596,preview_pilot_dfc7f95c2bf6,original,original,data/edits/main_real_200/orig/pilot_902e04d96596.jpg,data/edits/main_real_200/orig/pilot_dfc7f95c2bf6.jpg,6,False,SCIENTIFIC_SET_COLLISION
AHASH_NEAR_DUPLICATE,pilot_intervention_91,pilot_intervention_91,preview_pilot_902e04d96596,preview_pilot_dfc7f95c2bf6,edited,original,data/edits/main_real_200/pilot_902e04d96596.jpg,data/edits/main_real_200/orig/pilot_dfc7f95c2bf6.jpg,6,False,SCIENTIFIC_SET_COLLISION
AHASH_NEAR_DUPLICATE,pilot_intervention_91,pilot_intervention_91,preview_pilot_bceacc91c7dd,preview_pilot_ac33d7cb1c60,edited,original,data/edits/main_real_200/pilot_bceacc91c7dd.jpg,data/edits/main_real_200/orig/pilot_ac33d7cb1c60.jpg,6,False,SCIENTIFIC_SET_COLLISION
AHASH_NEAR_DUPLICATE,pilot_intervention_91,pilot_intervention_91,preview_pilot_bf5dc60f7821,preview_pilot_79ae335d22ac,original,original,data/edits/main_real_200/orig/pilot_bf5dc60f7821.jpg,data/edits/main_real_200/orig/pilot_79ae335d22ac.jpg,5,False,SCIENTIFIC_SET_COLLISION
AHASH_NEAR_DUPLICATE,pilot_intervention_91,pilot_intervention_91,preview_pilot_bf5dc60f7821,preview_pilot_79ae335d22ac,original,edited,data/edits/main_real_200/orig/pilot_bf5dc60f7821.jpg,data/edits/main_real_200/pilot_79ae335d22ac.jpg,4,False,SCIENTIFIC_SET_COLLISION
AHASH_NEAR_DUPLICATE,pilot_intervention_91,pilot_intervention_91,preview_pilot_bf5dc60f7821,preview_pilot_79ae335d22ac,edited,original,data/edits/main_real_200/pilot_bf5dc60f7821.jpg,data/edits/main_real_200/orig/pilot_79ae335d22ac.jpg,4,False,SCIENTIFIC_SET_COLLISION
AHASH_NEAR_DUPLICATE,pilot_intervention_91,pilot_intervention_91,preview_pilot_bf5dc60f7821,preview_pilot_79ae335d22ac,edited,edited,data/edits/main_real_200/pilot_bf5dc60f7821.jpg,data/edits/main_real_200/pilot_79ae335d22ac.jpg,5,False,SCIENTIFIC_SET_COLLISION
AHASH_NEAR_DUPLICATE,pilot_intervention_91,pilot_intervention_91,preview_pilot_bf5dc60f7821,preview_pilot_f7f706d3f9f5,original,original,data/edits/main_real_200/orig/pilot_bf5dc60f7821.jpg,data/edits/main_real_200/orig/pilot_f7f706d3f9f5.jpg,6,False,SCIENTIFIC_SET_COLLISION
AHASH_NEAR_DUPLICATE,pilot_intervention_91,pilot_intervention_91,preview_pilot_bf5dc60f7821,preview_pilot_f7f706d3f9f5,edited,original,data/edits/main_real_200/pilot_bf5dc60f7821.jpg,data/edits/main_real_200/orig/pilot_f7f706d3f9f5.jpg,5,False,SCIENTIFIC_SET_COLLISION
AHASH_NEAR_DUPLICATE,pilot_intervention_91,pilot_intervention_91,preview_pilot_f7f706d3f9f5,preview_pilot_79ae335d22ac,original,original,data/edits/main_real_200/orig/pilot_f7f706d3f9f5.jpg,data/edits/main_real_200/orig/pilot_79ae335d22ac.jpg,3,False,SCIENTIFIC_SET_COLLISION
AHASH_NEAR_DUPLICATE,pilot_intervention_91,pilot_intervention_91,preview_pilot_f7f706d3f9f5,preview_pilot_79ae335d22ac,original,edited,data/edits/main_real_200/orig/pilot_f7f706d3f9f5.jpg,data/edits/main_real_200/pilot_79ae335d22ac.jpg,4,False,SCIENTIFIC_SET_COLLISION
AHASH_NEAR_DUPLICATE,pilot_intervention_91,specificity_v1_94,preview_pilot_01fc561f2ad1,sflip_sofa_ADE_train_00000701,original,edited,data/edits/main_real_200/orig/pilot_01fc561f2ad1.jpg,data/edits/spurious_flip_control/sflip_sofa_ADE_train_00000701.jpg,1,False,SCIENTIFIC_SET_COLLISION
AHASH_NEAR_DUPLICATE,pilot_intervention_91,specificity_v1_94,preview_pilot_01fc561f2ad1,sflip_sofa_ADE_train_00000701,edited,original,data/edits/main_real_200/pilot_01fc561f2ad1.jpg,data/edits/spurious_flip_control/orig/sflip_sofa_ADE_train_00000701.jpg,6,False,SCIENTIFIC_SET_COLLISION
AHASH_NEAR_DUPLICATE,pilot_intervention_91,specificity_v1_94,preview_pilot_01fc561f2ad1,sflip_sofa_ADE_train_00000701,edited,edited,data/edits/main_real_200/pilot_01fc561f2ad1.jpg,data/edits/spurious_flip_control/sflip_sofa_ADE_train_00000701.jpg,5,False,SCIENTIFIC_SET_COLLISION
AHASH_NEAR_DUPLICATE,pilot_intervention_91,specificity_v1_94,preview_pilot_0c14103036aa,sflip_sofa_ADE_train_00000741,original,edited,data/edits/main_real_200/orig/pilot_0c14103036aa.jpg,data/edits/spurious_flip_control/sflip_sofa_ADE_train_00000741.jpg,5,False,SCIENTIFIC_SET_COLLISION
AHASH_NEAR_DUPLICATE,pilot_intervention_91,specificity_v1_94,preview_pilot_0c14103036aa,sflip_sofa_ADE_train_00000741,edited,original,data/edits/main_real_200/pilot_0c14103036aa.jpg,data/edits/spurious_flip_control/orig/sflip_sofa_ADE_train_00000741.jpg,2,False,SCIENTIFIC_SET_COLLISION
AHASH_NEAR_DUPLICATE,pilot_intervention_91,specificity_v1_94,preview_pilot_1754bf5e0dc4,sflip_table_ADE_train_00000457,original,edited,data/edits/main_real_200/orig/pilot_1754bf5e0dc4.jpg,data/edits/spurious_flip_control/sflip_table_ADE_train_00000457.jpg,3,False,SCIENTIFIC_SET_COLLISION
AHASH_NEAR_DUPLICATE,pilot_intervention_91,specificity_v1_94,preview_pilot_1ff79de6fa95,sflip_sofa_ADE_train_00000675,original,edited,data/edits/main_real_200/orig/pilot_1ff79de6fa95.jpg,data/edits/spurious_flip_control/sflip_sofa_ADE_train_00000675.jpg,1,False,SCIENTIFIC_SET_COLLISION
AHASH_NEAR_DUPLICATE,pilot_intervention_91,specificity_v1_94,preview_pilot_1ff79de6fa95,sflip_sofa_ADE_train_00000675,edited,original,data/edits/main_real_200/pilot_1ff79de6fa95.jpg,data/edits/spurious_flip_control/orig/sflip_sofa_ADE_train_00000675.jpg,4,False,SCIENTIFIC_SET_COLLISION
AHASH_NEAR_DUPLICATE,pilot_intervention_91,specificity_v1_94,preview_pilot_1ff79de6fa95,sflip_sofa_ADE_train_00000675,edited,edited,data/edits/main_real_200/pilot_1ff79de6fa95.jpg,data/edits/spurious_flip_control/sflip_sofa_ADE_train_00000675.jpg,5,False,SCIENTIFIC_SET_COLLISION
AHASH_NEAR_DUPLICATE,pilot_intervention_91,specificity_v1_94,preview_pilot_299953cec30c,sflip_table_ADE_train_00000201,original,edited,data/edits/main_real_200/orig/pilot_299953cec30c.jpg,data/edits/spurious_flip_control/sflip_table_ADE_train_00000201.jpg,1,False,SCIENTIFIC_SET_COLLISION
AHASH_NEAR_DUPLICATE,pilot_intervention_91,specificity_v1_94,preview_pilot_299953cec30c,sflip_table_ADE_train_00000201,edited,original,data/edits/main_real_200/pilot_299953cec30c.jpg,data/edits/spurious_flip_control/orig/sflip_table_ADE_train_00000201.jpg,2,False,SCIENTIFIC_SET_COLLISION
AHASH_NEAR_DUPLICATE,pilot_intervention_91,specificity_v1_94,preview_pilot_299953cec30c,sflip_table_ADE_train_00000201,edited,edited,data/edits/main_real_200/pilot_299953cec30c.jpg,data/edits/spurious_flip_control/sflip_table_ADE_train_00000201.jpg,3,False,SCIENTIFIC_SET_COLLISION
AHASH_NEAR_DUPLICATE,pilot_intervention_91,specificity_v1_94,preview_pilot_2ac91af26fdd,sflip_car_ADE_train_00000941,original,edited,data/edits/main_real_200/orig/pilot_2ac91af26fdd.jpg,data/edits/spurious_flip_control/sflip_car_ADE_train_00000941.jpg,0,False,SCIENTIFIC_SET_COLLISION
AHASH_NEAR_DUPLICATE,pilot_intervention_91,specificity_v1_94,preview_pilot_2ac91af26fdd,sflip_car_ADE_train_00000941,edited,original,data/edits/main_real_200/pilot_2ac91af26fdd.jpg,data/edits/spurious_flip_control/orig/sflip_car_ADE_train_00000941.jpg,0,False,SCIENTIFIC_SET_COLLISION
AHASH_NEAR_DUPLICATE,pilot_intervention_91,specificity_v1_94,preview_pilot_2ac91af26fdd,sflip_car_ADE_train_00000941,edited,edited,data/edits/main_real_200/pilot_2ac91af26fdd.jpg,data/edits/spurious_flip_control/sflip_car_ADE_train_00000941.jpg,0,False,SCIENTIFIC_SET_COLLISION
AHASH_NEAR_DUPLICATE,pilot_intervention_91,specificity_v1_94,preview_pilot_32bfaf9bac87,sflip_chair_ADE_train_00000939,original,edited,data/edits/main_real_200/orig/pilot_32bfaf9bac87.jpg,data/edits/spurious_flip_control/sflip_chair_ADE_train_00000939.jpg,1,False,SCIENTIFIC_SET_COLLISION
AHASH_NEAR_DUPLICATE,pilot_intervention_91,specificity_v1_94,preview_pilot_32bfaf9bac87,sflip_chair_ADE_train_00000939,edited,original,data/edits/main_real_200/pilot_32bfaf9bac87.jpg,data/edits/spurious_flip_control/orig/sflip_chair_ADE_train_00000939.jpg,1,False,SCIENTIFIC_SET_COLLISION
AHASH_NEAR_DUPLICATE,pilot_intervention_91,specificity_v1_94,preview_pilot_32bfaf9bac87,sflip_chair_ADE_train_00000939,edited,edited,data/edits/main_real_200/pilot_32bfaf9bac87.jpg,data/edits/spurious_flip_control/sflip_chair_ADE_train_00000939.jpg,0,False,SCIENTIFIC_SET_COLLISION
AHASH_NEAR_DUPLICATE,pilot_intervention_91,specificity_v1_94,preview_pilot_33e99a8cf8c5,sflip_sofa_ADE_train_00000740,original,original,data/edits/main_real_200/orig/pilot_33e99a8cf8c5.jpg,data/edits/spurious_flip_control/orig/sflip_sofa_ADE_train_00000740.jpg,6,False,SCIENTIFIC_SET_COLLISION
AHASH_NEAR_DUPLICATE,pilot_intervention_91,specificity_v1_94,preview_pilot_33e99a8cf8c5,sflip_sofa_ADE_train_00000740,original,edited,data/edits/main_real_200/orig/pilot_33e99a8cf8c5.jpg,data/edits/spurious_flip_control/sflip_sofa_ADE_train_00000740.jpg,6,False,SCIENTIFIC_SET_COLLISION
AHASH_NEAR_DUPLICATE,pilot_intervention_91,specificity_v1_94,preview_pilot_34c3764e7fc7,sflip_sofa_ADE_train_00000706,original,edited,data/edits/main_real_200/orig/pilot_34c3764e7fc7.jpg,data/edits/spurious_flip_control/sflip_sofa_ADE_train_00000706.jpg,2,False,SCIENTIFIC_SET_COLLISION
AHASH_NEAR_DUPLICATE,pilot_intervention_91,specificity_v1_94,preview_pilot_34c3764e7fc7,sflip_sofa_ADE_train_00000706,edited,original,data/edits/main_real_200/pilot_34c3764e7fc7.jpg,data/edits/spurious_flip_control/orig/sflip_sofa_ADE_train_00000706.jpg,3,False,SCIENTIFIC_SET_COLLISION
AHASH_NEAR_DUPLICATE,pilot_intervention_91,specificity_v1_94,preview_pilot_34c3764e7fc7,sflip_sofa_ADE_train_00000706,edited,edited,data/edits/main_real_200/pilot_34c3764e7fc7.jpg,data/edits/spurious_flip_control/sflip_sofa_ADE_train_00000706.jpg,5,False,SCIENTIFIC_SET_COLLISION
AHASH_NEAR_DUPLICATE,pilot_intervention_91,specificity_v1_94,preview_pilot_3a04066be0bd,sflip_table_ADE_train_00000231,original,edited,data/edits/main_real_200/orig/pilot_3a04066be0bd.jpg,data/edits/spurious_flip_control/sflip_table_ADE_train_00000231.jpg,0,False,SCIENTIFIC_SET_COLLISION
AHASH_NEAR_DUPLICATE,pilot_intervention_91,specificity_v1_94,preview_pilot_3a04066be0bd,sflip_table_ADE_train_00000231,edited,original,data/edits/main_real_200/pilot_3a04066be0bd.jpg,data/edits/spurious_flip_control/orig/sflip_table_ADE_train_00000231.jpg,4,False,SCIENTIFIC_SET_COLLISION
AHASH_NEAR_DUPLICATE,pilot_intervention_91,specificity_v1_94,preview_pilot_3a04066be0bd,sflip_table_ADE_train_00000231,edited,edited,data/edits/main_real_200/pilot_3a04066be0bd.jpg,data/edits/spurious_flip_control/sflip_table_ADE_train_00000231.jpg,4,False,SCIENTIFIC_SET_COLLISION
AHASH_NEAR_DUPLICATE,pilot_intervention_91,specificity_v1_94,preview_pilot_5a54d663d1e7,sflip_sofa_ADE_train_00000717,original,edited,data/edits/main_real_200/orig/pilot_5a54d663d1e7.jpg,data/edits/spurious_flip_control/sflip_sofa_ADE_train_00000717.jpg,0,False,SCIENTIFIC_SET_COLLISION
AHASH_NEAR_DUPLICATE,pilot_intervention_91,specificity_v1_94,preview_pilot_5a54d663d1e7,sflip_sofa_ADE_train_00000717,edited,original,data/edits/main_real_200/pilot_5a54d663d1e7.jpg,data/edits/spurious_flip_control/orig/sflip_sofa_ADE_train_00000717.jpg,4,False,SCIENTIFIC_SET_COLLISION
AHASH_NEAR_DUPLICATE,pilot_intervention_91,specificity_v1_94,preview_pilot_5a54d663d1e7,sflip_sofa_ADE_train_00000717,edited,edited,data/edits/main_real_200/pilot_5a54d663d1e7.jpg,data/edits/spurious_flip_control/sflip_sofa_ADE_train_00000717.jpg,4,False,SCIENTIFIC_SET_COLLISION
AHASH_NEAR_DUPLICATE,pilot_intervention_91,specificity_v1_94,preview_pilot_79ae335d22ac,sflip_car_ADE_train_00002093,original,original,data/edits/main_real_200/orig/pilot_79ae335d22ac.jpg,data/edits/spurious_flip_control/orig/sflip_car_ADE_train_00002093.jpg,4,False,SCIENTIFIC_SET_COLLISION
AHASH_NEAR_DUPLICATE,pilot_intervention_91,specificity_v1_94,preview_pilot_79ae335d22ac,sflip_car_ADE_train_00002093,original,edited,data/edits/main_real_200/orig/pilot_79ae335d22ac.jpg,data/edits/spurious_flip_control/sflip_car_ADE_train_00002093.jpg,6,False,SCIENTIFIC_SET_COLLISION
AHASH_NEAR_DUPLICATE,pilot_intervention_91,specificity_v1_94,preview_pilot_79ae335d22ac,sflip_car_ADE_train_00002093,edited,original,data/edits/main_real_200/pilot_79ae335d22ac.jpg,data/edits/spurious_flip_control/orig/sflip_car_ADE_train_00002093.jpg,5,False,SCIENTIFIC_SET_COLLISION
AHASH_NEAR_DUPLICATE,pilot_intervention_91,specificity_v1_94,preview_pilot_79ae335d22ac,sflip_car_ADE_train_00004616,original,original,data/edits/main_real_200/orig/pilot_79ae335d22ac.jpg,data/edits/spurious_flip_control/orig/sflip_car_ADE_train_00004616.jpg,5,False,SCIENTIFIC_SET_COLLISION
AHASH_NEAR_DUPLICATE,pilot_intervention_91,specificity_v1_94,preview_pilot_79ae335d22ac,sflip_car_ADE_train_00004616,original,edited,data/edits/main_real_200/orig/pilot_79ae335d22ac.jpg,data/edits/spurious_flip_control/sflip_car_ADE_train_00004616.jpg,5,False,SCIENTIFIC_SET_COLLISION
AHASH_NEAR_DUPLICATE,pilot_intervention_91,specificity_v1_94,preview_pilot_79ae335d22ac,sflip_car_ADE_train_00004616,edited,original,data/edits/main_real_200/pilot_79ae335d22ac.jpg,data/edits/spurious_flip_control/orig/sflip_car_ADE_train_00004616.jpg,6,False,SCIENTIFIC_SET_COLLISION
AHASH_NEAR_DUPLICATE,pilot_intervention_91,specificity_v1_94,preview_pilot_79ae335d22ac,sflip_car_ADE_train_00004616,edited,edited,data/edits/main_real_200/pilot_79ae335d22ac.jpg,data/edits/spurious_flip_control/sflip_car_ADE_train_00004616.jpg,6,False,SCIENTIFIC_SET_COLLISION
AHASH_NEAR_DUPLICATE,pilot_intervention_91,specificity_v1_94,preview_pilot_79ae335d22ac,sflip_sofa_ADE_train_00000693,original,original,data/edits/main_real_200/orig/pilot_79ae335d22ac.jpg,data/edits/spurious_flip_control/orig/sflip_sofa_ADE_train_00000693.jpg,3,False,SCIENTIFIC_SET_COLLISION
AHASH_NEAR_DUPLICATE,pilot_intervention_91,specificity_v1_94,preview_pilot_79ae335d22ac,sflip_sofa_ADE_train_00000693,original,edited,data/edits/main_real_200/orig/pilot_79ae335d22ac.jpg,data/edits/spurious_flip_control/sflip_sofa_ADE_train_00000693.jpg,3,False,SCIENTIFIC_SET_COLLISION
AHASH_NEAR_DUPLICATE,pilot_intervention_91,specificity_v1_94,preview_pilot_79ae335d22ac,sflip_sofa_ADE_train_00000693,edited,original,data/edits/main_real_200/pilot_79ae335d22ac.jpg,data/edits/spurious_flip_control/orig/sflip_sofa_ADE_train_00000693.jpg,4,False,SCIENTIFIC_SET_COLLISION
AHASH_NEAR_DUPLICATE,pilot_intervention_91,specificity_v1_94,preview_pilot_79ae335d22ac,sflip_sofa_ADE_train_00000693,edited,edited,data/edits/main_real_200/pilot_79ae335d22ac.jpg,data/edits/spurious_flip_control/sflip_sofa_ADE_train_00000693.jpg,4,False,SCIENTIFIC_SET_COLLISION
AHASH_NEAR_DUPLICATE,pilot_intervention_91,specificity_v1_94,preview_pilot_8e304d627557,sflip_chair_ADE_train_00000469,original,edited,data/edits/main_real_200/orig/pilot_8e304d627557.jpg,data/edits/spurious_flip_control/sflip_chair_ADE_train_00000469.jpg,0,False,SCIENTIFIC_SET_COLLISION
AHASH_NEAR_DUPLICATE,pilot_intervention_91,specificity_v1_94,preview_pilot_8e304d627557,sflip_chair_ADE_train_00000469,edited,original,data/edits/main_real_200/pilot_8e304d627557.jpg,data/edits/spurious_flip_control/orig/sflip_chair_ADE_train_00000469.jpg,2,False,SCIENTIFIC_SET_COLLISION
AHASH_NEAR_DUPLICATE,pilot_intervention_91,specificity_v1_94,preview_pilot_8e304d627557,sflip_chair_ADE_train_00000469,edited,edited,data/edits/main_real_200/pilot_8e304d627557.jpg,data/edits/spurious_flip_control/sflip_chair_ADE_train_00000469.jpg,2,False,SCIENTIFIC_SET_COLLISION
AHASH_NEAR_DUPLICATE,pilot_intervention_91,specificity_v1_94,preview_pilot_902e04d96596,sflip_sofa_ADE_train_00000740,original,original,data/edits/main_real_200/orig/pilot_902e04d96596.jpg,data/edits/spurious_flip_control/orig/sflip_sofa_ADE_train_00000740.jpg,6,False,SCIENTIFIC_SET_COLLISION
AHASH_NEAR_DUPLICATE,pilot_intervention_91,specificity_v1_94,preview_pilot_902e04d96596,sflip_sofa_ADE_train_00000740,original,edited,data/edits/main_real_200/orig/pilot_902e04d96596.jpg,data/edits/spurious_flip_control/sflip_sofa_ADE_train_00000740.jpg,6,False,SCIENTIFIC_SET_COLLISION
AHASH_NEAR_DUPLICATE,pilot_intervention_91,specificity_v1_94,preview_pilot_902e04d96596,sflip_sofa_ADE_train_00000740,edited,original,data/edits/main_real_200/pilot_902e04d96596.jpg,data/edits/spurious_flip_control/orig/sflip_sofa_ADE_train_00000740.jpg,6,False,SCIENTIFIC_SET_COLLISION
AHASH_NEAR_DUPLICATE,pilot_intervention_91,specificity_v1_94,preview_pilot_902e04d96596,sflip_sofa_ADE_train_00000740,edited,edited,data/edits/main_real_200/pilot_902e04d96596.jpg,data/edits/spurious_flip_control/sflip_sofa_ADE_train_00000740.jpg,6,False,SCIENTIFIC_SET_COLLISION
AHASH_NEAR_DUPLICATE,pilot_intervention_91,specificity_v1_94,preview_pilot_bceacc91c7dd,sflip_sofa_ADE_train_00000688,original,edited,data/edits/main_real_200/orig/pilot_bceacc91c7dd.jpg,data/edits/spurious_flip_control/sflip_sofa_ADE_train_00000688.jpg,0,False,SCIENTIFIC_SET_COLLISION
AHASH_NEAR_DUPLICATE,pilot_intervention_91,specificity_v1_94,preview_pilot_bceacc91c7dd,sflip_sofa_ADE_train_00000688,edited,original,data/edits/main_real_200/pilot_bceacc91c7dd.jpg,data/edits/spurious_flip_control/orig/sflip_sofa_ADE_train_00000688.jpg,3,False,SCIENTIFIC_SET_COLLISION
AHASH_NEAR_DUPLICATE,pilot_intervention_91,specificity_v1_94,preview_pilot_bceacc91c7dd,sflip_sofa_ADE_train_00000688,edited,edited,data/edits/main_real_200/pilot_bceacc91c7dd.jpg,data/edits/spurious_flip_control/sflip_sofa_ADE_train_00000688.jpg,3,False,SCIENTIFIC_SET_COLLISION
AHASH_NEAR_DUPLICATE,pilot_intervention_91,specificity_v1_94,preview_pilot_bddcf74cb433,sflip_table_ADE_train_00000342,original,edited,data/edits/main_real_200/orig/pilot_bddcf74cb433.jpg,data/edits/spurious_flip_control/sflip_table_ADE_train_00000342.jpg,0,False,SCIENTIFIC_SET_COLLISION
AHASH_NEAR_DUPLICATE,pilot_intervention_91,specificity_v1_94,preview_pilot_bddcf74cb433,sflip_table_ADE_train_00000342,edited,original,data/edits/main_real_200/pilot_bddcf74cb433.jpg,data/edits/spurious_flip_control/orig/sflip_table_ADE_train_00000342.jpg,1,False,SCIENTIFIC_SET_COLLISION
AHASH_NEAR_DUPLICATE,pilot_intervention_91,specificity_v1_94,preview_pilot_bddcf74cb433,sflip_table_ADE_train_00000342,edited,edited,data/edits/main_real_200/pilot_bddcf74cb433.jpg,data/edits/spurious_flip_control/sflip_table_ADE_train_00000342.jpg,1,False,SCIENTIFIC_SET_COLLISION
AHASH_NEAR_DUPLICATE,pilot_intervention_91,specificity_v1_94,preview_pilot_bf5dc60f7821,sflip_car_ADE_train_00002093,edited,original,data/edits/main_real_200/pilot_bf5dc60f7821.jpg,data/edits/spurious_flip_control/orig/sflip_car_ADE_train_00002093.jpg,6,False,SCIENTIFIC_SET_COLLISION
AHASH_NEAR_DUPLICATE,pilot_intervention_91,specificity_v1_94,preview_pilot_bf5dc60f7821,sflip_car_ADE_train_00002093,edited,edited,data/edits/main_real_200/pilot_bf5dc60f7821.jpg,data/edits/spurious_flip_control/sflip_car_ADE_train_00002093.jpg,6,False,SCIENTIFIC_SET_COLLISION
AHASH_NEAR_DUPLICATE,pilot_intervention_91,specificity_v1_94,preview_pilot_bf5dc60f7821,sflip_sofa_ADE_train_00000693,original,original,data/edits/main_real_200/orig/pilot_bf5dc60f7821.jpg,data/edits/spurious_flip_control/orig/sflip_sofa_ADE_train_00000693.jpg,6,False,SCIENTIFIC_SET_COLLISION
AHASH_NEAR_DUPLICATE,pilot_intervention_91,specificity_v1_94,preview_pilot_bf5dc60f7821,sflip_sofa_ADE_train_00000693,original,edited,data/edits/main_real_200/orig/pilot_bf5dc60f7821.jpg,data/edits/spurious_flip_control/sflip_sofa_ADE_train_00000693.jpg,6,False,SCIENTIFIC_SET_COLLISION
AHASH_NEAR_DUPLICATE,pilot_intervention_91,specificity_v1_94,preview_pilot_bf5dc60f7821,sflip_sofa_ADE_train_00000693,edited,original,data/edits/main_real_200/pilot_bf5dc60f7821.jpg,data/edits/spurious_flip_control/orig/sflip_sofa_ADE_train_00000693.jpg,5,False,SCIENTIFIC_SET_COLLISION
AHASH_NEAR_DUPLICATE,pilot_intervention_91,specificity_v1_94,preview_pilot_bf5dc60f7821,sflip_sofa_ADE_train_00000693,edited,edited,data/edits/main_real_200/pilot_bf5dc60f7821.jpg,data/edits/spurious_flip_control/sflip_sofa_ADE_train_00000693.jpg,5,False,SCIENTIFIC_SET_COLLISION
AHASH_NEAR_DUPLICATE,pilot_intervention_91,specificity_v1_94,preview_pilot_c3c3b3c1ead9,sflip_chair_ADE_train_00000839,original,edited,data/edits/main_real_200/orig/pilot_c3c3b3c1ead9.jpg,data/edits/spurious_flip_control/sflip_chair_ADE_train_00000839.jpg,0,False,SCIENTIFIC_SET_COLLISION
AHASH_NEAR_DUPLICATE,pilot_intervention_91,specificity_v1_94,preview_pilot_c3c3b3c1ead9,sflip_chair_ADE_train_00000839,edited,original,data/edits/main_real_200/pilot_c3c3b3c1ead9.jpg,data/edits/spurious_flip_control/orig/sflip_chair_ADE_train_00000839.jpg,0,False,SCIENTIFIC_SET_COLLISION
AHASH_NEAR_DUPLICATE,pilot_intervention_91,specificity_v1_94,preview_pilot_c3c3b3c1ead9,sflip_chair_ADE_train_00000839,edited,edited,data/edits/main_real_200/pilot_c3c3b3c1ead9.jpg,data/edits/spurious_flip_control/sflip_chair_ADE_train_00000839.jpg,0,False,SCIENTIFIC_SET_COLLISION
AHASH_NEAR_DUPLICATE,pilot_intervention_91,specificity_v1_94,preview_pilot_caf50be3f2be,sflip_chair_ADE_train_00000374,original,edited,data/edits/main_real_200/orig/pilot_caf50be3f2be.jpg,data/edits/spurious_flip_control/sflip_chair_ADE_train_00000374.jpg,1,False,SCIENTIFIC_SET_COLLISION
AHASH_NEAR_DUPLICATE,pilot_intervention_91,specificity_v1_94,preview_pilot_caf50be3f2be,sflip_chair_ADE_train_00000374,edited,original,data/edits/main_real_200/pilot_caf50be3f2be.jpg,data/edits/spurious_flip_control/orig/sflip_chair_ADE_train_00000374.jpg,0,False,SCIENTIFIC_SET_COLLISION
AHASH_NEAR_DUPLICATE,pilot_intervention_91,specificity_v1_94,preview_pilot_caf50be3f2be,sflip_chair_ADE_train_00000374,edited,edited,data/edits/main_real_200/pilot_caf50be3f2be.jpg,data/edits/spurious_flip_control/sflip_chair_ADE_train_00000374.jpg,1,False,SCIENTIFIC_SET_COLLISION
AHASH_NEAR_DUPLICATE,pilot_intervention_91,specificity_v1_94,preview_pilot_ce19f8655c97,sflip_sofa_ADE_train_00000738,original,edited,data/edits/main_real_200/orig/pilot_ce19f8655c97.jpg,data/edits/spurious_flip_control/sflip_sofa_ADE_train_00000738.jpg,1,False,SCIENTIFIC_SET_COLLISION
AHASH_NEAR_DUPLICATE,pilot_intervention_91,specificity_v1_94,preview_pilot_ce19f8655c97,sflip_sofa_ADE_train_00000738,edited,original,data/edits/main_real_200/pilot_ce19f8655c97.jpg,data/edits/spurious_flip_control/orig/sflip_sofa_ADE_train_00000738.jpg,2,False,SCIENTIFIC_SET_COLLISION
AHASH_NEAR_DUPLICATE,pilot_intervention_91,specificity_v1_94,preview_pilot_ce19f8655c97,sflip_sofa_ADE_train_00000738,edited,edited,data/edits/main_real_200/pilot_ce19f8655c97.jpg,data/edits/spurious_flip_control/sflip_sofa_ADE_train_00000738.jpg,1,False,SCIENTIFIC_SET_COLLISION
AHASH_NEAR_DUPLICATE,pilot_intervention_91,specificity_v1_94,preview_pilot_da1a9a03c0b6,sflip_table_ADE_train_00000377,original,edited,data/edits/main_real_200/orig/pilot_da1a9a03c0b6.jpg,data/edits/spurious_flip_control/sflip_table_ADE_train_00000377.jpg,2,False,SCIENTIFIC_SET_COLLISION
AHASH_NEAR_DUPLICATE,pilot_intervention_91,specificity_v1_94,preview_pilot_da1a9a03c0b6,sflip_table_ADE_train_00000377,edited,original,data/edits/main_real_200/pilot_da1a9a03c0b6.jpg,data/edits/spurious_flip_control/orig/sflip_table_ADE_train_00000377.jpg,1,False,SCIENTIFIC_SET_COLLISION
AHASH_NEAR_DUPLICATE,pilot_intervention_91,specificity_v1_94,preview_pilot_da1a9a03c0b6,sflip_table_ADE_train_00000377,edited,edited,data/edits/main_real_200/pilot_da1a9a03c0b6.jpg,data/edits/spurious_flip_control/sflip_table_ADE_train_00000377.jpg,1,False,SCIENTIFIC_SET_COLLISION
AHASH_NEAR_DUPLICATE,pilot_intervention_91,specificity_v1_94,preview_pilot_dfc7f95c2bf6,sflip_sofa_ADE_train_00000740,original,edited,data/edits/main_real_200/orig/pilot_dfc7f95c2bf6.jpg,data/edits/spurious_flip_control/sflip_sofa_ADE_train_00000740.jpg,0,False,SCIENTIFIC_SET_COLLISION
AHASH_NEAR_DUPLICATE,pilot_intervention_91,specificity_v1_94,preview_pilot_dfc7f95c2bf6,sflip_sofa_ADE_train_00000740,edited,original,data/edits/main_real_200/pilot_dfc7f95c2bf6.jpg,data/edits/spurious_flip_control/orig/sflip_sofa_ADE_train_00000740.jpg,4,False,SCIENTIFIC_SET_COLLISION
AHASH_NEAR_DUPLICATE,pilot_intervention_91,specificity_v1_94,preview_pilot_dfc7f95c2bf6,sflip_sofa_ADE_train_00000740,edited,edited,data/edits/main_real_200/pilot_dfc7f95c2bf6.jpg,data/edits/spurious_flip_control/sflip_sofa_ADE_train_00000740.jpg,4,False,SCIENTIFIC_SET_COLLISION
AHASH_NEAR_DUPLICATE,pilot_intervention_91,specificity_v1_94,preview_pilot_dfc7f95c2bf6,sflip_table_ADE_train_00000218,original,original,data/edits/main_real_200/orig/pilot_dfc7f95c2bf6.jpg,data/edits/spurious_flip_control/orig/sflip_table_ADE_train_00000218.jpg,6,False,SCIENTIFIC_SET_COLLISION
AHASH_NEAR_DUPLICATE,pilot_intervention_91,specificity_v1_94,preview_pilot_f3dddd670aa6,sflip_table_ADE_train_00000246,original,edited,data/edits/main_real_200/orig/pilot_f3dddd670aa6.jpg,data/edits/spurious_flip_control/sflip_table_ADE_train_00000246.jpg,0,False,SCIENTIFIC_SET_COLLISION
AHASH_NEAR_DUPLICATE,pilot_intervention_91,specificity_v1_94,preview_pilot_f3dddd670aa6,sflip_table_ADE_train_00000246,edited,original,data/edits/main_real_200/pilot_f3dddd670aa6.jpg,data/edits/spurious_flip_control/orig/sflip_table_ADE_train_00000246.jpg,4,False,SCIENTIFIC_SET_COLLISION
AHASH_NEAR_DUPLICATE,pilot_intervention_91,specificity_v1_94,preview_pilot_f3dddd670aa6,sflip_table_ADE_train_00000246,edited,edited,data/edits/main_real_200/pilot_f3dddd670aa6.jpg,data/edits/spurious_flip_control/sflip_table_ADE_train_00000246.jpg,4,False,SCIENTIFIC_SET_COLLISION
AHASH_NEAR_DUPLICATE,pilot_intervention_91,specificity_v1_94,preview_pilot_f7f706d3f9f5,sflip_car_ADE_train_00002093,original,original,data/edits/main_real_200/orig/pilot_f7f706d3f9f5.jpg,data/edits/spurious_flip_control/orig/sflip_car_ADE_train_00002093.jpg,5,False,SCIENTIFIC_SET_COLLISION
AHASH_NEAR_DUPLICATE,pilot_intervention_91,specificity_v1_94,preview_pilot_f7f706d3f9f5,sflip_car_ADE_train_00002093,original,edited,data/edits/main_real_200/orig/pilot_f7f706d3f9f5.jpg,data/edits/spurious_flip_control/sflip_car_ADE_train_00002093.jpg,5,False,SCIENTIFIC_SET_COLLISION
AHASH_NEAR_DUPLICATE,pilot_intervention_91,specificity_v1_94,preview_pilot_f7f706d3f9f5,sflip_chair_ADE_train_00000753,original,original,data/edits/main_real_200/orig/pilot_f7f706d3f9f5.jpg,data/edits/spurious_flip_control/orig/sflip_chair_ADE_train_00000753.jpg,6,False,SCIENTIFIC_SET_COLLISION
AHASH_NEAR_DUPLICATE,pilot_intervention_91,specificity_v1_94,preview_pilot_f7f706d3f9f5,sflip_chair_ADE_train_00000753,original,edited,data/edits/main_real_200/orig/pilot_f7f706d3f9f5.jpg,data/edits/spurious_flip_control/sflip_chair_ADE_train_00000753.jpg,6,False,SCIENTIFIC_SET_COLLISION
AHASH_NEAR_DUPLICATE,pilot_intervention_91,specificity_v1_94,preview_pilot_f7f706d3f9f5,sflip_sofa_ADE_train_00000693,original,edited,data/edits/main_real_200/orig/pilot_f7f706d3f9f5.jpg,data/edits/spurious_flip_control/sflip_sofa_ADE_train_00000693.jpg,0,False,SCIENTIFIC_SET_COLLISION
AHASH_NEAR_DUPLICATE,pilot_intervention_91,specificity_v1_94,preview_pilot_f7f706d3f9f5,sflip_sofa_ADE_train_00000719,original,original,data/edits/main_real_200/orig/pilot_f7f706d3f9f5.jpg,data/edits/spurious_flip_control/orig/sflip_sofa_ADE_train_00000719.jpg,6,False,SCIENTIFIC_SET_COLLISION
AHASH_NEAR_DUPLICATE,pilot_intervention_91,specificity_v1_94,preview_pilot_f7f706d3f9f5,sflip_sofa_ADE_train_00000719,original,edited,data/edits/main_real_200/orig/pilot_f7f706d3f9f5.jpg,data/edits/spurious_flip_control/sflip_sofa_ADE_train_00000719.jpg,6,False,SCIENTIFIC_SET_COLLISION
AHASH_NEAR_DUPLICATE,pilot_intervention_91,specificity_v2_30,preview_pilot_01fc561f2ad1,sflip_sofa_ADE_train_00000701,original,original,data/edits/main_real_200/orig/pilot_01fc561f2ad1.jpg,data/edits/spurious_v2_control/images/orig/sflip_sofa_ADE_train_00000701.jpg,0,False,SCIENTIFIC_SET_COLLISION
AHASH_NEAR_DUPLICATE,pilot_intervention_91,specificity_v2_30,preview_pilot_01fc561f2ad1,sflip_sofa_ADE_train_00000701,original,edited,data/edits/main_real_200/orig/pilot_01fc561f2ad1.jpg,data/edits/spurious_v2_control/images/control/sflip_sofa_ADE_train_00000701.jpg,0,False,SCIENTIFIC_SET_COLLISION
AHASH_NEAR_DUPLICATE,pilot_intervention_91,specificity_v2_30,preview_pilot_01fc561f2ad1,sflip_sofa_ADE_train_00000701,edited,original,data/edits/main_real_200/pilot_01fc561f2ad1.jpg,data/edits/spurious_v2_control/images/orig/sflip_sofa_ADE_train_00000701.jpg,6,False,SCIENTIFIC_SET_COLLISION
AHASH_NEAR_DUPLICATE,pilot_intervention_91,specificity_v2_30,preview_pilot_01fc561f2ad1,sflip_sofa_ADE_train_00000701,edited,edited,data/edits/main_real_200/pilot_01fc561f2ad1.jpg,data/edits/spurious_v2_control/images/control/sflip_sofa_ADE_train_00000701.jpg,6,False,SCIENTIFIC_SET_COLLISION
AHASH_NEAR_DUPLICATE,pilot_intervention_91,specificity_v2_30,preview_pilot_1ff79de6fa95,sflip_sofa_ADE_train_00000675,original,original,data/edits/main_real_200/orig/pilot_1ff79de6fa95.jpg,data/edits/spurious_v2_control/images/orig/sflip_sofa_ADE_train_00000675.jpg,0,False,SCIENTIFIC_SET_COLLISION
AHASH_NEAR_DUPLICATE,pilot_intervention_91,specificity_v2_30,preview_pilot_1ff79de6fa95,sflip_sofa_ADE_train_00000675,original,edited,data/edits/main_real_200/orig/pilot_1ff79de6fa95.jpg,data/edits/spurious_v2_control/images/control/sflip_sofa_ADE_train_00000675.jpg,1,False,SCIENTIFIC_SET_COLLISION
AHASH_NEAR_DUPLICATE,pilot_intervention_91,specificity_v2_30,preview_pilot_1ff79de6fa95,sflip_sofa_ADE_train_00000675,edited,original,data/edits/main_real_200/pilot_1ff79de6fa95.jpg,data/edits/spurious_v2_control/images/orig/sflip_sofa_ADE_train_00000675.jpg,4,False,SCIENTIFIC_SET_COLLISION
AHASH_NEAR_DUPLICATE,pilot_intervention_91,specificity_v2_30,preview_pilot_1ff79de6fa95,sflip_sofa_ADE_train_00000675,edited,edited,data/edits/main_real_200/pilot_1ff79de6fa95.jpg,data/edits/spurious_v2_control/images/control/sflip_sofa_ADE_train_00000675.jpg,5,False,SCIENTIFIC_SET_COLLISION
AHASH_NEAR_DUPLICATE,pilot_intervention_91,specificity_v2_30,preview_pilot_33e99a8cf8c5,sflip_sofa_ADE_train_00000740,original,original,data/edits/main_real_200/orig/pilot_33e99a8cf8c5.jpg,data/edits/spurious_v2_control/images/orig/sflip_sofa_ADE_train_00000740.jpg,6,False,SCIENTIFIC_SET_COLLISION
AHASH_NEAR_DUPLICATE,pilot_intervention_91,specificity_v2_30,preview_pilot_33e99a8cf8c5,sflip_sofa_ADE_train_00000740,original,edited,data/edits/main_real_200/orig/pilot_33e99a8cf8c5.jpg,data/edits/spurious_v2_control/images/control/sflip_sofa_ADE_train_00000740.jpg,6,False,SCIENTIFIC_SET_COLLISION
AHASH_NEAR_DUPLICATE,pilot_intervention_91,specificity_v2_30,preview_pilot_34c3764e7fc7,sflip_sofa_ADE_train_00000706,original,original,data/edits/main_real_200/orig/pilot_34c3764e7fc7.jpg,data/edits/spurious_v2_control/images/orig/sflip_sofa_ADE_train_00000706.jpg,0,False,SCIENTIFIC_SET_COLLISION
AHASH_NEAR_DUPLICATE,pilot_intervention_91,specificity_v2_30,preview_pilot_34c3764e7fc7,sflip_sofa_ADE_train_00000706,original,edited,data/edits/main_real_200/orig/pilot_34c3764e7fc7.jpg,data/edits/spurious_v2_control/images/control/sflip_sofa_ADE_train_00000706.jpg,2,False,SCIENTIFIC_SET_COLLISION
AHASH_NEAR_DUPLICATE,pilot_intervention_91,specificity_v2_30,preview_pilot_34c3764e7fc7,sflip_sofa_ADE_train_00000706,edited,original,data/edits/main_real_200/pilot_34c3764e7fc7.jpg,data/edits/spurious_v2_control/images/orig/sflip_sofa_ADE_train_00000706.jpg,3,False,SCIENTIFIC_SET_COLLISION
AHASH_NEAR_DUPLICATE,pilot_intervention_91,specificity_v2_30,preview_pilot_34c3764e7fc7,sflip_sofa_ADE_train_00000706,edited,edited,data/edits/main_real_200/pilot_34c3764e7fc7.jpg,data/edits/spurious_v2_control/images/control/sflip_sofa_ADE_train_00000706.jpg,5,False,SCIENTIFIC_SET_COLLISION
AHASH_NEAR_DUPLICATE,pilot_intervention_91,specificity_v2_30,preview_pilot_5a54d663d1e7,sflip_sofa_ADE_train_00000717,original,original,data/edits/main_real_200/orig/pilot_5a54d663d1e7.jpg,data/edits/spurious_v2_control/images/orig/sflip_sofa_ADE_train_00000717.jpg,0,False,SCIENTIFIC_SET_COLLISION
AHASH_NEAR_DUPLICATE,pilot_intervention_91,specificity_v2_30,preview_pilot_5a54d663d1e7,sflip_sofa_ADE_train_00000717,original,edited,data/edits/main_real_200/orig/pilot_5a54d663d1e7.jpg,data/edits/spurious_v2_control/images/control/sflip_sofa_ADE_train_00000717.jpg,0,False,SCIENTIFIC_SET_COLLISION
AHASH_NEAR_DUPLICATE,pilot_intervention_91,specificity_v2_30,preview_pilot_5a54d663d1e7,sflip_sofa_ADE_train_00000717,edited,original,data/edits/main_real_200/pilot_5a54d663d1e7.jpg,data/edits/spurious_v2_control/images/orig/sflip_sofa_ADE_train_00000717.jpg,4,False,SCIENTIFIC_SET_COLLISION
AHASH_NEAR_DUPLICATE,pilot_intervention_91,specificity_v2_30,preview_pilot_5a54d663d1e7,sflip_sofa_ADE_train_00000717,edited,edited,data/edits/main_real_200/pilot_5a54d663d1e7.jpg,data/edits/spurious_v2_control/images/control/sflip_sofa_ADE_train_00000717.jpg,4,False,SCIENTIFIC_SET_COLLISION
AHASH_NEAR_DUPLICATE,pilot_intervention_91,specificity_v2_30,preview_pilot_79ae335d22ac,sflip_sofa_ADE_train_00000693,original,original,data/edits/main_real_200/orig/pilot_79ae335d22ac.jpg,data/edits/spurious_v2_control/images/orig/sflip_sofa_ADE_train_00000693.jpg,3,False,SCIENTIFIC_SET_COLLISION
AHASH_NEAR_DUPLICATE,pilot_intervention_91,specificity_v2_30,preview_pilot_79ae335d22ac,sflip_sofa_ADE_train_00000693,original,edited,data/edits/main_real_200/orig/pilot_79ae335d22ac.jpg,data/edits/spurious_v2_control/images/control/sflip_sofa_ADE_train_00000693.jpg,3,False,SCIENTIFIC_SET_COLLISION
AHASH_NEAR_DUPLICATE,pilot_intervention_91,specificity_v2_30,preview_pilot_79ae335d22ac,sflip_sofa_ADE_train_00000693,edited,original,data/edits/main_real_200/pilot_79ae335d22ac.jpg,data/edits/spurious_v2_control/images/orig/sflip_sofa_ADE_train_00000693.jpg,4,False,SCIENTIFIC_SET_COLLISION
AHASH_NEAR_DUPLICATE,pilot_intervention_91,specificity_v2_30,preview_pilot_79ae335d22ac,sflip_sofa_ADE_train_00000693,edited,edited,data/edits/main_real_200/pilot_79ae335d22ac.jpg,data/edits/spurious_v2_control/images/control/sflip_sofa_ADE_train_00000693.jpg,4,False,SCIENTIFIC_SET_COLLISION
AHASH_NEAR_DUPLICATE,pilot_intervention_91,specificity_v2_30,preview_pilot_8e304d627557,sflip_chair_ADE_train_00000469,original,original,data/edits/main_real_200/orig/pilot_8e304d627557.jpg,data/edits/spurious_v2_control/images/orig/sflip_chair_ADE_train_00000469.jpg,0,False,SCIENTIFIC_SET_COLLISION
AHASH_NEAR_DUPLICATE,pilot_intervention_91,specificity_v2_30,preview_pilot_8e304d627557,sflip_chair_ADE_train_00000469,original,edited,data/edits/main_real_200/orig/pilot_8e304d627557.jpg,data/edits/spurious_v2_control/images/control/sflip_chair_ADE_train_00000469.jpg,0,False,SCIENTIFIC_SET_COLLISION
AHASH_NEAR_DUPLICATE,pilot_intervention_91,specificity_v2_30,preview_pilot_8e304d627557,sflip_chair_ADE_train_00000469,edited,original,data/edits/main_real_200/pilot_8e304d627557.jpg,data/edits/spurious_v2_control/images/orig/sflip_chair_ADE_train_00000469.jpg,2,False,SCIENTIFIC_SET_COLLISION
AHASH_NEAR_DUPLICATE,pilot_intervention_91,specificity_v2_30,preview_pilot_8e304d627557,sflip_chair_ADE_train_00000469,edited,edited,data/edits/main_real_200/pilot_8e304d627557.jpg,data/edits/spurious_v2_control/images/control/sflip_chair_ADE_train_00000469.jpg,2,False,SCIENTIFIC_SET_COLLISION
AHASH_NEAR_DUPLICATE,pilot_intervention_91,specificity_v2_30,preview_pilot_902e04d96596,sflip_sofa_ADE_train_00000740,original,original,data/edits/main_real_200/orig/pilot_902e04d96596.jpg,data/edits/spurious_v2_control/images/orig/sflip_sofa_ADE_train_00000740.jpg,6,False,SCIENTIFIC_SET_COLLISION
AHASH_NEAR_DUPLICATE,pilot_intervention_91,specificity_v2_30,preview_pilot_902e04d96596,sflip_sofa_ADE_train_00000740,original,edited,data/edits/main_real_200/orig/pilot_902e04d96596.jpg,data/edits/spurious_v2_control/images/control/sflip_sofa_ADE_train_00000740.jpg,6,False,SCIENTIFIC_SET_COLLISION
AHASH_NEAR_DUPLICATE,pilot_intervention_91,specificity_v2_30,preview_pilot_902e04d96596,sflip_sofa_ADE_train_00000740,edited,original,data/edits/main_real_200/pilot_902e04d96596.jpg,data/edits/spurious_v2_control/images/orig/sflip_sofa_ADE_train_00000740.jpg,6,False,SCIENTIFIC_SET_COLLISION
AHASH_NEAR_DUPLICATE,pilot_intervention_91,specificity_v2_30,preview_pilot_902e04d96596,sflip_sofa_ADE_train_00000740,edited,edited,data/edits/main_real_200/pilot_902e04d96596.jpg,data/edits/spurious_v2_control/images/control/sflip_sofa_ADE_train_00000740.jpg,6,False,SCIENTIFIC_SET_COLLISION
AHASH_NEAR_DUPLICATE,pilot_intervention_91,specificity_v2_30,preview_pilot_bceacc91c7dd,sflip_sofa_ADE_train_00000688,original,original,data/edits/main_real_200/orig/pilot_bceacc91c7dd.jpg,data/edits/spurious_v2_control/images/orig/sflip_sofa_ADE_train_00000688.jpg,0,False,SCIENTIFIC_SET_COLLISION
AHASH_NEAR_DUPLICATE,pilot_intervention_91,specificity_v2_30,preview_pilot_bceacc91c7dd,sflip_sofa_ADE_train_00000688,original,edited,data/edits/main_real_200/orig/pilot_bceacc91c7dd.jpg,data/edits/spurious_v2_control/images/control/sflip_sofa_ADE_train_00000688.jpg,0,False,SCIENTIFIC_SET_COLLISION
AHASH_NEAR_DUPLICATE,pilot_intervention_91,specificity_v2_30,preview_pilot_bceacc91c7dd,sflip_sofa_ADE_train_00000688,edited,original,data/edits/main_real_200/pilot_bceacc91c7dd.jpg,data/edits/spurious_v2_control/images/orig/sflip_sofa_ADE_train_00000688.jpg,3,False,SCIENTIFIC_SET_COLLISION
AHASH_NEAR_DUPLICATE,pilot_intervention_91,specificity_v2_30,preview_pilot_bceacc91c7dd,sflip_sofa_ADE_train_00000688,edited,edited,data/edits/main_real_200/pilot_bceacc91c7dd.jpg,data/edits/spurious_v2_control/images/control/sflip_sofa_ADE_train_00000688.jpg,3,False,SCIENTIFIC_SET_COLLISION
AHASH_NEAR_DUPLICATE,pilot_intervention_91,specificity_v2_30,preview_pilot_bf5dc60f7821,sflip_sofa_ADE_train_00000693,original,original,data/edits/main_real_200/orig/pilot_bf5dc60f7821.jpg,data/edits/spurious_v2_control/images/orig/sflip_sofa_ADE_train_00000693.jpg,6,False,SCIENTIFIC_SET_COLLISION
AHASH_NEAR_DUPLICATE,pilot_intervention_91,specificity_v2_30,preview_pilot_bf5dc60f7821,sflip_sofa_ADE_train_00000693,original,edited,data/edits/main_real_200/orig/pilot_bf5dc60f7821.jpg,data/edits/spurious_v2_control/images/control/sflip_sofa_ADE_train_00000693.jpg,6,False,SCIENTIFIC_SET_COLLISION
AHASH_NEAR_DUPLICATE,pilot_intervention_91,specificity_v2_30,preview_pilot_bf5dc60f7821,sflip_sofa_ADE_train_00000693,edited,original,data/edits/main_real_200/pilot_bf5dc60f7821.jpg,data/edits/spurious_v2_control/images/orig/sflip_sofa_ADE_train_00000693.jpg,5,False,SCIENTIFIC_SET_COLLISION
AHASH_NEAR_DUPLICATE,pilot_intervention_91,specificity_v2_30,preview_pilot_bf5dc60f7821,sflip_sofa_ADE_train_00000693,edited,edited,data/edits/main_real_200/pilot_bf5dc60f7821.jpg,data/edits/spurious_v2_control/images/control/sflip_sofa_ADE_train_00000693.jpg,5,False,SCIENTIFIC_SET_COLLISION
AHASH_NEAR_DUPLICATE,pilot_intervention_91,specificity_v2_30,preview_pilot_caf50be3f2be,sflip_chair_ADE_train_00000374,original,original,data/edits/main_real_200/orig/pilot_caf50be3f2be.jpg,data/edits/spurious_v2_control/images/orig/sflip_chair_ADE_train_00000374.jpg,0,False,SCIENTIFIC_SET_COLLISION
AHASH_NEAR_DUPLICATE,pilot_intervention_91,specificity_v2_30,preview_pilot_caf50be3f2be,sflip_chair_ADE_train_00000374,original,edited,data/edits/main_real_200/orig/pilot_caf50be3f2be.jpg,data/edits/spurious_v2_control/images/control/sflip_chair_ADE_train_00000374.jpg,1,False,SCIENTIFIC_SET_COLLISION
AHASH_NEAR_DUPLICATE,pilot_intervention_91,specificity_v2_30,preview_pilot_caf50be3f2be,sflip_chair_ADE_train_00000374,edited,original,data/edits/main_real_200/pilot_caf50be3f2be.jpg,data/edits/spurious_v2_control/images/orig/sflip_chair_ADE_train_00000374.jpg,0,False,SCIENTIFIC_SET_COLLISION
AHASH_NEAR_DUPLICATE,pilot_intervention_91,specificity_v2_30,preview_pilot_caf50be3f2be,sflip_chair_ADE_train_00000374,edited,edited,data/edits/main_real_200/pilot_caf50be3f2be.jpg,data/edits/spurious_v2_control/images/control/sflip_chair_ADE_train_00000374.jpg,1,False,SCIENTIFIC_SET_COLLISION
AHASH_NEAR_DUPLICATE,pilot_intervention_91,specificity_v2_30,preview_pilot_dfc7f95c2bf6,sflip_sofa_ADE_train_00000740,original,original,data/edits/main_real_200/orig/pilot_dfc7f95c2bf6.jpg,data/edits/spurious_v2_control/images/orig/sflip_sofa_ADE_train_00000740.jpg,0,False,SCIENTIFIC_SET_COLLISION
AHASH_NEAR_DUPLICATE,pilot_intervention_91,specificity_v2_30,preview_pilot_dfc7f95c2bf6,sflip_sofa_ADE_train_00000740,original,edited,data/edits/main_real_200/orig/pilot_dfc7f95c2bf6.jpg,data/edits/spurious_v2_control/images/control/sflip_sofa_ADE_train_00000740.jpg,0,False,SCIENTIFIC_SET_COLLISION
AHASH_NEAR_DUPLICATE,pilot_intervention_91,specificity_v2_30,preview_pilot_dfc7f95c2bf6,sflip_sofa_ADE_train_00000740,edited,original,data/edits/main_real_200/pilot_dfc7f95c2bf6.jpg,data/edits/spurious_v2_control/images/orig/sflip_sofa_ADE_train_00000740.jpg,4,False,SCIENTIFIC_SET_COLLISION
AHASH_NEAR_DUPLICATE,pilot_intervention_91,specificity_v2_30,preview_pilot_dfc7f95c2bf6,sflip_sofa_ADE_train_00000740,edited,edited,data/edits/main_real_200/pilot_dfc7f95c2bf6.jpg,data/edits/spurious_v2_control/images/control/sflip_sofa_ADE_train_00000740.jpg,4,False,SCIENTIFIC_SET_COLLISION
AHASH_NEAR_DUPLICATE,pilot_intervention_91,specificity_v2_30,preview_pilot_dfc7f95c2bf6,sflip_table_ADE_train_00000218,original,original,data/edits/main_real_200/orig/pilot_dfc7f95c2bf6.jpg,data/edits/spurious_v2_control/images/orig/sflip_table_ADE_train_00000218.jpg,6,False,SCIENTIFIC_SET_COLLISION
AHASH_NEAR_DUPLICATE,pilot_intervention_91,specificity_v2_30,preview_pilot_f7f706d3f9f5,sflip_sofa_ADE_train_00000693,original,original,data/edits/main_real_200/orig/pilot_f7f706d3f9f5.jpg,data/edits/spurious_v2_control/images/orig/sflip_sofa_ADE_train_00000693.jpg,0,False,SCIENTIFIC_SET_COLLISION
AHASH_NEAR_DUPLICATE,pilot_intervention_91,specificity_v2_30,preview_pilot_f7f706d3f9f5,sflip_sofa_ADE_train_00000693,original,edited,data/edits/main_real_200/orig/pilot_f7f706d3f9f5.jpg,data/edits/spurious_v2_control/images/control/sflip_sofa_ADE_train_00000693.jpg,0,False,SCIENTIFIC_SET_COLLISION
AHASH_NEAR_DUPLICATE,specificity_v1_94,specificity_v1_94,sflip_sofa_ADE_train_00000693,sflip_car_ADE_train_00002093,original,original,data/edits/spurious_flip_control/orig/sflip_sofa_ADE_train_00000693.jpg,data/edits/spurious_flip_control/orig/sflip_car_ADE_train_00002093.jpg,5,False,SCIENTIFIC_SET_COLLISION
AHASH_NEAR_DUPLICATE,specificity_v1_94,specificity_v1_94,sflip_sofa_ADE_train_00000693,sflip_car_ADE_train_00002093,original,edited,data/edits/spurious_flip_control/orig/sflip_sofa_ADE_train_00000693.jpg,data/edits/spurious_flip_control/sflip_car_ADE_train_00002093.jpg,5,False,SCIENTIFIC_SET_COLLISION
AHASH_NEAR_DUPLICATE,specificity_v1_94,specificity_v1_94,sflip_sofa_ADE_train_00000693,sflip_car_ADE_train_00002093,edited,original,data/edits/spurious_flip_control/sflip_sofa_ADE_train_00000693.jpg,data/edits/spurious_flip_control/orig/sflip_car_ADE_train_00002093.jpg,5,False,SCIENTIFIC_SET_COLLISION
AHASH_NEAR_DUPLICATE,specificity_v1_94,specificity_v1_94,sflip_sofa_ADE_train_00000693,sflip_car_ADE_train_00002093,edited,edited,data/edits/spurious_flip_control/sflip_sofa_ADE_train_00000693.jpg,data/edits/spurious_flip_control/sflip_car_ADE_train_00002093.jpg,5,False,SCIENTIFIC_SET_COLLISION
AHASH_NEAR_DUPLICATE,specificity_v1_94,specificity_v1_94,sflip_sofa_ADE_train_00000693,sflip_chair_ADE_train_00000753,original,original,data/edits/spurious_flip_control/orig/sflip_sofa_ADE_train_00000693.jpg,data/edits/spurious_flip_control/orig/sflip_chair_ADE_train_00000753.jpg,6,False,SCIENTIFIC_SET_COLLISION
AHASH_NEAR_DUPLICATE,specificity_v1_94,specificity_v1_94,sflip_sofa_ADE_train_00000693,sflip_chair_ADE_train_00000753,original,edited,data/edits/spurious_flip_control/orig/sflip_sofa_ADE_train_00000693.jpg,data/edits/spurious_flip_control/sflip_chair_ADE_train_00000753.jpg,6,False,SCIENTIFIC_SET_COLLISION
AHASH_NEAR_DUPLICATE,specificity_v1_94,specificity_v1_94,sflip_sofa_ADE_train_00000693,sflip_chair_ADE_train_00000753,edited,original,data/edits/spurious_flip_control/sflip_sofa_ADE_train_00000693.jpg,data/edits/spurious_flip_control/orig/sflip_chair_ADE_train_00000753.jpg,6,False,SCIENTIFIC_SET_COLLISION
AHASH_NEAR_DUPLICATE,specificity_v1_94,specificity_v1_94,sflip_sofa_ADE_train_00000693,sflip_chair_ADE_train_00000753,edited,edited,data/edits/spurious_flip_control/sflip_sofa_ADE_train_00000693.jpg,data/edits/spurious_flip_control/sflip_chair_ADE_train_00000753.jpg,6,False,SCIENTIFIC_SET_COLLISION
AHASH_NEAR_DUPLICATE,specificity_v1_94,specificity_v1_94,sflip_sofa_ADE_train_00000693,sflip_sofa_ADE_train_00000719,original,original,data/edits/spurious_flip_control/orig/sflip_sofa_ADE_train_00000693.jpg,data/edits/spurious_flip_control/orig/sflip_sofa_ADE_train_00000719.jpg,6,False,SCIENTIFIC_SET_COLLISION
AHASH_NEAR_DUPLICATE,specificity_v1_94,specificity_v1_94,sflip_sofa_ADE_train_00000693,sflip_sofa_ADE_train_00000719,original,edited,data/edits/spurious_flip_control/orig/sflip_sofa_ADE_train_00000693.jpg,data/edits/spurious_flip_control/sflip_sofa_ADE_train_00000719.jpg,6,False,SCIENTIFIC_SET_COLLISION
AHASH_NEAR_DUPLICATE,specificity_v1_94,specificity_v1_94,sflip_sofa_ADE_train_00000693,sflip_sofa_ADE_train_00000719,edited,original,data/edits/spurious_flip_control/sflip_sofa_ADE_train_00000693.jpg,data/edits/spurious_flip_control/orig/sflip_sofa_ADE_train_00000719.jpg,6,False,SCIENTIFIC_SET_COLLISION
AHASH_NEAR_DUPLICATE,specificity_v1_94,specificity_v1_94,sflip_sofa_ADE_train_00000693,sflip_sofa_ADE_train_00000719,edited,edited,data/edits/spurious_flip_control/sflip_sofa_ADE_train_00000693.jpg,data/edits/spurious_flip_control/sflip_sofa_ADE_train_00000719.jpg,6,False,SCIENTIFIC_SET_COLLISION
AHASH_NEAR_DUPLICATE,specificity_v1_94,specificity_v1_94,sflip_sofa_ADE_train_00000719,sflip_car_ADE_train_00002039,original,original,data/edits/spurious_flip_control/orig/sflip_sofa_ADE_train_00000719.jpg,data/edits/spurious_flip_control/orig/sflip_car_ADE_train_00002039.jpg,5,False,SCIENTIFIC_SET_COLLISION
AHASH_NEAR_DUPLICATE,specificity_v1_94,specificity_v1_94,sflip_sofa_ADE_train_00000719,sflip_car_ADE_train_00002039,original,edited,data/edits/spurious_flip_control/orig/sflip_sofa_ADE_train_00000719.jpg,data/edits/spurious_flip_control/sflip_car_ADE_train_00002039.jpg,5,False,SCIENTIFIC_SET_COLLISION
AHASH_NEAR_DUPLICATE,specificity_v1_94,specificity_v1_94,sflip_sofa_ADE_train_00000719,sflip_car_ADE_train_00002039,edited,original,data/edits/spurious_flip_control/sflip_sofa_ADE_train_00000719.jpg,data/edits/spurious_flip_control/orig/sflip_car_ADE_train_00002039.jpg,5,False,SCIENTIFIC_SET_COLLISION
AHASH_NEAR_DUPLICATE,specificity_v1_94,specificity_v1_94,sflip_sofa_ADE_train_00000719,sflip_car_ADE_train_00002039,edited,edited,data/edits/spurious_flip_control/sflip_sofa_ADE_train_00000719.jpg,data/edits/spurious_flip_control/sflip_car_ADE_train_00002039.jpg,5,False,SCIENTIFIC_SET_COLLISION
AHASH_NEAR_DUPLICATE,specificity_v1_94,specificity_v1_94,sflip_table_ADE_train_00000218,sflip_sofa_ADE_train_00000740,original,original,data/edits/spurious_flip_control/orig/sflip_table_ADE_train_00000218.jpg,data/edits/spurious_flip_control/orig/sflip_sofa_ADE_train_00000740.jpg,6,False,SCIENTIFIC_SET_COLLISION
AHASH_NEAR_DUPLICATE,specificity_v1_94,specificity_v1_94,sflip_table_ADE_train_00000218,sflip_sofa_ADE_train_00000740,original,edited,data/edits/spurious_flip_control/orig/sflip_table_ADE_train_00000218.jpg,data/edits/spurious_flip_control/sflip_sofa_ADE_train_00000740.jpg,6,False,SCIENTIFIC_SET_COLLISION
AHASH_NEAR_DUPLICATE,specificity_v1_94,specificity_v2_30,sflip_car_ADE_train_00002034,sflip_car_ADE_train_00002034,original,original,data/edits/spurious_flip_control/orig/sflip_car_ADE_train_00002034.jpg,data/edits/spurious_v2_control/images/orig/sflip_car_ADE_train_00002034.jpg,0,False,KNOWN_V2_RETROSPECTIVE_REUSE
AHASH_NEAR_DUPLICATE,specificity_v1_94,specificity_v2_30,sflip_car_ADE_train_00002034,sflip_car_ADE_train_00002034,original,edited,data/edits/spurious_flip_control/orig/sflip_car_ADE_train_00002034.jpg,data/edits/spurious_v2_control/images/control/sflip_car_ADE_train_00002034.jpg,0,False,KNOWN_V2_RETROSPECTIVE_REUSE
AHASH_NEAR_DUPLICATE,specificity_v1_94,specificity_v2_30,sflip_car_ADE_train_00002034,sflip_car_ADE_train_00002034,edited,original,data/edits/spurious_flip_control/sflip_car_ADE_train_00002034.jpg,data/edits/spurious_v2_control/images/orig/sflip_car_ADE_train_00002034.jpg,0,False,KNOWN_V2_RETROSPECTIVE_REUSE
AHASH_NEAR_DUPLICATE,specificity_v1_94,specificity_v2_30,sflip_car_ADE_train_00002034,sflip_car_ADE_train_00002034,edited,edited,data/edits/spurious_flip_control/sflip_car_ADE_train_00002034.jpg,data/edits/spurious_v2_control/images/control/sflip_car_ADE_train_00002034.jpg,0,False,KNOWN_V2_RETROSPECTIVE_REUSE
AHASH_NEAR_DUPLICATE,specificity_v1_94,specificity_v2_30,sflip_car_ADE_train_00002093,sflip_sofa_ADE_train_00000693,original,original,data/edits/spurious_flip_control/orig/sflip_car_ADE_train_00002093.jpg,data/edits/spurious_v2_control/images/orig/sflip_sofa_ADE_train_00000693.jpg,5,False,KNOWN_V2_RETROSPECTIVE_REUSE
AHASH_NEAR_DUPLICATE,specificity_v1_94,specificity_v2_30,sflip_car_ADE_train_00002093,sflip_sofa_ADE_train_00000693,original,edited,data/edits/spurious_flip_control/orig/sflip_car_ADE_train_00002093.jpg,data/edits/spurious_v2_control/images/control/sflip_sofa_ADE_train_00000693.jpg,5,False,KNOWN_V2_RETROSPECTIVE_REUSE
AHASH_NEAR_DUPLICATE,specificity_v1_94,specificity_v2_30,sflip_car_ADE_train_00002093,sflip_sofa_ADE_train_00000693,edited,original,data/edits/spurious_flip_control/sflip_car_ADE_train_00002093.jpg,data/edits/spurious_v2_control/images/orig/sflip_sofa_ADE_train_00000693.jpg,5,False,KNOWN_V2_RETROSPECTIVE_REUSE
AHASH_NEAR_DUPLICATE,specificity_v1_94,specificity_v2_30,sflip_car_ADE_train_00002093,sflip_sofa_ADE_train_00000693,edited,edited,data/edits/spurious_flip_control/sflip_car_ADE_train_00002093.jpg,data/edits/spurious_v2_control/images/control/sflip_sofa_ADE_train_00000693.jpg,5,False,KNOWN_V2_RETROSPECTIVE_REUSE
AHASH_NEAR_DUPLICATE,specificity_v1_94,specificity_v2_30,sflip_car_ADE_train_00004304,sflip_car_ADE_train_00004304,original,original,data/edits/spurious_flip_control/orig/sflip_car_ADE_train_00004304.jpg,data/edits/spurious_v2_control/images/orig/sflip_car_ADE_train_00004304.jpg,0,False,KNOWN_V2_RETROSPECTIVE_REUSE
AHASH_NEAR_DUPLICATE,specificity_v1_94,specificity_v2_30,sflip_car_ADE_train_00004304,sflip_car_ADE_train_00004304,original,edited,data/edits/spurious_flip_control/orig/sflip_car_ADE_train_00004304.jpg,data/edits/spurious_v2_control/images/control/sflip_car_ADE_train_00004304.jpg,0,False,KNOWN_V2_RETROSPECTIVE_REUSE
AHASH_NEAR_DUPLICATE,specificity_v1_94,specificity_v2_30,sflip_car_ADE_train_00004304,sflip_car_ADE_train_00004304,edited,original,data/edits/spurious_flip_control/sflip_car_ADE_train_00004304.jpg,data/edits/spurious_v2_control/images/orig/sflip_car_ADE_train_00004304.jpg,0,False,KNOWN_V2_RETROSPECTIVE_REUSE
AHASH_NEAR_DUPLICATE,specificity_v1_94,specificity_v2_30,sflip_car_ADE_train_00004304,sflip_car_ADE_train_00004304,edited,edited,data/edits/spurious_flip_control/sflip_car_ADE_train_00004304.jpg,data/edits/spurious_v2_control/images/control/sflip_car_ADE_train_00004304.jpg,0,False,KNOWN_V2_RETROSPECTIVE_REUSE
AHASH_NEAR_DUPLICATE,specificity_v1_94,specificity_v2_30,sflip_car_ADE_train_00004561,sflip_car_ADE_train_00004561,original,original,data/edits/spurious_flip_control/orig/sflip_car_ADE_train_00004561.jpg,data/edits/spurious_v2_control/images/orig/sflip_car_ADE_train_00004561.jpg,0,False,KNOWN_V2_RETROSPECTIVE_REUSE
AHASH_NEAR_DUPLICATE,specificity_v1_94,specificity_v2_30,sflip_car_ADE_train_00004561,sflip_car_ADE_train_00004561,original,edited,data/edits/spurious_flip_control/orig/sflip_car_ADE_train_00004561.jpg,data/edits/spurious_v2_control/images/control/sflip_car_ADE_train_00004561.jpg,0,False,KNOWN_V2_RETROSPECTIVE_REUSE
AHASH_NEAR_DUPLICATE,specificity_v1_94,specificity_v2_30,sflip_car_ADE_train_00004561,sflip_car_ADE_train_00004561,edited,original,data/edits/spurious_flip_control/sflip_car_ADE_train_00004561.jpg,data/edits/spurious_v2_control/images/orig/sflip_car_ADE_train_00004561.jpg,0,False,KNOWN_V2_RETROSPECTIVE_REUSE
AHASH_NEAR_DUPLICATE,specificity_v1_94,specificity_v2_30,sflip_car_ADE_train_00004561,sflip_car_ADE_train_00004561,edited,edited,data/edits/spurious_flip_control/sflip_car_ADE_train_00004561.jpg,data/edits/spurious_v2_control/images/control/sflip_car_ADE_train_00004561.jpg,0,False,KNOWN_V2_RETROSPECTIVE_REUSE
AHASH_NEAR_DUPLICATE,specificity_v1_94,specificity_v2_30,sflip_chair_ADE_train_00000194,sflip_chair_ADE_train_00000194,original,original,data/edits/spurious_flip_control/orig/sflip_chair_ADE_train_00000194.jpg,data/edits/spurious_v2_control/images/orig/sflip_chair_ADE_train_00000194.jpg,0,False,KNOWN_V2_RETROSPECTIVE_REUSE
AHASH_NEAR_DUPLICATE,specificity_v1_94,specificity_v2_30,sflip_chair_ADE_train_00000194,sflip_chair_ADE_train_00000194,original,edited,data/edits/spurious_flip_control/orig/sflip_chair_ADE_train_00000194.jpg,data/edits/spurious_v2_control/images/control/sflip_chair_ADE_train_00000194.jpg,2,False,KNOWN_V2_RETROSPECTIVE_REUSE
AHASH_NEAR_DUPLICATE,specificity_v1_94,specificity_v2_30,sflip_chair_ADE_train_00000194,sflip_chair_ADE_train_00000194,edited,original,data/edits/spurious_flip_control/sflip_chair_ADE_train_00000194.jpg,data/edits/spurious_v2_control/images/orig/sflip_chair_ADE_train_00000194.jpg,2,False,KNOWN_V2_RETROSPECTIVE_REUSE
AHASH_NEAR_DUPLICATE,specificity_v1_94,specificity_v2_30,sflip_chair_ADE_train_00000194,sflip_chair_ADE_train_00000194,edited,edited,data/edits/spurious_flip_control/sflip_chair_ADE_train_00000194.jpg,data/edits/spurious_v2_control/images/control/sflip_chair_ADE_train_00000194.jpg,0,False,KNOWN_V2_RETROSPECTIVE_REUSE
AHASH_NEAR_DUPLICATE,specificity_v1_94,specificity_v2_30,sflip_chair_ADE_train_00000374,sflip_chair_ADE_train_00000374,original,original,data/edits/spurious_flip_control/orig/sflip_chair_ADE_train_00000374.jpg,data/edits/spurious_v2_control/images/orig/sflip_chair_ADE_train_00000374.jpg,0,False,KNOWN_V2_RETROSPECTIVE_REUSE
AHASH_NEAR_DUPLICATE,specificity_v1_94,specificity_v2_30,sflip_chair_ADE_train_00000374,sflip_chair_ADE_train_00000374,original,edited,data/edits/spurious_flip_control/orig/sflip_chair_ADE_train_00000374.jpg,data/edits/spurious_v2_control/images/control/sflip_chair_ADE_train_00000374.jpg,1,False,KNOWN_V2_RETROSPECTIVE_REUSE
AHASH_NEAR_DUPLICATE,specificity_v1_94,specificity_v2_30,sflip_chair_ADE_train_00000374,sflip_chair_ADE_train_00000374,edited,original,data/edits/spurious_flip_control/sflip_chair_ADE_train_00000374.jpg,data/edits/spurious_v2_control/images/orig/sflip_chair_ADE_train_00000374.jpg,1,False,KNOWN_V2_RETROSPECTIVE_REUSE
AHASH_NEAR_DUPLICATE,specificity_v1_94,specificity_v2_30,sflip_chair_ADE_train_00000374,sflip_chair_ADE_train_00000374,edited,edited,data/edits/spurious_flip_control/sflip_chair_ADE_train_00000374.jpg,data/edits/spurious_v2_control/images/control/sflip_chair_ADE_train_00000374.jpg,0,False,KNOWN_V2_RETROSPECTIVE_REUSE
AHASH_NEAR_DUPLICATE,specificity_v1_94,specificity_v2_30,sflip_chair_ADE_train_00000469,sflip_chair_ADE_train_00000469,original,original,data/edits/spurious_flip_control/orig/sflip_chair_ADE_train_00000469.jpg,data/edits/spurious_v2_control/images/orig/sflip_chair_ADE_train_00000469.jpg,0,False,KNOWN_V2_RETROSPECTIVE_REUSE
AHASH_NEAR_DUPLICATE,specificity_v1_94,specificity_v2_30,sflip_chair_ADE_train_00000469,sflip_chair_ADE_train_00000469,original,edited,data/edits/spurious_flip_control/orig/sflip_chair_ADE_train_00000469.jpg,data/edits/spurious_v2_control/images/control/sflip_chair_ADE_train_00000469.jpg,0,False,KNOWN_V2_RETROSPECTIVE_REUSE
AHASH_NEAR_DUPLICATE,specificity_v1_94,specificity_v2_30,sflip_chair_ADE_train_00000469,sflip_chair_ADE_train_00000469,edited,original,data/edits/spurious_flip_control/sflip_chair_ADE_train_00000469.jpg,data/edits/spurious_v2_control/images/orig/sflip_chair_ADE_train_00000469.jpg,0,False,KNOWN_V2_RETROSPECTIVE_REUSE
AHASH_NEAR_DUPLICATE,specificity_v1_94,specificity_v2_30,sflip_chair_ADE_train_00000469,sflip_chair_ADE_train_00000469,edited,edited,data/edits/spurious_flip_control/sflip_chair_ADE_train_00000469.jpg,data/edits/spurious_v2_control/images/control/sflip_chair_ADE_train_00000469.jpg,0,False,KNOWN_V2_RETROSPECTIVE_REUSE
AHASH_NEAR_DUPLICATE,specificity_v1_94,specificity_v2_30,sflip_chair_ADE_train_00000622,sflip_chair_ADE_train_00000622,original,original,data/edits/spurious_flip_control/orig/sflip_chair_ADE_train_00000622.jpg,data/edits/spurious_v2_control/images/orig/sflip_chair_ADE_train_00000622.jpg,0,False,KNOWN_V2_RETROSPECTIVE_REUSE
AHASH_NEAR_DUPLICATE,specificity_v1_94,specificity_v2_30,sflip_chair_ADE_train_00000622,sflip_chair_ADE_train_00000622,original,edited,data/edits/spurious_flip_control/orig/sflip_chair_ADE_train_00000622.jpg,data/edits/spurious_v2_control/images/control/sflip_chair_ADE_train_00000622.jpg,1,False,KNOWN_V2_RETROSPECTIVE_REUSE
AHASH_NEAR_DUPLICATE,specificity_v1_94,specificity_v2_30,sflip_chair_ADE_train_00000622,sflip_chair_ADE_train_00000622,edited,original,data/edits/spurious_flip_control/sflip_chair_ADE_train_00000622.jpg,data/edits/spurious_v2_control/images/orig/sflip_chair_ADE_train_00000622.jpg,1,False,KNOWN_V2_RETROSPECTIVE_REUSE
AHASH_NEAR_DUPLICATE,specificity_v1_94,specificity_v2_30,sflip_chair_ADE_train_00000622,sflip_chair_ADE_train_00000622,edited,edited,data/edits/spurious_flip_control/sflip_chair_ADE_train_00000622.jpg,data/edits/spurious_v2_control/images/control/sflip_chair_ADE_train_00000622.jpg,0,False,KNOWN_V2_RETROSPECTIVE_REUSE
AHASH_NEAR_DUPLICATE,specificity_v1_94,specificity_v2_30,sflip_chair_ADE_train_00000630,sflip_chair_ADE_train_00000630,original,original,data/edits/spurious_flip_control/orig/sflip_chair_ADE_train_00000630.jpg,data/edits/spurious_v2_control/images/orig/sflip_chair_ADE_train_00000630.jpg,0,False,KNOWN_V2_RETROSPECTIVE_REUSE
AHASH_NEAR_DUPLICATE,specificity_v1_94,specificity_v2_30,sflip_chair_ADE_train_00000630,sflip_chair_ADE_train_00000630,original,edited,data/edits/spurious_flip_control/orig/sflip_chair_ADE_train_00000630.jpg,data/edits/spurious_v2_control/images/control/sflip_chair_ADE_train_00000630.jpg,0,False,KNOWN_V2_RETROSPECTIVE_REUSE
AHASH_NEAR_DUPLICATE,specificity_v1_94,specificity_v2_30,sflip_chair_ADE_train_00000630,sflip_chair_ADE_train_00000630,edited,original,data/edits/spurious_flip_control/sflip_chair_ADE_train_00000630.jpg,data/edits/spurious_v2_control/images/orig/sflip_chair_ADE_train_00000630.jpg,0,False,KNOWN_V2_RETROSPECTIVE_REUSE
AHASH_NEAR_DUPLICATE,specificity_v1_94,specificity_v2_30,sflip_chair_ADE_train_00000630,sflip_chair_ADE_train_00000630,edited,edited,data/edits/spurious_flip_control/sflip_chair_ADE_train_00000630.jpg,data/edits/spurious_v2_control/images/control/sflip_chair_ADE_train_00000630.jpg,0,False,KNOWN_V2_RETROSPECTIVE_REUSE
AHASH_NEAR_DUPLICATE,specificity_v1_94,specificity_v2_30,sflip_chair_ADE_train_00000728,sflip_chair_ADE_train_00000728,original,original,data/edits/spurious_flip_control/orig/sflip_chair_ADE_train_00000728.jpg,data/edits/spurious_v2_control/images/orig/sflip_chair_ADE_train_00000728.jpg,0,False,KNOWN_V2_RETROSPECTIVE_REUSE
AHASH_NEAR_DUPLICATE,specificity_v1_94,specificity_v2_30,sflip_chair_ADE_train_00000728,sflip_chair_ADE_train_00000728,original,edited,data/edits/spurious_flip_control/orig/sflip_chair_ADE_train_00000728.jpg,data/edits/spurious_v2_control/images/control/sflip_chair_ADE_train_00000728.jpg,1,False,KNOWN_V2_RETROSPECTIVE_REUSE
AHASH_NEAR_DUPLICATE,specificity_v1_94,specificity_v2_30,sflip_chair_ADE_train_00000728,sflip_chair_ADE_train_00000728,edited,original,data/edits/spurious_flip_control/sflip_chair_ADE_train_00000728.jpg,data/edits/spurious_v2_control/images/orig/sflip_chair_ADE_train_00000728.jpg,1,False,KNOWN_V2_RETROSPECTIVE_REUSE
AHASH_NEAR_DUPLICATE,specificity_v1_94,specificity_v2_30,sflip_chair_ADE_train_00000728,sflip_chair_ADE_train_00000728,edited,edited,data/edits/spurious_flip_control/sflip_chair_ADE_train_00000728.jpg,data/edits/spurious_v2_control/images/control/sflip_chair_ADE_train_00000728.jpg,0,False,KNOWN_V2_RETROSPECTIVE_REUSE
AHASH_NEAR_DUPLICATE,specificity_v1_94,specificity_v2_30,sflip_chair_ADE_train_00000753,sflip_sofa_ADE_train_00000693,original,original,data/edits/spurious_flip_control/orig/sflip_chair_ADE_train_00000753.jpg,data/edits/spurious_v2_control/images/orig/sflip_sofa_ADE_train_00000693.jpg,6,False,KNOWN_V2_RETROSPECTIVE_REUSE
AHASH_NEAR_DUPLICATE,specificity_v1_94,specificity_v2_30,sflip_chair_ADE_train_00000753,sflip_sofa_ADE_train_00000693,original,edited,data/edits/spurious_flip_control/orig/sflip_chair_ADE_train_00000753.jpg,data/edits/spurious_v2_control/images/control/sflip_sofa_ADE_train_00000693.jpg,6,False,KNOWN_V2_RETROSPECTIVE_REUSE
AHASH_NEAR_DUPLICATE,specificity_v1_94,specificity_v2_30,sflip_chair_ADE_train_00000753,sflip_sofa_ADE_train_00000693,edited,original,data/edits/spurious_flip_control/sflip_chair_ADE_train_00000753.jpg,data/edits/spurious_v2_control/images/orig/sflip_sofa_ADE_train_00000693.jpg,6,False,KNOWN_V2_RETROSPECTIVE_REUSE
AHASH_NEAR_DUPLICATE,specificity_v1_94,specificity_v2_30,sflip_chair_ADE_train_00000753,sflip_sofa_ADE_train_00000693,edited,edited,data/edits/spurious_flip_control/sflip_chair_ADE_train_00000753.jpg,data/edits/spurious_v2_control/images/control/sflip_sofa_ADE_train_00000693.jpg,6,False,KNOWN_V2_RETROSPECTIVE_REUSE
AHASH_NEAR_DUPLICATE,specificity_v1_94,specificity_v2_30,sflip_chair_ADE_train_00000928,sflip_chair_ADE_train_00000928,original,original,data/edits/spurious_flip_control/orig/sflip_chair_ADE_train_00000928.jpg,data/edits/spurious_v2_control/images/orig/sflip_chair_ADE_train_00000928.jpg,0,False,KNOWN_V2_RETROSPECTIVE_REUSE
AHASH_NEAR_DUPLICATE,specificity_v1_94,specificity_v2_30,sflip_chair_ADE_train_00000928,sflip_chair_ADE_train_00000928,original,edited,data/edits/spurious_flip_control/orig/sflip_chair_ADE_train_00000928.jpg,data/edits/spurious_v2_control/images/control/sflip_chair_ADE_train_00000928.jpg,0,False,KNOWN_V2_RETROSPECTIVE_REUSE
AHASH_NEAR_DUPLICATE,specificity_v1_94,specificity_v2_30,sflip_chair_ADE_train_00000928,sflip_chair_ADE_train_00000928,edited,original,data/edits/spurious_flip_control/sflip_chair_ADE_train_00000928.jpg,data/edits/spurious_v2_control/images/orig/sflip_chair_ADE_train_00000928.jpg,0,False,KNOWN_V2_RETROSPECTIVE_REUSE
AHASH_NEAR_DUPLICATE,specificity_v1_94,specificity_v2_30,sflip_chair_ADE_train_00000928,sflip_chair_ADE_train_00000928,edited,edited,data/edits/spurious_flip_control/sflip_chair_ADE_train_00000928.jpg,data/edits/spurious_v2_control/images/control/sflip_chair_ADE_train_00000928.jpg,0,False,KNOWN_V2_RETROSPECTIVE_REUSE
AHASH_NEAR_DUPLICATE,specificity_v1_94,specificity_v2_30,sflip_chair_ADE_train_00001105,sflip_chair_ADE_train_00001105,original,original,data/edits/spurious_flip_control/orig/sflip_chair_ADE_train_00001105.jpg,data/edits/spurious_v2_control/images/orig/sflip_chair_ADE_train_00001105.jpg,0,False,KNOWN_V2_RETROSPECTIVE_REUSE
AHASH_NEAR_DUPLICATE,specificity_v1_94,specificity_v2_30,sflip_chair_ADE_train_00001105,sflip_chair_ADE_train_00001105,original,edited,data/edits/spurious_flip_control/orig/sflip_chair_ADE_train_00001105.jpg,data/edits/spurious_v2_control/images/control/sflip_chair_ADE_train_00001105.jpg,2,False,KNOWN_V2_RETROSPECTIVE_REUSE
AHASH_NEAR_DUPLICATE,specificity_v1_94,specificity_v2_30,sflip_chair_ADE_train_00001105,sflip_chair_ADE_train_00001105,edited,original,data/edits/spurious_flip_control/sflip_chair_ADE_train_00001105.jpg,data/edits/spurious_v2_control/images/orig/sflip_chair_ADE_train_00001105.jpg,2,False,KNOWN_V2_RETROSPECTIVE_REUSE
AHASH_NEAR_DUPLICATE,specificity_v1_94,specificity_v2_30,sflip_chair_ADE_train_00001105,sflip_chair_ADE_train_00001105,edited,edited,data/edits/spurious_flip_control/sflip_chair_ADE_train_00001105.jpg,data/edits/spurious_v2_control/images/control/sflip_chair_ADE_train_00001105.jpg,0,False,KNOWN_V2_RETROSPECTIVE_REUSE
AHASH_NEAR_DUPLICATE,specificity_v1_94,specificity_v2_30,sflip_sofa_ADE_train_00000653,sflip_sofa_ADE_train_00000653,original,original,data/edits/spurious_flip_control/orig/sflip_sofa_ADE_train_00000653.jpg,data/edits/spurious_v2_control/images/orig/sflip_sofa_ADE_train_00000653.jpg,0,False,KNOWN_V2_RETROSPECTIVE_REUSE
AHASH_NEAR_DUPLICATE,specificity_v1_94,specificity_v2_30,sflip_sofa_ADE_train_00000653,sflip_sofa_ADE_train_00000653,original,edited,data/edits/spurious_flip_control/orig/sflip_sofa_ADE_train_00000653.jpg,data/edits/spurious_v2_control/images/control/sflip_sofa_ADE_train_00000653.jpg,0,False,KNOWN_V2_RETROSPECTIVE_REUSE
AHASH_NEAR_DUPLICATE,specificity_v1_94,specificity_v2_30,sflip_sofa_ADE_train_00000653,sflip_sofa_ADE_train_00000653,edited,original,data/edits/spurious_flip_control/sflip_sofa_ADE_train_00000653.jpg,data/edits/spurious_v2_control/images/orig/sflip_sofa_ADE_train_00000653.jpg,0,False,KNOWN_V2_RETROSPECTIVE_REUSE
AHASH_NEAR_DUPLICATE,specificity_v1_94,specificity_v2_30,sflip_sofa_ADE_train_00000653,sflip_sofa_ADE_train_00000653,edited,edited,data/edits/spurious_flip_control/sflip_sofa_ADE_train_00000653.jpg,data/edits/spurious_v2_control/images/control/sflip_sofa_ADE_train_00000653.jpg,0,False,KNOWN_V2_RETROSPECTIVE_REUSE
AHASH_NEAR_DUPLICATE,specificity_v1_94,specificity_v2_30,sflip_sofa_ADE_train_00000668,sflip_sofa_ADE_train_00000668,original,original,data/edits/spurious_flip_control/orig/sflip_sofa_ADE_train_00000668.jpg,data/edits/spurious_v2_control/images/orig/sflip_sofa_ADE_train_00000668.jpg,0,False,KNOWN_V2_RETROSPECTIVE_REUSE
AHASH_NEAR_DUPLICATE,specificity_v1_94,specificity_v2_30,sflip_sofa_ADE_train_00000668,sflip_sofa_ADE_train_00000668,original,edited,data/edits/spurious_flip_control/orig/sflip_sofa_ADE_train_00000668.jpg,data/edits/spurious_v2_control/images/control/sflip_sofa_ADE_train_00000668.jpg,2,False,KNOWN_V2_RETROSPECTIVE_REUSE
AHASH_NEAR_DUPLICATE,specificity_v1_94,specificity_v2_30,sflip_sofa_ADE_train_00000668,sflip_sofa_ADE_train_00000668,edited,original,data/edits/spurious_flip_control/sflip_sofa_ADE_train_00000668.jpg,data/edits/spurious_v2_control/images/orig/sflip_sofa_ADE_train_00000668.jpg,2,False,KNOWN_V2_RETROSPECTIVE_REUSE
AHASH_NEAR_DUPLICATE,specificity_v1_94,specificity_v2_30,sflip_sofa_ADE_train_00000668,sflip_sofa_ADE_train_00000668,edited,edited,data/edits/spurious_flip_control/sflip_sofa_ADE_train_00000668.jpg,data/edits/spurious_v2_control/images/control/sflip_sofa_ADE_train_00000668.jpg,0,False,KNOWN_V2_RETROSPECTIVE_REUSE
AHASH_NEAR_DUPLICATE,specificity_v1_94,specificity_v2_30,sflip_sofa_ADE_train_00000671,sflip_sofa_ADE_train_00000671,original,original,data/edits/spurious_flip_control/orig/sflip_sofa_ADE_train_00000671.jpg,data/edits/spurious_v2_control/images/orig/sflip_sofa_ADE_train_00000671.jpg,0,False,KNOWN_V2_RETROSPECTIVE_REUSE
AHASH_NEAR_DUPLICATE,specificity_v1_94,specificity_v2_30,sflip_sofa_ADE_train_00000671,sflip_sofa_ADE_train_00000671,original,edited,data/edits/spurious_flip_control/orig/sflip_sofa_ADE_train_00000671.jpg,data/edits/spurious_v2_control/images/control/sflip_sofa_ADE_train_00000671.jpg,0,False,KNOWN_V2_RETROSPECTIVE_REUSE
AHASH_NEAR_DUPLICATE,specificity_v1_94,specificity_v2_30,sflip_sofa_ADE_train_00000671,sflip_sofa_ADE_train_00000671,edited,original,data/edits/spurious_flip_control/sflip_sofa_ADE_train_00000671.jpg,data/edits/spurious_v2_control/images/orig/sflip_sofa_ADE_train_00000671.jpg,0,False,KNOWN_V2_RETROSPECTIVE_REUSE
AHASH_NEAR_DUPLICATE,specificity_v1_94,specificity_v2_30,sflip_sofa_ADE_train_00000671,sflip_sofa_ADE_train_00000671,edited,edited,data/edits/spurious_flip_control/sflip_sofa_ADE_train_00000671.jpg,data/edits/spurious_v2_control/images/control/sflip_sofa_ADE_train_00000671.jpg,0,False,KNOWN_V2_RETROSPECTIVE_REUSE
AHASH_NEAR_DUPLICATE,specificity_v1_94,specificity_v2_30,sflip_sofa_ADE_train_00000675,sflip_sofa_ADE_train_00000675,original,original,data/edits/spurious_flip_control/orig/sflip_sofa_ADE_train_00000675.jpg,data/edits/spurious_v2_control/images/orig/sflip_sofa_ADE_train_00000675.jpg,0,False,KNOWN_V2_RETROSPECTIVE_REUSE
AHASH_NEAR_DUPLICATE,specificity_v1_94,specificity_v2_30,sflip_sofa_ADE_train_00000675,sflip_sofa_ADE_train_00000675,original,edited,data/edits/spurious_flip_control/orig/sflip_sofa_ADE_train_00000675.jpg,data/edits/spurious_v2_control/images/control/sflip_sofa_ADE_train_00000675.jpg,1,False,KNOWN_V2_RETROSPECTIVE_REUSE
AHASH_NEAR_DUPLICATE,specificity_v1_94,specificity_v2_30,sflip_sofa_ADE_train_00000675,sflip_sofa_ADE_train_00000675,edited,original,data/edits/spurious_flip_control/sflip_sofa_ADE_train_00000675.jpg,data/edits/spurious_v2_control/images/orig/sflip_sofa_ADE_train_00000675.jpg,1,False,KNOWN_V2_RETROSPECTIVE_REUSE
AHASH_NEAR_DUPLICATE,specificity_v1_94,specificity_v2_30,sflip_sofa_ADE_train_00000675,sflip_sofa_ADE_train_00000675,edited,edited,data/edits/spurious_flip_control/sflip_sofa_ADE_train_00000675.jpg,data/edits/spurious_v2_control/images/control/sflip_sofa_ADE_train_00000675.jpg,0,False,KNOWN_V2_RETROSPECTIVE_REUSE
AHASH_NEAR_DUPLICATE,specificity_v1_94,specificity_v2_30,sflip_sofa_ADE_train_00000688,sflip_sofa_ADE_train_00000688,original,original,data/edits/spurious_flip_control/orig/sflip_sofa_ADE_train_00000688.jpg,data/edits/spurious_v2_control/images/orig/sflip_sofa_ADE_train_00000688.jpg,0,False,KNOWN_V2_RETROSPECTIVE_REUSE
AHASH_NEAR_DUPLICATE,specificity_v1_94,specificity_v2_30,sflip_sofa_ADE_train_00000688,sflip_sofa_ADE_train_00000688,original,edited,data/edits/spurious_flip_control/orig/sflip_sofa_ADE_train_00000688.jpg,data/edits/spurious_v2_control/images/control/sflip_sofa_ADE_train_00000688.jpg,0,False,KNOWN_V2_RETROSPECTIVE_REUSE
AHASH_NEAR_DUPLICATE,specificity_v1_94,specificity_v2_30,sflip_sofa_ADE_train_00000688,sflip_sofa_ADE_train_00000688,edited,original,data/edits/spurious_flip_control/sflip_sofa_ADE_train_00000688.jpg,data/edits/spurious_v2_control/images/orig/sflip_sofa_ADE_train_00000688.jpg,0,False,KNOWN_V2_RETROSPECTIVE_REUSE
AHASH_NEAR_DUPLICATE,specificity_v1_94,specificity_v2_30,sflip_sofa_ADE_train_00000688,sflip_sofa_ADE_train_00000688,edited,edited,data/edits/spurious_flip_control/sflip_sofa_ADE_train_00000688.jpg,data/edits/spurious_v2_control/images/control/sflip_sofa_ADE_train_00000688.jpg,0,False,KNOWN_V2_RETROSPECTIVE_REUSE
AHASH_NEAR_DUPLICATE,specificity_v1_94,specificity_v2_30,sflip_sofa_ADE_train_00000693,sflip_sofa_ADE_train_00000693,original,original,data/edits/spurious_flip_control/orig/sflip_sofa_ADE_train_00000693.jpg,data/edits/spurious_v2_control/images/orig/sflip_sofa_ADE_train_00000693.jpg,0,False,KNOWN_V2_RETROSPECTIVE_REUSE
AHASH_NEAR_DUPLICATE,specificity_v1_94,specificity_v2_30,sflip_sofa_ADE_train_00000693,sflip_sofa_ADE_train_00000693,original,edited,data/edits/spurious_flip_control/orig/sflip_sofa_ADE_train_00000693.jpg,data/edits/spurious_v2_control/images/control/sflip_sofa_ADE_train_00000693.jpg,0,False,KNOWN_V2_RETROSPECTIVE_REUSE
AHASH_NEAR_DUPLICATE,specificity_v1_94,specificity_v2_30,sflip_sofa_ADE_train_00000693,sflip_sofa_ADE_train_00000693,edited,original,data/edits/spurious_flip_control/sflip_sofa_ADE_train_00000693.jpg,data/edits/spurious_v2_control/images/orig/sflip_sofa_ADE_train_00000693.jpg,0,False,KNOWN_V2_RETROSPECTIVE_REUSE
AHASH_NEAR_DUPLICATE,specificity_v1_94,specificity_v2_30,sflip_sofa_ADE_train_00000693,sflip_sofa_ADE_train_00000693,edited,edited,data/edits/spurious_flip_control/sflip_sofa_ADE_train_00000693.jpg,data/edits/spurious_v2_control/images/control/sflip_sofa_ADE_train_00000693.jpg,0,False,KNOWN_V2_RETROSPECTIVE_REUSE
AHASH_NEAR_DUPLICATE,specificity_v1_94,specificity_v2_30,sflip_sofa_ADE_train_00000701,sflip_sofa_ADE_train_00000701,original,original,data/edits/spurious_flip_control/orig/sflip_sofa_ADE_train_00000701.jpg,data/edits/spurious_v2_control/images/orig/sflip_sofa_ADE_train_00000701.jpg,0,False,KNOWN_V2_RETROSPECTIVE_REUSE
AHASH_NEAR_DUPLICATE,specificity_v1_94,specificity_v2_30,sflip_sofa_ADE_train_00000701,sflip_sofa_ADE_train_00000701,original,edited,data/edits/spurious_flip_control/orig/sflip_sofa_ADE_train_00000701.jpg,data/edits/spurious_v2_control/images/control/sflip_sofa_ADE_train_00000701.jpg,0,False,KNOWN_V2_RETROSPECTIVE_REUSE
AHASH_NEAR_DUPLICATE,specificity_v1_94,specificity_v2_30,sflip_sofa_ADE_train_00000701,sflip_sofa_ADE_train_00000701,edited,original,data/edits/spurious_flip_control/sflip_sofa_ADE_train_00000701.jpg,data/edits/spurious_v2_control/images/orig/sflip_sofa_ADE_train_00000701.jpg,1,False,KNOWN_V2_RETROSPECTIVE_REUSE
AHASH_NEAR_DUPLICATE,specificity_v1_94,specificity_v2_30,sflip_sofa_ADE_train_00000701,sflip_sofa_ADE_train_00000701,edited,edited,data/edits/spurious_flip_control/sflip_sofa_ADE_train_00000701.jpg,data/edits/spurious_v2_control/images/control/sflip_sofa_ADE_train_00000701.jpg,1,False,KNOWN_V2_RETROSPECTIVE_REUSE
AHASH_NEAR_DUPLICATE,specificity_v1_94,specificity_v2_30,sflip_sofa_ADE_train_00000706,sflip_sofa_ADE_train_00000706,original,original,data/edits/spurious_flip_control/orig/sflip_sofa_ADE_train_00000706.jpg,data/edits/spurious_v2_control/images/orig/sflip_sofa_ADE_train_00000706.jpg,0,False,KNOWN_V2_RETROSPECTIVE_REUSE
AHASH_NEAR_DUPLICATE,specificity_v1_94,specificity_v2_30,sflip_sofa_ADE_train_00000706,sflip_sofa_ADE_train_00000706,original,edited,data/edits/spurious_flip_control/orig/sflip_sofa_ADE_train_00000706.jpg,data/edits/spurious_v2_control/images/control/sflip_sofa_ADE_train_00000706.jpg,2,False,KNOWN_V2_RETROSPECTIVE_REUSE
AHASH_NEAR_DUPLICATE,specificity_v1_94,specificity_v2_30,sflip_sofa_ADE_train_00000706,sflip_sofa_ADE_train_00000706,edited,original,data/edits/spurious_flip_control/sflip_sofa_ADE_train_00000706.jpg,data/edits/spurious_v2_control/images/orig/sflip_sofa_ADE_train_00000706.jpg,2,False,KNOWN_V2_RETROSPECTIVE_REUSE
AHASH_NEAR_DUPLICATE,specificity_v1_94,specificity_v2_30,sflip_sofa_ADE_train_00000706,sflip_sofa_ADE_train_00000706,edited,edited,data/edits/spurious_flip_control/sflip_sofa_ADE_train_00000706.jpg,data/edits/spurious_v2_control/images/control/sflip_sofa_ADE_train_00000706.jpg,0,False,KNOWN_V2_RETROSPECTIVE_REUSE
AHASH_NEAR_DUPLICATE,specificity_v1_94,specificity_v2_30,sflip_sofa_ADE_train_00000717,sflip_sofa_ADE_train_00000717,original,original,data/edits/spurious_flip_control/orig/sflip_sofa_ADE_train_00000717.jpg,data/edits/spurious_v2_control/images/orig/sflip_sofa_ADE_train_00000717.jpg,0,False,KNOWN_V2_RETROSPECTIVE_REUSE
AHASH_NEAR_DUPLICATE,specificity_v1_94,specificity_v2_30,sflip_sofa_ADE_train_00000717,sflip_sofa_ADE_train_00000717,original,edited,data/edits/spurious_flip_control/orig/sflip_sofa_ADE_train_00000717.jpg,data/edits/spurious_v2_control/images/control/sflip_sofa_ADE_train_00000717.jpg,0,False,KNOWN_V2_RETROSPECTIVE_REUSE
AHASH_NEAR_DUPLICATE,specificity_v1_94,specificity_v2_30,sflip_sofa_ADE_train_00000717,sflip_sofa_ADE_train_00000717,edited,original,data/edits/spurious_flip_control/sflip_sofa_ADE_train_00000717.jpg,data/edits/spurious_v2_control/images/orig/sflip_sofa_ADE_train_00000717.jpg,0,False,KNOWN_V2_RETROSPECTIVE_REUSE
AHASH_NEAR_DUPLICATE,specificity_v1_94,specificity_v2_30,sflip_sofa_ADE_train_00000717,sflip_sofa_ADE_train_00000717,edited,edited,data/edits/spurious_flip_control/sflip_sofa_ADE_train_00000717.jpg,data/edits/spurious_v2_control/images/control/sflip_sofa_ADE_train_00000717.jpg,0,False,KNOWN_V2_RETROSPECTIVE_REUSE
AHASH_NEAR_DUPLICATE,specificity_v1_94,specificity_v2_30,sflip_sofa_ADE_train_00000719,sflip_sofa_ADE_train_00000693,original,original,data/edits/spurious_flip_control/orig/sflip_sofa_ADE_train_00000719.jpg,data/edits/spurious_v2_control/images/orig/sflip_sofa_ADE_train_00000693.jpg,6,False,KNOWN_V2_RETROSPECTIVE_REUSE
AHASH_NEAR_DUPLICATE,specificity_v1_94,specificity_v2_30,sflip_sofa_ADE_train_00000719,sflip_sofa_ADE_train_00000693,original,edited,data/edits/spurious_flip_control/orig/sflip_sofa_ADE_train_00000719.jpg,data/edits/spurious_v2_control/images/control/sflip_sofa_ADE_train_00000693.jpg,6,False,KNOWN_V2_RETROSPECTIVE_REUSE
AHASH_NEAR_DUPLICATE,specificity_v1_94,specificity_v2_30,sflip_sofa_ADE_train_00000719,sflip_sofa_ADE_train_00000693,edited,original,data/edits/spurious_flip_control/sflip_sofa_ADE_train_00000719.jpg,data/edits/spurious_v2_control/images/orig/sflip_sofa_ADE_train_00000693.jpg,6,False,KNOWN_V2_RETROSPECTIVE_REUSE
AHASH_NEAR_DUPLICATE,specificity_v1_94,specificity_v2_30,sflip_sofa_ADE_train_00000719,sflip_sofa_ADE_train_00000693,edited,edited,data/edits/spurious_flip_control/sflip_sofa_ADE_train_00000719.jpg,data/edits/spurious_v2_control/images/control/sflip_sofa_ADE_train_00000693.jpg,6,False,KNOWN_V2_RETROSPECTIVE_REUSE
AHASH_NEAR_DUPLICATE,specificity_v1_94,specificity_v2_30,sflip_sofa_ADE_train_00000732,sflip_sofa_ADE_train_00000732,original,original,data/edits/spurious_flip_control/orig/sflip_sofa_ADE_train_00000732.jpg,data/edits/spurious_v2_control/images/orig/sflip_sofa_ADE_train_00000732.jpg,0,False,KNOWN_V2_RETROSPECTIVE_REUSE
AHASH_NEAR_DUPLICATE,specificity_v1_94,specificity_v2_30,sflip_sofa_ADE_train_00000732,sflip_sofa_ADE_train_00000732,original,edited,data/edits/spurious_flip_control/orig/sflip_sofa_ADE_train_00000732.jpg,data/edits/spurious_v2_control/images/control/sflip_sofa_ADE_train_00000732.jpg,1,False,KNOWN_V2_RETROSPECTIVE_REUSE
AHASH_NEAR_DUPLICATE,specificity_v1_94,specificity_v2_30,sflip_sofa_ADE_train_00000732,sflip_sofa_ADE_train_00000732,edited,original,data/edits/spurious_flip_control/sflip_sofa_ADE_train_00000732.jpg,data/edits/spurious_v2_control/images/orig/sflip_sofa_ADE_train_00000732.jpg,1,False,KNOWN_V2_RETROSPECTIVE_REUSE
AHASH_NEAR_DUPLICATE,specificity_v1_94,specificity_v2_30,sflip_sofa_ADE_train_00000732,sflip_sofa_ADE_train_00000732,edited,edited,data/edits/spurious_flip_control/sflip_sofa_ADE_train_00000732.jpg,data/edits/spurious_v2_control/images/control/sflip_sofa_ADE_train_00000732.jpg,0,False,KNOWN_V2_RETROSPECTIVE_REUSE
AHASH_NEAR_DUPLICATE,specificity_v1_94,specificity_v2_30,sflip_sofa_ADE_train_00000740,sflip_sofa_ADE_train_00000740,original,original,data/edits/spurious_flip_control/orig/sflip_sofa_ADE_train_00000740.jpg,data/edits/spurious_v2_control/images/orig/sflip_sofa_ADE_train_00000740.jpg,0,False,KNOWN_V2_RETROSPECTIVE_REUSE
AHASH_NEAR_DUPLICATE,specificity_v1_94,specificity_v2_30,sflip_sofa_ADE_train_00000740,sflip_sofa_ADE_train_00000740,original,edited,data/edits/spurious_flip_control/orig/sflip_sofa_ADE_train_00000740.jpg,data/edits/spurious_v2_control/images/control/sflip_sofa_ADE_train_00000740.jpg,0,False,KNOWN_V2_RETROSPECTIVE_REUSE
AHASH_NEAR_DUPLICATE,specificity_v1_94,specificity_v2_30,sflip_sofa_ADE_train_00000740,sflip_sofa_ADE_train_00000740,edited,original,data/edits/spurious_flip_control/sflip_sofa_ADE_train_00000740.jpg,data/edits/spurious_v2_control/images/orig/sflip_sofa_ADE_train_00000740.jpg,0,False,KNOWN_V2_RETROSPECTIVE_REUSE
AHASH_NEAR_DUPLICATE,specificity_v1_94,specificity_v2_30,sflip_sofa_ADE_train_00000740,sflip_sofa_ADE_train_00000740,edited,edited,data/edits/spurious_flip_control/sflip_sofa_ADE_train_00000740.jpg,data/edits/spurious_v2_control/images/control/sflip_sofa_ADE_train_00000740.jpg,0,False,KNOWN_V2_RETROSPECTIVE_REUSE
AHASH_NEAR_DUPLICATE,specificity_v1_94,specificity_v2_30,sflip_sofa_ADE_train_00000740,sflip_table_ADE_train_00000218,original,original,data/edits/spurious_flip_control/orig/sflip_sofa_ADE_train_00000740.jpg,data/edits/spurious_v2_control/images/orig/sflip_table_ADE_train_00000218.jpg,6,False,KNOWN_V2_RETROSPECTIVE_REUSE
AHASH_NEAR_DUPLICATE,specificity_v1_94,specificity_v2_30,sflip_sofa_ADE_train_00000740,sflip_table_ADE_train_00000218,edited,original,data/edits/spurious_flip_control/sflip_sofa_ADE_train_00000740.jpg,data/edits/spurious_v2_control/images/orig/sflip_table_ADE_train_00000218.jpg,6,False,KNOWN_V2_RETROSPECTIVE_REUSE
AHASH_NEAR_DUPLICATE,specificity_v1_94,specificity_v2_30,sflip_table_ADE_train_00000196,sflip_table_ADE_train_00000196,original,original,data/edits/spurious_flip_control/orig/sflip_table_ADE_train_00000196.jpg,data/edits/spurious_v2_control/images/orig/sflip_table_ADE_train_00000196.jpg,0,False,KNOWN_V2_RETROSPECTIVE_REUSE
AHASH_NEAR_DUPLICATE,specificity_v1_94,specificity_v2_30,sflip_table_ADE_train_00000196,sflip_table_ADE_train_00000196,original,edited,data/edits/spurious_flip_control/orig/sflip_table_ADE_train_00000196.jpg,data/edits/spurious_v2_control/images/control/sflip_table_ADE_train_00000196.jpg,1,False,KNOWN_V2_RETROSPECTIVE_REUSE
AHASH_NEAR_DUPLICATE,specificity_v1_94,specificity_v2_30,sflip_table_ADE_train_00000196,sflip_table_ADE_train_00000196,edited,original,data/edits/spurious_flip_control/sflip_table_ADE_train_00000196.jpg,data/edits/spurious_v2_control/images/orig/sflip_table_ADE_train_00000196.jpg,1,False,KNOWN_V2_RETROSPECTIVE_REUSE
AHASH_NEAR_DUPLICATE,specificity_v1_94,specificity_v2_30,sflip_table_ADE_train_00000196,sflip_table_ADE_train_00000196,edited,edited,data/edits/spurious_flip_control/sflip_table_ADE_train_00000196.jpg,data/edits/spurious_v2_control/images/control/sflip_table_ADE_train_00000196.jpg,0,False,KNOWN_V2_RETROSPECTIVE_REUSE
AHASH_NEAR_DUPLICATE,specificity_v1_94,specificity_v2_30,sflip_table_ADE_train_00000218,sflip_sofa_ADE_train_00000740,original,original,data/edits/spurious_flip_control/orig/sflip_table_ADE_train_00000218.jpg,data/edits/spurious_v2_control/images/orig/sflip_sofa_ADE_train_00000740.jpg,6,False,KNOWN_V2_RETROSPECTIVE_REUSE
AHASH_NEAR_DUPLICATE,specificity_v1_94,specificity_v2_30,sflip_table_ADE_train_00000218,sflip_sofa_ADE_train_00000740,original,edited,data/edits/spurious_flip_control/orig/sflip_table_ADE_train_00000218.jpg,data/edits/spurious_v2_control/images/control/sflip_sofa_ADE_train_00000740.jpg,6,False,KNOWN_V2_RETROSPECTIVE_REUSE
AHASH_NEAR_DUPLICATE,specificity_v1_94,specificity_v2_30,sflip_table_ADE_train_00000218,sflip_table_ADE_train_00000218,original,original,data/edits/spurious_flip_control/orig/sflip_table_ADE_train_00000218.jpg,data/edits/spurious_v2_control/images/orig/sflip_table_ADE_train_00000218.jpg,0,False,KNOWN_V2_RETROSPECTIVE_REUSE
AHASH_NEAR_DUPLICATE,specificity_v1_94,specificity_v2_30,sflip_table_ADE_train_00000218,sflip_table_ADE_train_00000218,original,edited,data/edits/spurious_flip_control/orig/sflip_table_ADE_train_00000218.jpg,data/edits/spurious_v2_control/images/control/sflip_table_ADE_train_00000218.jpg,1,False,KNOWN_V2_RETROSPECTIVE_REUSE
AHASH_NEAR_DUPLICATE,specificity_v1_94,specificity_v2_30,sflip_table_ADE_train_00000218,sflip_table_ADE_train_00000218,edited,original,data/edits/spurious_flip_control/sflip_table_ADE_train_00000218.jpg,data/edits/spurious_v2_control/images/orig/sflip_table_ADE_train_00000218.jpg,1,False,KNOWN_V2_RETROSPECTIVE_REUSE
AHASH_NEAR_DUPLICATE,specificity_v1_94,specificity_v2_30,sflip_table_ADE_train_00000218,sflip_table_ADE_train_00000218,edited,edited,data/edits/spurious_flip_control/sflip_table_ADE_train_00000218.jpg,data/edits/spurious_v2_control/images/control/sflip_table_ADE_train_00000218.jpg,0,False,KNOWN_V2_RETROSPECTIVE_REUSE
AHASH_NEAR_DUPLICATE,specificity_v1_94,specificity_v2_30,sflip_table_ADE_train_00000228,sflip_table_ADE_train_00000228,original,original,data/edits/spurious_flip_control/orig/sflip_table_ADE_train_00000228.jpg,data/edits/spurious_v2_control/images/orig/sflip_table_ADE_train_00000228.jpg,0,False,KNOWN_V2_RETROSPECTIVE_REUSE
AHASH_NEAR_DUPLICATE,specificity_v1_94,specificity_v2_30,sflip_table_ADE_train_00000228,sflip_table_ADE_train_00000228,original,edited,data/edits/spurious_flip_control/orig/sflip_table_ADE_train_00000228.jpg,data/edits/spurious_v2_control/images/control/sflip_table_ADE_train_00000228.jpg,0,False,KNOWN_V2_RETROSPECTIVE_REUSE
AHASH_NEAR_DUPLICATE,specificity_v1_94,specificity_v2_30,sflip_table_ADE_train_00000228,sflip_table_ADE_train_00000228,edited,original,data/edits/spurious_flip_control/sflip_table_ADE_train_00000228.jpg,data/edits/spurious_v2_control/images/orig/sflip_table_ADE_train_00000228.jpg,0,False,KNOWN_V2_RETROSPECTIVE_REUSE
AHASH_NEAR_DUPLICATE,specificity_v1_94,specificity_v2_30,sflip_table_ADE_train_00000228,sflip_table_ADE_train_00000228,edited,edited,data/edits/spurious_flip_control/sflip_table_ADE_train_00000228.jpg,data/edits/spurious_v2_control/images/control/sflip_table_ADE_train_00000228.jpg,0,False,KNOWN_V2_RETROSPECTIVE_REUSE
AHASH_NEAR_DUPLICATE,specificity_v1_94,specificity_v2_30,sflip_table_ADE_train_00000233,sflip_table_ADE_train_00000233,original,original,data/edits/spurious_flip_control/orig/sflip_table_ADE_train_00000233.jpg,data/edits/spurious_v2_control/images/orig/sflip_table_ADE_train_00000233.jpg,1,False,KNOWN_V2_RETROSPECTIVE_REUSE
AHASH_NEAR_DUPLICATE,specificity_v1_94,specificity_v2_30,sflip_table_ADE_train_00000233,sflip_table_ADE_train_00000233,original,edited,data/edits/spurious_flip_control/orig/sflip_table_ADE_train_00000233.jpg,data/edits/spurious_v2_control/images/control/sflip_table_ADE_train_00000233.jpg,2,False,KNOWN_V2_RETROSPECTIVE_REUSE
AHASH_NEAR_DUPLICATE,specificity_v1_94,specificity_v2_30,sflip_table_ADE_train_00000233,sflip_table_ADE_train_00000233,edited,original,data/edits/spurious_flip_control/sflip_table_ADE_train_00000233.jpg,data/edits/spurious_v2_control/images/orig/sflip_table_ADE_train_00000233.jpg,1,False,KNOWN_V2_RETROSPECTIVE_REUSE
AHASH_NEAR_DUPLICATE,specificity_v1_94,specificity_v2_30,sflip_table_ADE_train_00000233,sflip_table_ADE_train_00000233,edited,edited,data/edits/spurious_flip_control/sflip_table_ADE_train_00000233.jpg,data/edits/spurious_v2_control/images/control/sflip_table_ADE_train_00000233.jpg,0,False,KNOWN_V2_RETROSPECTIVE_REUSE
AHASH_NEAR_DUPLICATE,specificity_v1_94,specificity_v2_30,sflip_table_ADE_train_00000289,sflip_table_ADE_train_00000289,original,original,data/edits/spurious_flip_control/orig/sflip_table_ADE_train_00000289.jpg,data/edits/spurious_v2_control/images/orig/sflip_table_ADE_train_00000289.jpg,0,False,KNOWN_V2_RETROSPECTIVE_REUSE
AHASH_NEAR_DUPLICATE,specificity_v1_94,specificity_v2_30,sflip_table_ADE_train_00000289,sflip_table_ADE_train_00000289,original,edited,data/edits/spurious_flip_control/orig/sflip_table_ADE_train_00000289.jpg,data/edits/spurious_v2_control/images/control/sflip_table_ADE_train_00000289.jpg,0,False,KNOWN_V2_RETROSPECTIVE_REUSE
AHASH_NEAR_DUPLICATE,specificity_v1_94,specificity_v2_30,sflip_table_ADE_train_00000289,sflip_table_ADE_train_00000289,edited,original,data/edits/spurious_flip_control/sflip_table_ADE_train_00000289.jpg,data/edits/spurious_v2_control/images/orig/sflip_table_ADE_train_00000289.jpg,0,False,KNOWN_V2_RETROSPECTIVE_REUSE
AHASH_NEAR_DUPLICATE,specificity_v1_94,specificity_v2_30,sflip_table_ADE_train_00000289,sflip_table_ADE_train_00000289,edited,edited,data/edits/spurious_flip_control/sflip_table_ADE_train_00000289.jpg,data/edits/spurious_v2_control/images/control/sflip_table_ADE_train_00000289.jpg,0,False,KNOWN_V2_RETROSPECTIVE_REUSE
AHASH_NEAR_DUPLICATE,specificity_v1_94,specificity_v2_30,sflip_table_ADE_train_00000384,sflip_table_ADE_train_00000384,original,original,data/edits/spurious_flip_control/orig/sflip_table_ADE_train_00000384.jpg,data/edits/spurious_v2_control/images/orig/sflip_table_ADE_train_00000384.jpg,0,False,KNOWN_V2_RETROSPECTIVE_REUSE
AHASH_NEAR_DUPLICATE,specificity_v1_94,specificity_v2_30,sflip_table_ADE_train_00000384,sflip_table_ADE_train_00000384,original,edited,data/edits/spurious_flip_control/orig/sflip_table_ADE_train_00000384.jpg,data/edits/spurious_v2_control/images/control/sflip_table_ADE_train_00000384.jpg,1,False,KNOWN_V2_RETROSPECTIVE_REUSE
AHASH_NEAR_DUPLICATE,specificity_v1_94,specificity_v2_30,sflip_table_ADE_train_00000384,sflip_table_ADE_train_00000384,edited,original,data/edits/spurious_flip_control/sflip_table_ADE_train_00000384.jpg,data/edits/spurious_v2_control/images/orig/sflip_table_ADE_train_00000384.jpg,1,False,KNOWN_V2_RETROSPECTIVE_REUSE
AHASH_NEAR_DUPLICATE,specificity_v1_94,specificity_v2_30,sflip_table_ADE_train_00000384,sflip_table_ADE_train_00000384,edited,edited,data/edits/spurious_flip_control/sflip_table_ADE_train_00000384.jpg,data/edits/spurious_v2_control/images/control/sflip_table_ADE_train_00000384.jpg,0,False,KNOWN_V2_RETROSPECTIVE_REUSE
AHASH_NEAR_DUPLICATE,specificity_v1_94,specificity_v2_30,sflip_table_ADE_train_00000425,sflip_table_ADE_train_00000425,original,original,data/edits/spurious_flip_control/orig/sflip_table_ADE_train_00000425.jpg,data/edits/spurious_v2_control/images/orig/sflip_table_ADE_train_00000425.jpg,0,False,KNOWN_V2_RETROSPECTIVE_REUSE
AHASH_NEAR_DUPLICATE,specificity_v1_94,specificity_v2_30,sflip_table_ADE_train_00000425,sflip_table_ADE_train_00000425,original,edited,data/edits/spurious_flip_control/orig/sflip_table_ADE_train_00000425.jpg,data/edits/spurious_v2_control/images/control/sflip_table_ADE_train_00000425.jpg,0,False,KNOWN_V2_RETROSPECTIVE_REUSE
AHASH_NEAR_DUPLICATE,specificity_v1_94,specificity_v2_30,sflip_table_ADE_train_00000425,sflip_table_ADE_train_00000425,edited,original,data/edits/spurious_flip_control/sflip_table_ADE_train_00000425.jpg,data/edits/spurious_v2_control/images/orig/sflip_table_ADE_train_00000425.jpg,0,False,KNOWN_V2_RETROSPECTIVE_REUSE
AHASH_NEAR_DUPLICATE,specificity_v1_94,specificity_v2_30,sflip_table_ADE_train_00000425,sflip_table_ADE_train_00000425,edited,edited,data/edits/spurious_flip_control/sflip_table_ADE_train_00000425.jpg,data/edits/spurious_v2_control/images/control/sflip_table_ADE_train_00000425.jpg,0,False,KNOWN_V2_RETROSPECTIVE_REUSE
AHASH_NEAR_DUPLICATE,specificity_v1_94,specificity_v2_30,sflip_table_ADE_train_00000452,sflip_table_ADE_train_00000452,original,original,data/edits/spurious_flip_control/orig/sflip_table_ADE_train_00000452.jpg,data/edits/spurious_v2_control/images/orig/sflip_table_ADE_train_00000452.jpg,0,False,KNOWN_V2_RETROSPECTIVE_REUSE
AHASH_NEAR_DUPLICATE,specificity_v1_94,specificity_v2_30,sflip_table_ADE_train_00000452,sflip_table_ADE_train_00000452,original,edited,data/edits/spurious_flip_control/orig/sflip_table_ADE_train_00000452.jpg,data/edits/spurious_v2_control/images/control/sflip_table_ADE_train_00000452.jpg,0,False,KNOWN_V2_RETROSPECTIVE_REUSE
AHASH_NEAR_DUPLICATE,specificity_v1_94,specificity_v2_30,sflip_table_ADE_train_00000452,sflip_table_ADE_train_00000452,edited,original,data/edits/spurious_flip_control/sflip_table_ADE_train_00000452.jpg,data/edits/spurious_v2_control/images/orig/sflip_table_ADE_train_00000452.jpg,0,False,KNOWN_V2_RETROSPECTIVE_REUSE
AHASH_NEAR_DUPLICATE,specificity_v1_94,specificity_v2_30,sflip_table_ADE_train_00000452,sflip_table_ADE_train_00000452,edited,edited,data/edits/spurious_flip_control/sflip_table_ADE_train_00000452.jpg,data/edits/spurious_v2_control/images/control/sflip_table_ADE_train_00000452.jpg,0,False,KNOWN_V2_RETROSPECTIVE_REUSE
AHASH_NEAR_DUPLICATE,specificity_v2_30,specificity_v2_30,sflip_sofa_ADE_train_00000740,sflip_table_ADE_train_00000218,original,original,data/edits/spurious_v2_control/images/orig/sflip_sofa_ADE_train_00000740.jpg,data/edits/spurious_v2_control/images/orig/sflip_table_ADE_train_00000218.jpg,6,False,SCIENTIFIC_SET_COLLISION
AHASH_NEAR_DUPLICATE,specificity_v2_30,specificity_v2_30,sflip_sofa_ADE_train_00000740,sflip_table_ADE_train_00000218,edited,original,data/edits/spurious_v2_control/images/control/sflip_sofa_ADE_train_00000740.jpg,data/edits/spurious_v2_control/images/orig/sflip_table_ADE_train_00000218.jpg,6,False,SCIENTIFIC_SET_COLLISION
DHASH_NEAR_DUPLICATE,pilot_intervention_91,specificity_v1_94,preview_pilot_01fc561f2ad1,sflip_sofa_ADE_train_00000701,original,edited,data/edits/main_real_200/orig/pilot_01fc561f2ad1.jpg,data/edits/spurious_flip_control/sflip_sofa_ADE_train_00000701.jpg,1,False,SCIENTIFIC_SET_COLLISION
DHASH_NEAR_DUPLICATE,pilot_intervention_91,specificity_v1_94,preview_pilot_01fc561f2ad1,sflip_sofa_ADE_train_00000701,edited,original,data/edits/main_real_200/pilot_01fc561f2ad1.jpg,data/edits/spurious_flip_control/orig/sflip_sofa_ADE_train_00000701.jpg,5,False,SCIENTIFIC_SET_COLLISION
DHASH_NEAR_DUPLICATE,pilot_intervention_91,specificity_v1_94,preview_pilot_01fc561f2ad1,sflip_sofa_ADE_train_00000701,edited,edited,data/edits/main_real_200/pilot_01fc561f2ad1.jpg,data/edits/spurious_flip_control/sflip_sofa_ADE_train_00000701.jpg,6,False,SCIENTIFIC_SET_COLLISION
DHASH_NEAR_DUPLICATE,pilot_intervention_91,specificity_v1_94,preview_pilot_0c14103036aa,sflip_sofa_ADE_train_00000741,original,edited,data/edits/main_real_200/orig/pilot_0c14103036aa.jpg,data/edits/spurious_flip_control/sflip_sofa_ADE_train_00000741.jpg,6,False,SCIENTIFIC_SET_COLLISION
DHASH_NEAR_DUPLICATE,pilot_intervention_91,specificity_v1_94,preview_pilot_0c14103036aa,sflip_sofa_ADE_train_00000741,edited,original,data/edits/main_real_200/pilot_0c14103036aa.jpg,data/edits/spurious_flip_control/orig/sflip_sofa_ADE_train_00000741.jpg,1,False,SCIENTIFIC_SET_COLLISION
DHASH_NEAR_DUPLICATE,pilot_intervention_91,specificity_v1_94,preview_pilot_1754bf5e0dc4,sflip_table_ADE_train_00000457,original,edited,data/edits/main_real_200/orig/pilot_1754bf5e0dc4.jpg,data/edits/spurious_flip_control/sflip_table_ADE_train_00000457.jpg,6,False,SCIENTIFIC_SET_COLLISION
DHASH_NEAR_DUPLICATE,pilot_intervention_91,specificity_v1_94,preview_pilot_1754bf5e0dc4,sflip_table_ADE_train_00000457,edited,original,data/edits/main_real_200/pilot_1754bf5e0dc4.jpg,data/edits/spurious_flip_control/orig/sflip_table_ADE_train_00000457.jpg,2,False,SCIENTIFIC_SET_COLLISION
DHASH_NEAR_DUPLICATE,pilot_intervention_91,specificity_v1_94,preview_pilot_1ff79de6fa95,sflip_sofa_ADE_train_00000675,original,edited,data/edits/main_real_200/orig/pilot_1ff79de6fa95.jpg,data/edits/spurious_flip_control/sflip_sofa_ADE_train_00000675.jpg,1,False,SCIENTIFIC_SET_COLLISION
DHASH_NEAR_DUPLICATE,pilot_intervention_91,specificity_v1_94,preview_pilot_1ff79de6fa95,sflip_sofa_ADE_train_00000675,edited,original,data/edits/main_real_200/pilot_1ff79de6fa95.jpg,data/edits/spurious_flip_control/orig/sflip_sofa_ADE_train_00000675.jpg,2,False,SCIENTIFIC_SET_COLLISION
DHASH_NEAR_DUPLICATE,pilot_intervention_91,specificity_v1_94,preview_pilot_1ff79de6fa95,sflip_sofa_ADE_train_00000675,edited,edited,data/edits/main_real_200/pilot_1ff79de6fa95.jpg,data/edits/spurious_flip_control/sflip_sofa_ADE_train_00000675.jpg,3,False,SCIENTIFIC_SET_COLLISION
DHASH_NEAR_DUPLICATE,pilot_intervention_91,specificity_v1_94,preview_pilot_299953cec30c,sflip_table_ADE_train_00000201,original,edited,data/edits/main_real_200/orig/pilot_299953cec30c.jpg,data/edits/spurious_flip_control/sflip_table_ADE_train_00000201.jpg,0,False,SCIENTIFIC_SET_COLLISION
DHASH_NEAR_DUPLICATE,pilot_intervention_91,specificity_v1_94,preview_pilot_299953cec30c,sflip_table_ADE_train_00000201,edited,original,data/edits/main_real_200/pilot_299953cec30c.jpg,data/edits/spurious_flip_control/orig/sflip_table_ADE_train_00000201.jpg,2,False,SCIENTIFIC_SET_COLLISION
DHASH_NEAR_DUPLICATE,pilot_intervention_91,specificity_v1_94,preview_pilot_299953cec30c,sflip_table_ADE_train_00000201,edited,edited,data/edits/main_real_200/pilot_299953cec30c.jpg,data/edits/spurious_flip_control/sflip_table_ADE_train_00000201.jpg,2,False,SCIENTIFIC_SET_COLLISION
DHASH_NEAR_DUPLICATE,pilot_intervention_91,specificity_v1_94,preview_pilot_2ac91af26fdd,sflip_car_ADE_train_00000941,original,edited,data/edits/main_real_200/orig/pilot_2ac91af26fdd.jpg,data/edits/spurious_flip_control/sflip_car_ADE_train_00000941.jpg,1,False,SCIENTIFIC_SET_COLLISION
DHASH_NEAR_DUPLICATE,pilot_intervention_91,specificity_v1_94,preview_pilot_2ac91af26fdd,sflip_car_ADE_train_00000941,edited,original,data/edits/main_real_200/pilot_2ac91af26fdd.jpg,data/edits/spurious_flip_control/orig/sflip_car_ADE_train_00000941.jpg,3,False,SCIENTIFIC_SET_COLLISION
DHASH_NEAR_DUPLICATE,pilot_intervention_91,specificity_v1_94,preview_pilot_2ac91af26fdd,sflip_car_ADE_train_00000941,edited,edited,data/edits/main_real_200/pilot_2ac91af26fdd.jpg,data/edits/spurious_flip_control/sflip_car_ADE_train_00000941.jpg,2,False,SCIENTIFIC_SET_COLLISION
DHASH_NEAR_DUPLICATE,pilot_intervention_91,specificity_v1_94,preview_pilot_32bfaf9bac87,sflip_chair_ADE_train_00000939,original,edited,data/edits/main_real_200/orig/pilot_32bfaf9bac87.jpg,data/edits/spurious_flip_control/sflip_chair_ADE_train_00000939.jpg,0,False,SCIENTIFIC_SET_COLLISION
DHASH_NEAR_DUPLICATE,pilot_intervention_91,specificity_v1_94,preview_pilot_32bfaf9bac87,sflip_chair_ADE_train_00000939,edited,original,data/edits/main_real_200/pilot_32bfaf9bac87.jpg,data/edits/spurious_flip_control/orig/sflip_chair_ADE_train_00000939.jpg,2,False,SCIENTIFIC_SET_COLLISION
DHASH_NEAR_DUPLICATE,pilot_intervention_91,specificity_v1_94,preview_pilot_32bfaf9bac87,sflip_chair_ADE_train_00000939,edited,edited,data/edits/main_real_200/pilot_32bfaf9bac87.jpg,data/edits/spurious_flip_control/sflip_chair_ADE_train_00000939.jpg,2,False,SCIENTIFIC_SET_COLLISION
DHASH_NEAR_DUPLICATE,pilot_intervention_91,specificity_v1_94,preview_pilot_34c3764e7fc7,sflip_sofa_ADE_train_00000706,original,edited,data/edits/main_real_200/orig/pilot_34c3764e7fc7.jpg,data/edits/spurious_flip_control/sflip_sofa_ADE_train_00000706.jpg,1,False,SCIENTIFIC_SET_COLLISION
DHASH_NEAR_DUPLICATE,pilot_intervention_91,specificity_v1_94,preview_pilot_34c3764e7fc7,sflip_sofa_ADE_train_00000706,edited,original,data/edits/main_real_200/pilot_34c3764e7fc7.jpg,data/edits/spurious_flip_control/orig/sflip_sofa_ADE_train_00000706.jpg,0,False,SCIENTIFIC_SET_COLLISION
DHASH_NEAR_DUPLICATE,pilot_intervention_91,specificity_v1_94,preview_pilot_34c3764e7fc7,sflip_sofa_ADE_train_00000706,edited,edited,data/edits/main_real_200/pilot_34c3764e7fc7.jpg,data/edits/spurious_flip_control/sflip_sofa_ADE_train_00000706.jpg,1,False,SCIENTIFIC_SET_COLLISION
DHASH_NEAR_DUPLICATE,pilot_intervention_91,specificity_v1_94,preview_pilot_3a04066be0bd,sflip_table_ADE_train_00000231,original,edited,data/edits/main_real_200/orig/pilot_3a04066be0bd.jpg,data/edits/spurious_flip_control/sflip_table_ADE_train_00000231.jpg,0,False,SCIENTIFIC_SET_COLLISION
DHASH_NEAR_DUPLICATE,pilot_intervention_91,specificity_v1_94,preview_pilot_3a04066be0bd,sflip_table_ADE_train_00000231,edited,original,data/edits/main_real_200/pilot_3a04066be0bd.jpg,data/edits/spurious_flip_control/orig/sflip_table_ADE_train_00000231.jpg,2,False,SCIENTIFIC_SET_COLLISION
DHASH_NEAR_DUPLICATE,pilot_intervention_91,specificity_v1_94,preview_pilot_3a04066be0bd,sflip_table_ADE_train_00000231,edited,edited,data/edits/main_real_200/pilot_3a04066be0bd.jpg,data/edits/spurious_flip_control/sflip_table_ADE_train_00000231.jpg,2,False,SCIENTIFIC_SET_COLLISION
DHASH_NEAR_DUPLICATE,pilot_intervention_91,specificity_v1_94,preview_pilot_5a54d663d1e7,sflip_sofa_ADE_train_00000717,original,edited,data/edits/main_real_200/orig/pilot_5a54d663d1e7.jpg,data/edits/spurious_flip_control/sflip_sofa_ADE_train_00000717.jpg,0,False,SCIENTIFIC_SET_COLLISION
DHASH_NEAR_DUPLICATE,pilot_intervention_91,specificity_v1_94,preview_pilot_8e304d627557,sflip_chair_ADE_train_00000469,original,edited,data/edits/main_real_200/orig/pilot_8e304d627557.jpg,data/edits/spurious_flip_control/sflip_chair_ADE_train_00000469.jpg,3,False,SCIENTIFIC_SET_COLLISION
DHASH_NEAR_DUPLICATE,pilot_intervention_91,specificity_v1_94,preview_pilot_8e304d627557,sflip_chair_ADE_train_00000469,edited,original,data/edits/main_real_200/pilot_8e304d627557.jpg,data/edits/spurious_flip_control/orig/sflip_chair_ADE_train_00000469.jpg,0,False,SCIENTIFIC_SET_COLLISION
DHASH_NEAR_DUPLICATE,pilot_intervention_91,specificity_v1_94,preview_pilot_8e304d627557,sflip_chair_ADE_train_00000469,edited,edited,data/edits/main_real_200/pilot_8e304d627557.jpg,data/edits/spurious_flip_control/sflip_chair_ADE_train_00000469.jpg,3,False,SCIENTIFIC_SET_COLLISION
DHASH_NEAR_DUPLICATE,pilot_intervention_91,specificity_v1_94,preview_pilot_bceacc91c7dd,sflip_sofa_ADE_train_00000688,original,edited,data/edits/main_real_200/orig/pilot_bceacc91c7dd.jpg,data/edits/spurious_flip_control/sflip_sofa_ADE_train_00000688.jpg,2,False,SCIENTIFIC_SET_COLLISION
DHASH_NEAR_DUPLICATE,pilot_intervention_91,specificity_v1_94,preview_pilot_bceacc91c7dd,sflip_sofa_ADE_train_00000688,edited,original,data/edits/main_real_200/pilot_bceacc91c7dd.jpg,data/edits/spurious_flip_control/orig/sflip_sofa_ADE_train_00000688.jpg,4,False,SCIENTIFIC_SET_COLLISION
DHASH_NEAR_DUPLICATE,pilot_intervention_91,specificity_v1_94,preview_pilot_bceacc91c7dd,sflip_sofa_ADE_train_00000688,edited,edited,data/edits/main_real_200/pilot_bceacc91c7dd.jpg,data/edits/spurious_flip_control/sflip_sofa_ADE_train_00000688.jpg,6,False,SCIENTIFIC_SET_COLLISION
DHASH_NEAR_DUPLICATE,pilot_intervention_91,specificity_v1_94,preview_pilot_bddcf74cb433,sflip_table_ADE_train_00000342,original,edited,data/edits/main_real_200/orig/pilot_bddcf74cb433.jpg,data/edits/spurious_flip_control/sflip_table_ADE_train_00000342.jpg,0,False,SCIENTIFIC_SET_COLLISION
DHASH_NEAR_DUPLICATE,pilot_intervention_91,specificity_v1_94,preview_pilot_bddcf74cb433,sflip_table_ADE_train_00000342,edited,original,data/edits/main_real_200/pilot_bddcf74cb433.jpg,data/edits/spurious_flip_control/orig/sflip_table_ADE_train_00000342.jpg,2,False,SCIENTIFIC_SET_COLLISION
DHASH_NEAR_DUPLICATE,pilot_intervention_91,specificity_v1_94,preview_pilot_bddcf74cb433,sflip_table_ADE_train_00000342,edited,edited,data/edits/main_real_200/pilot_bddcf74cb433.jpg,data/edits/spurious_flip_control/sflip_table_ADE_train_00000342.jpg,2,False,SCIENTIFIC_SET_COLLISION
DHASH_NEAR_DUPLICATE,pilot_intervention_91,specificity_v1_94,preview_pilot_c3c3b3c1ead9,sflip_chair_ADE_train_00000839,original,edited,data/edits/main_real_200/orig/pilot_c3c3b3c1ead9.jpg,data/edits/spurious_flip_control/sflip_chair_ADE_train_00000839.jpg,0,False,SCIENTIFIC_SET_COLLISION
DHASH_NEAR_DUPLICATE,pilot_intervention_91,specificity_v1_94,preview_pilot_c3c3b3c1ead9,sflip_chair_ADE_train_00000839,edited,original,data/edits/main_real_200/pilot_c3c3b3c1ead9.jpg,data/edits/spurious_flip_control/orig/sflip_chair_ADE_train_00000839.jpg,0,False,SCIENTIFIC_SET_COLLISION
DHASH_NEAR_DUPLICATE,pilot_intervention_91,specificity_v1_94,preview_pilot_c3c3b3c1ead9,sflip_chair_ADE_train_00000839,edited,edited,data/edits/main_real_200/pilot_c3c3b3c1ead9.jpg,data/edits/spurious_flip_control/sflip_chair_ADE_train_00000839.jpg,0,False,SCIENTIFIC_SET_COLLISION
DHASH_NEAR_DUPLICATE,pilot_intervention_91,specificity_v1_94,preview_pilot_caf50be3f2be,sflip_chair_ADE_train_00000374,original,edited,data/edits/main_real_200/orig/pilot_caf50be3f2be.jpg,data/edits/spurious_flip_control/sflip_chair_ADE_train_00000374.jpg,1,False,SCIENTIFIC_SET_COLLISION
DHASH_NEAR_DUPLICATE,pilot_intervention_91,specificity_v1_94,preview_pilot_caf50be3f2be,sflip_chair_ADE_train_00000374,edited,original,data/edits/main_real_200/pilot_caf50be3f2be.jpg,data/edits/spurious_flip_control/orig/sflip_chair_ADE_train_00000374.jpg,2,False,SCIENTIFIC_SET_COLLISION
DHASH_NEAR_DUPLICATE,pilot_intervention_91,specificity_v1_94,preview_pilot_caf50be3f2be,sflip_chair_ADE_train_00000374,edited,edited,data/edits/main_real_200/pilot_caf50be3f2be.jpg,data/edits/spurious_flip_control/sflip_chair_ADE_train_00000374.jpg,3,False,SCIENTIFIC_SET_COLLISION
DHASH_NEAR_DUPLICATE,pilot_intervention_91,specificity_v1_94,preview_pilot_ce19f8655c97,sflip_sofa_ADE_train_00000738,original,edited,data/edits/main_real_200/orig/pilot_ce19f8655c97.jpg,data/edits/spurious_flip_control/sflip_sofa_ADE_train_00000738.jpg,0,False,SCIENTIFIC_SET_COLLISION
DHASH_NEAR_DUPLICATE,pilot_intervention_91,specificity_v1_94,preview_pilot_ce19f8655c97,sflip_sofa_ADE_train_00000738,edited,original,data/edits/main_real_200/pilot_ce19f8655c97.jpg,data/edits/spurious_flip_control/orig/sflip_sofa_ADE_train_00000738.jpg,2,False,SCIENTIFIC_SET_COLLISION
DHASH_NEAR_DUPLICATE,pilot_intervention_91,specificity_v1_94,preview_pilot_ce19f8655c97,sflip_sofa_ADE_train_00000738,edited,edited,data/edits/main_real_200/pilot_ce19f8655c97.jpg,data/edits/spurious_flip_control/sflip_sofa_ADE_train_00000738.jpg,2,False,SCIENTIFIC_SET_COLLISION
DHASH_NEAR_DUPLICATE,pilot_intervention_91,specificity_v1_94,preview_pilot_da1a9a03c0b6,sflip_table_ADE_train_00000377,original,edited,data/edits/main_real_200/orig/pilot_da1a9a03c0b6.jpg,data/edits/spurious_flip_control/sflip_table_ADE_train_00000377.jpg,0,False,SCIENTIFIC_SET_COLLISION
DHASH_NEAR_DUPLICATE,pilot_intervention_91,specificity_v1_94,preview_pilot_da1a9a03c0b6,sflip_table_ADE_train_00000377,edited,original,data/edits/main_real_200/pilot_da1a9a03c0b6.jpg,data/edits/spurious_flip_control/orig/sflip_table_ADE_train_00000377.jpg,1,False,SCIENTIFIC_SET_COLLISION
DHASH_NEAR_DUPLICATE,pilot_intervention_91,specificity_v1_94,preview_pilot_da1a9a03c0b6,sflip_table_ADE_train_00000377,edited,edited,data/edits/main_real_200/pilot_da1a9a03c0b6.jpg,data/edits/spurious_flip_control/sflip_table_ADE_train_00000377.jpg,1,False,SCIENTIFIC_SET_COLLISION
DHASH_NEAR_DUPLICATE,pilot_intervention_91,specificity_v1_94,preview_pilot_dfc7f95c2bf6,sflip_sofa_ADE_train_00000740,original,edited,data/edits/main_real_200/orig/pilot_dfc7f95c2bf6.jpg,data/edits/spurious_flip_control/sflip_sofa_ADE_train_00000740.jpg,0,False,SCIENTIFIC_SET_COLLISION
DHASH_NEAR_DUPLICATE,pilot_intervention_91,specificity_v1_94,preview_pilot_dfc7f95c2bf6,sflip_sofa_ADE_train_00000740,edited,original,data/edits/main_real_200/pilot_dfc7f95c2bf6.jpg,data/edits/spurious_flip_control/orig/sflip_sofa_ADE_train_00000740.jpg,3,False,SCIENTIFIC_SET_COLLISION
DHASH_NEAR_DUPLICATE,pilot_intervention_91,specificity_v1_94,preview_pilot_dfc7f95c2bf6,sflip_sofa_ADE_train_00000740,edited,edited,data/edits/main_real_200/pilot_dfc7f95c2bf6.jpg,data/edits/spurious_flip_control/sflip_sofa_ADE_train_00000740.jpg,3,False,SCIENTIFIC_SET_COLLISION
DHASH_NEAR_DUPLICATE,pilot_intervention_91,specificity_v1_94,preview_pilot_f3dddd670aa6,sflip_table_ADE_train_00000246,original,edited,data/edits/main_real_200/orig/pilot_f3dddd670aa6.jpg,data/edits/spurious_flip_control/sflip_table_ADE_train_00000246.jpg,2,False,SCIENTIFIC_SET_COLLISION
DHASH_NEAR_DUPLICATE,pilot_intervention_91,specificity_v1_94,preview_pilot_f3dddd670aa6,sflip_table_ADE_train_00000246,edited,original,data/edits/main_real_200/pilot_f3dddd670aa6.jpg,data/edits/spurious_flip_control/orig/sflip_table_ADE_train_00000246.jpg,4,False,SCIENTIFIC_SET_COLLISION
DHASH_NEAR_DUPLICATE,pilot_intervention_91,specificity_v1_94,preview_pilot_f3dddd670aa6,sflip_table_ADE_train_00000246,edited,edited,data/edits/main_real_200/pilot_f3dddd670aa6.jpg,data/edits/spurious_flip_control/sflip_table_ADE_train_00000246.jpg,6,False,SCIENTIFIC_SET_COLLISION
DHASH_NEAR_DUPLICATE,pilot_intervention_91,specificity_v1_94,preview_pilot_f7f706d3f9f5,sflip_sofa_ADE_train_00000693,original,edited,data/edits/main_real_200/orig/pilot_f7f706d3f9f5.jpg,data/edits/spurious_flip_control/sflip_sofa_ADE_train_00000693.jpg,0,False,SCIENTIFIC_SET_COLLISION
DHASH_NEAR_DUPLICATE,pilot_intervention_91,specificity_v2_30,preview_pilot_01fc561f2ad1,sflip_sofa_ADE_train_00000701,original,original,data/edits/main_real_200/orig/pilot_01fc561f2ad1.jpg,data/edits/spurious_v2_control/images/orig/sflip_sofa_ADE_train_00000701.jpg,0,False,SCIENTIFIC_SET_COLLISION
DHASH_NEAR_DUPLICATE,pilot_intervention_91,specificity_v2_30,preview_pilot_01fc561f2ad1,sflip_sofa_ADE_train_00000701,original,edited,data/edits/main_real_200/orig/pilot_01fc561f2ad1.jpg,data/edits/spurious_v2_control/images/control/sflip_sofa_ADE_train_00000701.jpg,1,False,SCIENTIFIC_SET_COLLISION
DHASH_NEAR_DUPLICATE,pilot_intervention_91,specificity_v2_30,preview_pilot_01fc561f2ad1,sflip_sofa_ADE_train_00000701,edited,original,data/edits/main_real_200/pilot_01fc561f2ad1.jpg,data/edits/spurious_v2_control/images/orig/sflip_sofa_ADE_train_00000701.jpg,5,False,SCIENTIFIC_SET_COLLISION
DHASH_NEAR_DUPLICATE,pilot_intervention_91,specificity_v2_30,preview_pilot_01fc561f2ad1,sflip_sofa_ADE_train_00000701,edited,edited,data/edits/main_real_200/pilot_01fc561f2ad1.jpg,data/edits/spurious_v2_control/images/control/sflip_sofa_ADE_train_00000701.jpg,6,False,SCIENTIFIC_SET_COLLISION
DHASH_NEAR_DUPLICATE,pilot_intervention_91,specificity_v2_30,preview_pilot_1ff79de6fa95,sflip_sofa_ADE_train_00000675,original,original,data/edits/main_real_200/orig/pilot_1ff79de6fa95.jpg,data/edits/spurious_v2_control/images/orig/sflip_sofa_ADE_train_00000675.jpg,0,False,SCIENTIFIC_SET_COLLISION
DHASH_NEAR_DUPLICATE,pilot_intervention_91,specificity_v2_30,preview_pilot_1ff79de6fa95,sflip_sofa_ADE_train_00000675,original,edited,data/edits/main_real_200/orig/pilot_1ff79de6fa95.jpg,data/edits/spurious_v2_control/images/control/sflip_sofa_ADE_train_00000675.jpg,1,False,SCIENTIFIC_SET_COLLISION
DHASH_NEAR_DUPLICATE,pilot_intervention_91,specificity_v2_30,preview_pilot_1ff79de6fa95,sflip_sofa_ADE_train_00000675,edited,original,data/edits/main_real_200/pilot_1ff79de6fa95.jpg,data/edits/spurious_v2_control/images/orig/sflip_sofa_ADE_train_00000675.jpg,2,False,SCIENTIFIC_SET_COLLISION
DHASH_NEAR_DUPLICATE,pilot_intervention_91,specificity_v2_30,preview_pilot_1ff79de6fa95,sflip_sofa_ADE_train_00000675,edited,edited,data/edits/main_real_200/pilot_1ff79de6fa95.jpg,data/edits/spurious_v2_control/images/control/sflip_sofa_ADE_train_00000675.jpg,3,False,SCIENTIFIC_SET_COLLISION
DHASH_NEAR_DUPLICATE,pilot_intervention_91,specificity_v2_30,preview_pilot_34c3764e7fc7,sflip_sofa_ADE_train_00000706,original,original,data/edits/main_real_200/orig/pilot_34c3764e7fc7.jpg,data/edits/spurious_v2_control/images/orig/sflip_sofa_ADE_train_00000706.jpg,0,False,SCIENTIFIC_SET_COLLISION
DHASH_NEAR_DUPLICATE,pilot_intervention_91,specificity_v2_30,preview_pilot_34c3764e7fc7,sflip_sofa_ADE_train_00000706,original,edited,data/edits/main_real_200/orig/pilot_34c3764e7fc7.jpg,data/edits/spurious_v2_control/images/control/sflip_sofa_ADE_train_00000706.jpg,1,False,SCIENTIFIC_SET_COLLISION
DHASH_NEAR_DUPLICATE,pilot_intervention_91,specificity_v2_30,preview_pilot_34c3764e7fc7,sflip_sofa_ADE_train_00000706,edited,original,data/edits/main_real_200/pilot_34c3764e7fc7.jpg,data/edits/spurious_v2_control/images/orig/sflip_sofa_ADE_train_00000706.jpg,0,False,SCIENTIFIC_SET_COLLISION
DHASH_NEAR_DUPLICATE,pilot_intervention_91,specificity_v2_30,preview_pilot_34c3764e7fc7,sflip_sofa_ADE_train_00000706,edited,edited,data/edits/main_real_200/pilot_34c3764e7fc7.jpg,data/edits/spurious_v2_control/images/control/sflip_sofa_ADE_train_00000706.jpg,1,False,SCIENTIFIC_SET_COLLISION
DHASH_NEAR_DUPLICATE,pilot_intervention_91,specificity_v2_30,preview_pilot_5a54d663d1e7,sflip_sofa_ADE_train_00000717,original,original,data/edits/main_real_200/orig/pilot_5a54d663d1e7.jpg,data/edits/spurious_v2_control/images/orig/sflip_sofa_ADE_train_00000717.jpg,0,False,SCIENTIFIC_SET_COLLISION
DHASH_NEAR_DUPLICATE,pilot_intervention_91,specificity_v2_30,preview_pilot_5a54d663d1e7,sflip_sofa_ADE_train_00000717,original,edited,data/edits/main_real_200/orig/pilot_5a54d663d1e7.jpg,data/edits/spurious_v2_control/images/control/sflip_sofa_ADE_train_00000717.jpg,0,False,SCIENTIFIC_SET_COLLISION
DHASH_NEAR_DUPLICATE,pilot_intervention_91,specificity_v2_30,preview_pilot_8e304d627557,sflip_chair_ADE_train_00000469,original,original,data/edits/main_real_200/orig/pilot_8e304d627557.jpg,data/edits/spurious_v2_control/images/orig/sflip_chair_ADE_train_00000469.jpg,0,False,SCIENTIFIC_SET_COLLISION
DHASH_NEAR_DUPLICATE,pilot_intervention_91,specificity_v2_30,preview_pilot_8e304d627557,sflip_chair_ADE_train_00000469,original,edited,data/edits/main_real_200/orig/pilot_8e304d627557.jpg,data/edits/spurious_v2_control/images/control/sflip_chair_ADE_train_00000469.jpg,3,False,SCIENTIFIC_SET_COLLISION
DHASH_NEAR_DUPLICATE,pilot_intervention_91,specificity_v2_30,preview_pilot_8e304d627557,sflip_chair_ADE_train_00000469,edited,original,data/edits/main_real_200/pilot_8e304d627557.jpg,data/edits/spurious_v2_control/images/orig/sflip_chair_ADE_train_00000469.jpg,0,False,SCIENTIFIC_SET_COLLISION
DHASH_NEAR_DUPLICATE,pilot_intervention_91,specificity_v2_30,preview_pilot_8e304d627557,sflip_chair_ADE_train_00000469,edited,edited,data/edits/main_real_200/pilot_8e304d627557.jpg,data/edits/spurious_v2_control/images/control/sflip_chair_ADE_train_00000469.jpg,3,False,SCIENTIFIC_SET_COLLISION
DHASH_NEAR_DUPLICATE,pilot_intervention_91,specificity_v2_30,preview_pilot_bceacc91c7dd,sflip_sofa_ADE_train_00000688,original,original,data/edits/main_real_200/orig/pilot_bceacc91c7dd.jpg,data/edits/spurious_v2_control/images/orig/sflip_sofa_ADE_train_00000688.jpg,0,False,SCIENTIFIC_SET_COLLISION
DHASH_NEAR_DUPLICATE,pilot_intervention_91,specificity_v2_30,preview_pilot_bceacc91c7dd,sflip_sofa_ADE_train_00000688,original,edited,data/edits/main_real_200/orig/pilot_bceacc91c7dd.jpg,data/edits/spurious_v2_control/images/control/sflip_sofa_ADE_train_00000688.jpg,2,False,SCIENTIFIC_SET_COLLISION
DHASH_NEAR_DUPLICATE,pilot_intervention_91,specificity_v2_30,preview_pilot_bceacc91c7dd,sflip_sofa_ADE_train_00000688,edited,original,data/edits/main_real_200/pilot_bceacc91c7dd.jpg,data/edits/spurious_v2_control/images/orig/sflip_sofa_ADE_train_00000688.jpg,4,False,SCIENTIFIC_SET_COLLISION
DHASH_NEAR_DUPLICATE,pilot_intervention_91,specificity_v2_30,preview_pilot_bceacc91c7dd,sflip_sofa_ADE_train_00000688,edited,edited,data/edits/main_real_200/pilot_bceacc91c7dd.jpg,data/edits/spurious_v2_control/images/control/sflip_sofa_ADE_train_00000688.jpg,6,False,SCIENTIFIC_SET_COLLISION
DHASH_NEAR_DUPLICATE,pilot_intervention_91,specificity_v2_30,preview_pilot_caf50be3f2be,sflip_chair_ADE_train_00000374,original,original,data/edits/main_real_200/orig/pilot_caf50be3f2be.jpg,data/edits/spurious_v2_control/images/orig/sflip_chair_ADE_train_00000374.jpg,0,False,SCIENTIFIC_SET_COLLISION
DHASH_NEAR_DUPLICATE,pilot_intervention_91,specificity_v2_30,preview_pilot_caf50be3f2be,sflip_chair_ADE_train_00000374,original,edited,data/edits/main_real_200/orig/pilot_caf50be3f2be.jpg,data/edits/spurious_v2_control/images/control/sflip_chair_ADE_train_00000374.jpg,1,False,SCIENTIFIC_SET_COLLISION
DHASH_NEAR_DUPLICATE,pilot_intervention_91,specificity_v2_30,preview_pilot_caf50be3f2be,sflip_chair_ADE_train_00000374,edited,original,data/edits/main_real_200/pilot_caf50be3f2be.jpg,data/edits/spurious_v2_control/images/orig/sflip_chair_ADE_train_00000374.jpg,2,False,SCIENTIFIC_SET_COLLISION
DHASH_NEAR_DUPLICATE,pilot_intervention_91,specificity_v2_30,preview_pilot_caf50be3f2be,sflip_chair_ADE_train_00000374,edited,edited,data/edits/main_real_200/pilot_caf50be3f2be.jpg,data/edits/spurious_v2_control/images/control/sflip_chair_ADE_train_00000374.jpg,3,False,SCIENTIFIC_SET_COLLISION
DHASH_NEAR_DUPLICATE,pilot_intervention_91,specificity_v2_30,preview_pilot_dfc7f95c2bf6,sflip_sofa_ADE_train_00000740,original,original,data/edits/main_real_200/orig/pilot_dfc7f95c2bf6.jpg,data/edits/spurious_v2_control/images/orig/sflip_sofa_ADE_train_00000740.jpg,0,False,SCIENTIFIC_SET_COLLISION
DHASH_NEAR_DUPLICATE,pilot_intervention_91,specificity_v2_30,preview_pilot_dfc7f95c2bf6,sflip_sofa_ADE_train_00000740,original,edited,data/edits/main_real_200/orig/pilot_dfc7f95c2bf6.jpg,data/edits/spurious_v2_control/images/control/sflip_sofa_ADE_train_00000740.jpg,0,False,SCIENTIFIC_SET_COLLISION
DHASH_NEAR_DUPLICATE,pilot_intervention_91,specificity_v2_30,preview_pilot_dfc7f95c2bf6,sflip_sofa_ADE_train_00000740,edited,original,data/edits/main_real_200/pilot_dfc7f95c2bf6.jpg,data/edits/spurious_v2_control/images/orig/sflip_sofa_ADE_train_00000740.jpg,3,False,SCIENTIFIC_SET_COLLISION
DHASH_NEAR_DUPLICATE,pilot_intervention_91,specificity_v2_30,preview_pilot_dfc7f95c2bf6,sflip_sofa_ADE_train_00000740,edited,edited,data/edits/main_real_200/pilot_dfc7f95c2bf6.jpg,data/edits/spurious_v2_control/images/control/sflip_sofa_ADE_train_00000740.jpg,3,False,SCIENTIFIC_SET_COLLISION
DHASH_NEAR_DUPLICATE,pilot_intervention_91,specificity_v2_30,preview_pilot_f7f706d3f9f5,sflip_sofa_ADE_train_00000693,original,original,data/edits/main_real_200/orig/pilot_f7f706d3f9f5.jpg,data/edits/spurious_v2_control/images/orig/sflip_sofa_ADE_train_00000693.jpg,0,False,SCIENTIFIC_SET_COLLISION
DHASH_NEAR_DUPLICATE,pilot_intervention_91,specificity_v2_30,preview_pilot_f7f706d3f9f5,sflip_sofa_ADE_train_00000693,original,edited,data/edits/main_real_200/orig/pilot_f7f706d3f9f5.jpg,data/edits/spurious_v2_control/images/control/sflip_sofa_ADE_train_00000693.jpg,0,False,SCIENTIFIC_SET_COLLISION
DHASH_NEAR_DUPLICATE,specificity_v1_94,specificity_v2_30,sflip_car_ADE_train_00002034,sflip_car_ADE_train_00002034,original,original,data/edits/spurious_flip_control/orig/sflip_car_ADE_train_00002034.jpg,data/edits/spurious_v2_control/images/orig/sflip_car_ADE_train_00002034.jpg,0,False,KNOWN_V2_RETROSPECTIVE_REUSE
DHASH_NEAR_DUPLICATE,specificity_v1_94,specificity_v2_30,sflip_car_ADE_train_00002034,sflip_car_ADE_train_00002034,original,edited,data/edits/spurious_flip_control/orig/sflip_car_ADE_train_00002034.jpg,data/edits/spurious_v2_control/images/control/sflip_car_ADE_train_00002034.jpg,1,False,KNOWN_V2_RETROSPECTIVE_REUSE
DHASH_NEAR_DUPLICATE,specificity_v1_94,specificity_v2_30,sflip_car_ADE_train_00002034,sflip_car_ADE_train_00002034,edited,original,data/edits/spurious_flip_control/sflip_car_ADE_train_00002034.jpg,data/edits/spurious_v2_control/images/orig/sflip_car_ADE_train_00002034.jpg,1,False,KNOWN_V2_RETROSPECTIVE_REUSE
DHASH_NEAR_DUPLICATE,specificity_v1_94,specificity_v2_30,sflip_car_ADE_train_00002034,sflip_car_ADE_train_00002034,edited,edited,data/edits/spurious_flip_control/sflip_car_ADE_train_00002034.jpg,data/edits/spurious_v2_control/images/control/sflip_car_ADE_train_00002034.jpg,0,False,KNOWN_V2_RETROSPECTIVE_REUSE
DHASH_NEAR_DUPLICATE,specificity_v1_94,specificity_v2_30,sflip_car_ADE_train_00004304,sflip_car_ADE_train_00004304,original,original,data/edits/spurious_flip_control/orig/sflip_car_ADE_train_00004304.jpg,data/edits/spurious_v2_control/images/orig/sflip_car_ADE_train_00004304.jpg,0,False,KNOWN_V2_RETROSPECTIVE_REUSE
DHASH_NEAR_DUPLICATE,specificity_v1_94,specificity_v2_30,sflip_car_ADE_train_00004304,sflip_car_ADE_train_00004304,original,edited,data/edits/spurious_flip_control/orig/sflip_car_ADE_train_00004304.jpg,data/edits/spurious_v2_control/images/control/sflip_car_ADE_train_00004304.jpg,0,False,KNOWN_V2_RETROSPECTIVE_REUSE
DHASH_NEAR_DUPLICATE,specificity_v1_94,specificity_v2_30,sflip_car_ADE_train_00004304,sflip_car_ADE_train_00004304,edited,original,data/edits/spurious_flip_control/sflip_car_ADE_train_00004304.jpg,data/edits/spurious_v2_control/images/orig/sflip_car_ADE_train_00004304.jpg,0,False,KNOWN_V2_RETROSPECTIVE_REUSE
DHASH_NEAR_DUPLICATE,specificity_v1_94,specificity_v2_30,sflip_car_ADE_train_00004304,sflip_car_ADE_train_00004304,edited,edited,data/edits/spurious_flip_control/sflip_car_ADE_train_00004304.jpg,data/edits/spurious_v2_control/images/control/sflip_car_ADE_train_00004304.jpg,0,False,KNOWN_V2_RETROSPECTIVE_REUSE
DHASH_NEAR_DUPLICATE,specificity_v1_94,specificity_v2_30,sflip_car_ADE_train_00004561,sflip_car_ADE_train_00004561,original,original,data/edits/spurious_flip_control/orig/sflip_car_ADE_train_00004561.jpg,data/edits/spurious_v2_control/images/orig/sflip_car_ADE_train_00004561.jpg,0,False,KNOWN_V2_RETROSPECTIVE_REUSE
DHASH_NEAR_DUPLICATE,specificity_v1_94,specificity_v2_30,sflip_car_ADE_train_00004561,sflip_car_ADE_train_00004561,original,edited,data/edits/spurious_flip_control/orig/sflip_car_ADE_train_00004561.jpg,data/edits/spurious_v2_control/images/control/sflip_car_ADE_train_00004561.jpg,0,False,KNOWN_V2_RETROSPECTIVE_REUSE
DHASH_NEAR_DUPLICATE,specificity_v1_94,specificity_v2_30,sflip_car_ADE_train_00004561,sflip_car_ADE_train_00004561,edited,original,data/edits/spurious_flip_control/sflip_car_ADE_train_00004561.jpg,data/edits/spurious_v2_control/images/orig/sflip_car_ADE_train_00004561.jpg,0,False,KNOWN_V2_RETROSPECTIVE_REUSE
DHASH_NEAR_DUPLICATE,specificity_v1_94,specificity_v2_30,sflip_car_ADE_train_00004561,sflip_car_ADE_train_00004561,edited,edited,data/edits/spurious_flip_control/sflip_car_ADE_train_00004561.jpg,data/edits/spurious_v2_control/images/control/sflip_car_ADE_train_00004561.jpg,0,False,KNOWN_V2_RETROSPECTIVE_REUSE
DHASH_NEAR_DUPLICATE,specificity_v1_94,specificity_v2_30,sflip_chair_ADE_train_00000194,sflip_chair_ADE_train_00000194,original,original,data/edits/spurious_flip_control/orig/sflip_chair_ADE_train_00000194.jpg,data/edits/spurious_v2_control/images/orig/sflip_chair_ADE_train_00000194.jpg,0,False,KNOWN_V2_RETROSPECTIVE_REUSE
DHASH_NEAR_DUPLICATE,specificity_v1_94,specificity_v2_30,sflip_chair_ADE_train_00000194,sflip_chair_ADE_train_00000194,original,edited,data/edits/spurious_flip_control/orig/sflip_chair_ADE_train_00000194.jpg,data/edits/spurious_v2_control/images/control/sflip_chair_ADE_train_00000194.jpg,2,False,KNOWN_V2_RETROSPECTIVE_REUSE
DHASH_NEAR_DUPLICATE,specificity_v1_94,specificity_v2_30,sflip_chair_ADE_train_00000194,sflip_chair_ADE_train_00000194,edited,original,data/edits/spurious_flip_control/sflip_chair_ADE_train_00000194.jpg,data/edits/spurious_v2_control/images/orig/sflip_chair_ADE_train_00000194.jpg,2,False,KNOWN_V2_RETROSPECTIVE_REUSE
DHASH_NEAR_DUPLICATE,specificity_v1_94,specificity_v2_30,sflip_chair_ADE_train_00000194,sflip_chair_ADE_train_00000194,edited,edited,data/edits/spurious_flip_control/sflip_chair_ADE_train_00000194.jpg,data/edits/spurious_v2_control/images/control/sflip_chair_ADE_train_00000194.jpg,0,False,KNOWN_V2_RETROSPECTIVE_REUSE
DHASH_NEAR_DUPLICATE,specificity_v1_94,specificity_v2_30,sflip_chair_ADE_train_00000374,sflip_chair_ADE_train_00000374,original,original,data/edits/spurious_flip_control/orig/sflip_chair_ADE_train_00000374.jpg,data/edits/spurious_v2_control/images/orig/sflip_chair_ADE_train_00000374.jpg,0,False,KNOWN_V2_RETROSPECTIVE_REUSE
DHASH_NEAR_DUPLICATE,specificity_v1_94,specificity_v2_30,sflip_chair_ADE_train_00000374,sflip_chair_ADE_train_00000374,original,edited,data/edits/spurious_flip_control/orig/sflip_chair_ADE_train_00000374.jpg,data/edits/spurious_v2_control/images/control/sflip_chair_ADE_train_00000374.jpg,1,False,KNOWN_V2_RETROSPECTIVE_REUSE
DHASH_NEAR_DUPLICATE,specificity_v1_94,specificity_v2_30,sflip_chair_ADE_train_00000374,sflip_chair_ADE_train_00000374,edited,original,data/edits/spurious_flip_control/sflip_chair_ADE_train_00000374.jpg,data/edits/spurious_v2_control/images/orig/sflip_chair_ADE_train_00000374.jpg,1,False,KNOWN_V2_RETROSPECTIVE_REUSE
DHASH_NEAR_DUPLICATE,specificity_v1_94,specificity_v2_30,sflip_chair_ADE_train_00000374,sflip_chair_ADE_train_00000374,edited,edited,data/edits/spurious_flip_control/sflip_chair_ADE_train_00000374.jpg,data/edits/spurious_v2_control/images/control/sflip_chair_ADE_train_00000374.jpg,0,False,KNOWN_V2_RETROSPECTIVE_REUSE
DHASH_NEAR_DUPLICATE,specificity_v1_94,specificity_v2_30,sflip_chair_ADE_train_00000469,sflip_chair_ADE_train_00000469,original,original,data/edits/spurious_flip_control/orig/sflip_chair_ADE_train_00000469.jpg,data/edits/spurious_v2_control/images/orig/sflip_chair_ADE_train_00000469.jpg,0,False,KNOWN_V2_RETROSPECTIVE_REUSE
DHASH_NEAR_DUPLICATE,specificity_v1_94,specificity_v2_30,sflip_chair_ADE_train_00000469,sflip_chair_ADE_train_00000469,original,edited,data/edits/spurious_flip_control/orig/sflip_chair_ADE_train_00000469.jpg,data/edits/spurious_v2_control/images/control/sflip_chair_ADE_train_00000469.jpg,3,False,KNOWN_V2_RETROSPECTIVE_REUSE
DHASH_NEAR_DUPLICATE,specificity_v1_94,specificity_v2_30,sflip_chair_ADE_train_00000469,sflip_chair_ADE_train_00000469,edited,original,data/edits/spurious_flip_control/sflip_chair_ADE_train_00000469.jpg,data/edits/spurious_v2_control/images/orig/sflip_chair_ADE_train_00000469.jpg,3,False,KNOWN_V2_RETROSPECTIVE_REUSE
DHASH_NEAR_DUPLICATE,specificity_v1_94,specificity_v2_30,sflip_chair_ADE_train_00000469,sflip_chair_ADE_train_00000469,edited,edited,data/edits/spurious_flip_control/sflip_chair_ADE_train_00000469.jpg,data/edits/spurious_v2_control/images/control/sflip_chair_ADE_train_00000469.jpg,0,False,KNOWN_V2_RETROSPECTIVE_REUSE
DHASH_NEAR_DUPLICATE,specificity_v1_94,specificity_v2_30,sflip_chair_ADE_train_00000622,sflip_chair_ADE_train_00000622,original,original,data/edits/spurious_flip_control/orig/sflip_chair_ADE_train_00000622.jpg,data/edits/spurious_v2_control/images/orig/sflip_chair_ADE_train_00000622.jpg,0,False,KNOWN_V2_RETROSPECTIVE_REUSE
DHASH_NEAR_DUPLICATE,specificity_v1_94,specificity_v2_30,sflip_chair_ADE_train_00000622,sflip_chair_ADE_train_00000622,original,edited,data/edits/spurious_flip_control/orig/sflip_chair_ADE_train_00000622.jpg,data/edits/spurious_v2_control/images/control/sflip_chair_ADE_train_00000622.jpg,2,False,KNOWN_V2_RETROSPECTIVE_REUSE
DHASH_NEAR_DUPLICATE,specificity_v1_94,specificity_v2_30,sflip_chair_ADE_train_00000622,sflip_chair_ADE_train_00000622,edited,original,data/edits/spurious_flip_control/sflip_chair_ADE_train_00000622.jpg,data/edits/spurious_v2_control/images/orig/sflip_chair_ADE_train_00000622.jpg,2,False,KNOWN_V2_RETROSPECTIVE_REUSE
DHASH_NEAR_DUPLICATE,specificity_v1_94,specificity_v2_30,sflip_chair_ADE_train_00000622,sflip_chair_ADE_train_00000622,edited,edited,data/edits/spurious_flip_control/sflip_chair_ADE_train_00000622.jpg,data/edits/spurious_v2_control/images/control/sflip_chair_ADE_train_00000622.jpg,0,False,KNOWN_V2_RETROSPECTIVE_REUSE
DHASH_NEAR_DUPLICATE,specificity_v1_94,specificity_v2_30,sflip_chair_ADE_train_00000630,sflip_chair_ADE_train_00000630,original,original,data/edits/spurious_flip_control/orig/sflip_chair_ADE_train_00000630.jpg,data/edits/spurious_v2_control/images/orig/sflip_chair_ADE_train_00000630.jpg,0,False,KNOWN_V2_RETROSPECTIVE_REUSE
DHASH_NEAR_DUPLICATE,specificity_v1_94,specificity_v2_30,sflip_chair_ADE_train_00000630,sflip_chair_ADE_train_00000630,original,edited,data/edits/spurious_flip_control/orig/sflip_chair_ADE_train_00000630.jpg,data/edits/spurious_v2_control/images/control/sflip_chair_ADE_train_00000630.jpg,0,False,KNOWN_V2_RETROSPECTIVE_REUSE
DHASH_NEAR_DUPLICATE,specificity_v1_94,specificity_v2_30,sflip_chair_ADE_train_00000630,sflip_chair_ADE_train_00000630,edited,original,data/edits/spurious_flip_control/sflip_chair_ADE_train_00000630.jpg,data/edits/spurious_v2_control/images/orig/sflip_chair_ADE_train_00000630.jpg,0,False,KNOWN_V2_RETROSPECTIVE_REUSE
DHASH_NEAR_DUPLICATE,specificity_v1_94,specificity_v2_30,sflip_chair_ADE_train_00000630,sflip_chair_ADE_train_00000630,edited,edited,data/edits/spurious_flip_control/sflip_chair_ADE_train_00000630.jpg,data/edits/spurious_v2_control/images/control/sflip_chair_ADE_train_00000630.jpg,0,False,KNOWN_V2_RETROSPECTIVE_REUSE
DHASH_NEAR_DUPLICATE,specificity_v1_94,specificity_v2_30,sflip_chair_ADE_train_00000728,sflip_chair_ADE_train_00000728,original,original,data/edits/spurious_flip_control/orig/sflip_chair_ADE_train_00000728.jpg,data/edits/spurious_v2_control/images/orig/sflip_chair_ADE_train_00000728.jpg,0,False,KNOWN_V2_RETROSPECTIVE_REUSE
DHASH_NEAR_DUPLICATE,specificity_v1_94,specificity_v2_30,sflip_chair_ADE_train_00000728,sflip_chair_ADE_train_00000728,original,edited,data/edits/spurious_flip_control/orig/sflip_chair_ADE_train_00000728.jpg,data/edits/spurious_v2_control/images/control/sflip_chair_ADE_train_00000728.jpg,2,False,KNOWN_V2_RETROSPECTIVE_REUSE
DHASH_NEAR_DUPLICATE,specificity_v1_94,specificity_v2_30,sflip_chair_ADE_train_00000728,sflip_chair_ADE_train_00000728,edited,original,data/edits/spurious_flip_control/sflip_chair_ADE_train_00000728.jpg,data/edits/spurious_v2_control/images/orig/sflip_chair_ADE_train_00000728.jpg,2,False,KNOWN_V2_RETROSPECTIVE_REUSE
DHASH_NEAR_DUPLICATE,specificity_v1_94,specificity_v2_30,sflip_chair_ADE_train_00000728,sflip_chair_ADE_train_00000728,edited,edited,data/edits/spurious_flip_control/sflip_chair_ADE_train_00000728.jpg,data/edits/spurious_v2_control/images/control/sflip_chair_ADE_train_00000728.jpg,0,False,KNOWN_V2_RETROSPECTIVE_REUSE
DHASH_NEAR_DUPLICATE,specificity_v1_94,specificity_v2_30,sflip_chair_ADE_train_00000928,sflip_chair_ADE_train_00000928,original,original,data/edits/spurious_flip_control/orig/sflip_chair_ADE_train_00000928.jpg,data/edits/spurious_v2_control/images/orig/sflip_chair_ADE_train_00000928.jpg,0,False,KNOWN_V2_RETROSPECTIVE_REUSE
DHASH_NEAR_DUPLICATE,specificity_v1_94,specificity_v2_30,sflip_chair_ADE_train_00000928,sflip_chair_ADE_train_00000928,original,edited,data/edits/spurious_flip_control/orig/sflip_chair_ADE_train_00000928.jpg,data/edits/spurious_v2_control/images/control/sflip_chair_ADE_train_00000928.jpg,2,False,KNOWN_V2_RETROSPECTIVE_REUSE
DHASH_NEAR_DUPLICATE,specificity_v1_94,specificity_v2_30,sflip_chair_ADE_train_00000928,sflip_chair_ADE_train_00000928,edited,original,data/edits/spurious_flip_control/sflip_chair_ADE_train_00000928.jpg,data/edits/spurious_v2_control/images/orig/sflip_chair_ADE_train_00000928.jpg,2,False,KNOWN_V2_RETROSPECTIVE_REUSE
DHASH_NEAR_DUPLICATE,specificity_v1_94,specificity_v2_30,sflip_chair_ADE_train_00000928,sflip_chair_ADE_train_00000928,edited,edited,data/edits/spurious_flip_control/sflip_chair_ADE_train_00000928.jpg,data/edits/spurious_v2_control/images/control/sflip_chair_ADE_train_00000928.jpg,0,False,KNOWN_V2_RETROSPECTIVE_REUSE
DHASH_NEAR_DUPLICATE,specificity_v1_94,specificity_v2_30,sflip_chair_ADE_train_00001105,sflip_chair_ADE_train_00001105,original,original,data/edits/spurious_flip_control/orig/sflip_chair_ADE_train_00001105.jpg,data/edits/spurious_v2_control/images/orig/sflip_chair_ADE_train_00001105.jpg,0,False,KNOWN_V2_RETROSPECTIVE_REUSE
DHASH_NEAR_DUPLICATE,specificity_v1_94,specificity_v2_30,sflip_chair_ADE_train_00001105,sflip_chair_ADE_train_00001105,original,edited,data/edits/spurious_flip_control/orig/sflip_chair_ADE_train_00001105.jpg,data/edits/spurious_v2_control/images/control/sflip_chair_ADE_train_00001105.jpg,2,False,KNOWN_V2_RETROSPECTIVE_REUSE
DHASH_NEAR_DUPLICATE,specificity_v1_94,specificity_v2_30,sflip_chair_ADE_train_00001105,sflip_chair_ADE_train_00001105,edited,original,data/edits/spurious_flip_control/sflip_chair_ADE_train_00001105.jpg,data/edits/spurious_v2_control/images/orig/sflip_chair_ADE_train_00001105.jpg,2,False,KNOWN_V2_RETROSPECTIVE_REUSE
DHASH_NEAR_DUPLICATE,specificity_v1_94,specificity_v2_30,sflip_chair_ADE_train_00001105,sflip_chair_ADE_train_00001105,edited,edited,data/edits/spurious_flip_control/sflip_chair_ADE_train_00001105.jpg,data/edits/spurious_v2_control/images/control/sflip_chair_ADE_train_00001105.jpg,0,False,KNOWN_V2_RETROSPECTIVE_REUSE
DHASH_NEAR_DUPLICATE,specificity_v1_94,specificity_v2_30,sflip_sofa_ADE_train_00000653,sflip_sofa_ADE_train_00000653,original,original,data/edits/spurious_flip_control/orig/sflip_sofa_ADE_train_00000653.jpg,data/edits/spurious_v2_control/images/orig/sflip_sofa_ADE_train_00000653.jpg,0,False,KNOWN_V2_RETROSPECTIVE_REUSE
DHASH_NEAR_DUPLICATE,specificity_v1_94,specificity_v2_30,sflip_sofa_ADE_train_00000653,sflip_sofa_ADE_train_00000653,original,edited,data/edits/spurious_flip_control/orig/sflip_sofa_ADE_train_00000653.jpg,data/edits/spurious_v2_control/images/control/sflip_sofa_ADE_train_00000653.jpg,1,False,KNOWN_V2_RETROSPECTIVE_REUSE
DHASH_NEAR_DUPLICATE,specificity_v1_94,specificity_v2_30,sflip_sofa_ADE_train_00000653,sflip_sofa_ADE_train_00000653,edited,original,data/edits/spurious_flip_control/sflip_sofa_ADE_train_00000653.jpg,data/edits/spurious_v2_control/images/orig/sflip_sofa_ADE_train_00000653.jpg,1,False,KNOWN_V2_RETROSPECTIVE_REUSE
DHASH_NEAR_DUPLICATE,specificity_v1_94,specificity_v2_30,sflip_sofa_ADE_train_00000653,sflip_sofa_ADE_train_00000653,edited,edited,data/edits/spurious_flip_control/sflip_sofa_ADE_train_00000653.jpg,data/edits/spurious_v2_control/images/control/sflip_sofa_ADE_train_00000653.jpg,0,False,KNOWN_V2_RETROSPECTIVE_REUSE
DHASH_NEAR_DUPLICATE,specificity_v1_94,specificity_v2_30,sflip_sofa_ADE_train_00000668,sflip_sofa_ADE_train_00000668,original,original,data/edits/spurious_flip_control/orig/sflip_sofa_ADE_train_00000668.jpg,data/edits/spurious_v2_control/images/orig/sflip_sofa_ADE_train_00000668.jpg,0,False,KNOWN_V2_RETROSPECTIVE_REUSE
DHASH_NEAR_DUPLICATE,specificity_v1_94,specificity_v2_30,sflip_sofa_ADE_train_00000668,sflip_sofa_ADE_train_00000668,original,edited,data/edits/spurious_flip_control/orig/sflip_sofa_ADE_train_00000668.jpg,data/edits/spurious_v2_control/images/control/sflip_sofa_ADE_train_00000668.jpg,3,False,KNOWN_V2_RETROSPECTIVE_REUSE
DHASH_NEAR_DUPLICATE,specificity_v1_94,specificity_v2_30,sflip_sofa_ADE_train_00000668,sflip_sofa_ADE_train_00000668,edited,original,data/edits/spurious_flip_control/sflip_sofa_ADE_train_00000668.jpg,data/edits/spurious_v2_control/images/orig/sflip_sofa_ADE_train_00000668.jpg,3,False,KNOWN_V2_RETROSPECTIVE_REUSE
DHASH_NEAR_DUPLICATE,specificity_v1_94,specificity_v2_30,sflip_sofa_ADE_train_00000668,sflip_sofa_ADE_train_00000668,edited,edited,data/edits/spurious_flip_control/sflip_sofa_ADE_train_00000668.jpg,data/edits/spurious_v2_control/images/control/sflip_sofa_ADE_train_00000668.jpg,0,False,KNOWN_V2_RETROSPECTIVE_REUSE
DHASH_NEAR_DUPLICATE,specificity_v1_94,specificity_v2_30,sflip_sofa_ADE_train_00000671,sflip_sofa_ADE_train_00000671,original,original,data/edits/spurious_flip_control/orig/sflip_sofa_ADE_train_00000671.jpg,data/edits/spurious_v2_control/images/orig/sflip_sofa_ADE_train_00000671.jpg,0,False,KNOWN_V2_RETROSPECTIVE_REUSE
DHASH_NEAR_DUPLICATE,specificity_v1_94,specificity_v2_30,sflip_sofa_ADE_train_00000671,sflip_sofa_ADE_train_00000671,original,edited,data/edits/spurious_flip_control/orig/sflip_sofa_ADE_train_00000671.jpg,data/edits/spurious_v2_control/images/control/sflip_sofa_ADE_train_00000671.jpg,0,False,KNOWN_V2_RETROSPECTIVE_REUSE
DHASH_NEAR_DUPLICATE,specificity_v1_94,specificity_v2_30,sflip_sofa_ADE_train_00000671,sflip_sofa_ADE_train_00000671,edited,original,data/edits/spurious_flip_control/sflip_sofa_ADE_train_00000671.jpg,data/edits/spurious_v2_control/images/orig/sflip_sofa_ADE_train_00000671.jpg,0,False,KNOWN_V2_RETROSPECTIVE_REUSE
DHASH_NEAR_DUPLICATE,specificity_v1_94,specificity_v2_30,sflip_sofa_ADE_train_00000671,sflip_sofa_ADE_train_00000671,edited,edited,data/edits/spurious_flip_control/sflip_sofa_ADE_train_00000671.jpg,data/edits/spurious_v2_control/images/control/sflip_sofa_ADE_train_00000671.jpg,0,False,KNOWN_V2_RETROSPECTIVE_REUSE
DHASH_NEAR_DUPLICATE,specificity_v1_94,specificity_v2_30,sflip_sofa_ADE_train_00000675,sflip_sofa_ADE_train_00000675,original,original,data/edits/spurious_flip_control/orig/sflip_sofa_ADE_train_00000675.jpg,data/edits/spurious_v2_control/images/orig/sflip_sofa_ADE_train_00000675.jpg,0,False,KNOWN_V2_RETROSPECTIVE_REUSE
DHASH_NEAR_DUPLICATE,specificity_v1_94,specificity_v2_30,sflip_sofa_ADE_train_00000675,sflip_sofa_ADE_train_00000675,original,edited,data/edits/spurious_flip_control/orig/sflip_sofa_ADE_train_00000675.jpg,data/edits/spurious_v2_control/images/control/sflip_sofa_ADE_train_00000675.jpg,1,False,KNOWN_V2_RETROSPECTIVE_REUSE
DHASH_NEAR_DUPLICATE,specificity_v1_94,specificity_v2_30,sflip_sofa_ADE_train_00000675,sflip_sofa_ADE_train_00000675,edited,original,data/edits/spurious_flip_control/sflip_sofa_ADE_train_00000675.jpg,data/edits/spurious_v2_control/images/orig/sflip_sofa_ADE_train_00000675.jpg,1,False,KNOWN_V2_RETROSPECTIVE_REUSE
DHASH_NEAR_DUPLICATE,specificity_v1_94,specificity_v2_30,sflip_sofa_ADE_train_00000675,sflip_sofa_ADE_train_00000675,edited,edited,data/edits/spurious_flip_control/sflip_sofa_ADE_train_00000675.jpg,data/edits/spurious_v2_control/images/control/sflip_sofa_ADE_train_00000675.jpg,0,False,KNOWN_V2_RETROSPECTIVE_REUSE
DHASH_NEAR_DUPLICATE,specificity_v1_94,specificity_v2_30,sflip_sofa_ADE_train_00000688,sflip_sofa_ADE_train_00000688,original,original,data/edits/spurious_flip_control/orig/sflip_sofa_ADE_train_00000688.jpg,data/edits/spurious_v2_control/images/orig/sflip_sofa_ADE_train_00000688.jpg,0,False,KNOWN_V2_RETROSPECTIVE_REUSE
DHASH_NEAR_DUPLICATE,specificity_v1_94,specificity_v2_30,sflip_sofa_ADE_train_00000688,sflip_sofa_ADE_train_00000688,original,edited,data/edits/spurious_flip_control/orig/sflip_sofa_ADE_train_00000688.jpg,data/edits/spurious_v2_control/images/control/sflip_sofa_ADE_train_00000688.jpg,2,False,KNOWN_V2_RETROSPECTIVE_REUSE
DHASH_NEAR_DUPLICATE,specificity_v1_94,specificity_v2_30,sflip_sofa_ADE_train_00000688,sflip_sofa_ADE_train_00000688,edited,original,data/edits/spurious_flip_control/sflip_sofa_ADE_train_00000688.jpg,data/edits/spurious_v2_control/images/orig/sflip_sofa_ADE_train_00000688.jpg,2,False,KNOWN_V2_RETROSPECTIVE_REUSE
DHASH_NEAR_DUPLICATE,specificity_v1_94,specificity_v2_30,sflip_sofa_ADE_train_00000688,sflip_sofa_ADE_train_00000688,edited,edited,data/edits/spurious_flip_control/sflip_sofa_ADE_train_00000688.jpg,data/edits/spurious_v2_control/images/control/sflip_sofa_ADE_train_00000688.jpg,0,False,KNOWN_V2_RETROSPECTIVE_REUSE
DHASH_NEAR_DUPLICATE,specificity_v1_94,specificity_v2_30,sflip_sofa_ADE_train_00000693,sflip_sofa_ADE_train_00000693,original,original,data/edits/spurious_flip_control/orig/sflip_sofa_ADE_train_00000693.jpg,data/edits/spurious_v2_control/images/orig/sflip_sofa_ADE_train_00000693.jpg,0,False,KNOWN_V2_RETROSPECTIVE_REUSE
DHASH_NEAR_DUPLICATE,specificity_v1_94,specificity_v2_30,sflip_sofa_ADE_train_00000693,sflip_sofa_ADE_train_00000693,original,edited,data/edits/spurious_flip_control/orig/sflip_sofa_ADE_train_00000693.jpg,data/edits/spurious_v2_control/images/control/sflip_sofa_ADE_train_00000693.jpg,0,False,KNOWN_V2_RETROSPECTIVE_REUSE
DHASH_NEAR_DUPLICATE,specificity_v1_94,specificity_v2_30,sflip_sofa_ADE_train_00000693,sflip_sofa_ADE_train_00000693,edited,original,data/edits/spurious_flip_control/sflip_sofa_ADE_train_00000693.jpg,data/edits/spurious_v2_control/images/orig/sflip_sofa_ADE_train_00000693.jpg,0,False,KNOWN_V2_RETROSPECTIVE_REUSE
DHASH_NEAR_DUPLICATE,specificity_v1_94,specificity_v2_30,sflip_sofa_ADE_train_00000693,sflip_sofa_ADE_train_00000693,edited,edited,data/edits/spurious_flip_control/sflip_sofa_ADE_train_00000693.jpg,data/edits/spurious_v2_control/images/control/sflip_sofa_ADE_train_00000693.jpg,0,False,KNOWN_V2_RETROSPECTIVE_REUSE
DHASH_NEAR_DUPLICATE,specificity_v1_94,specificity_v2_30,sflip_sofa_ADE_train_00000701,sflip_sofa_ADE_train_00000701,original,original,data/edits/spurious_flip_control/orig/sflip_sofa_ADE_train_00000701.jpg,data/edits/spurious_v2_control/images/orig/sflip_sofa_ADE_train_00000701.jpg,0,False,KNOWN_V2_RETROSPECTIVE_REUSE
DHASH_NEAR_DUPLICATE,specificity_v1_94,specificity_v2_30,sflip_sofa_ADE_train_00000701,sflip_sofa_ADE_train_00000701,original,edited,data/edits/spurious_flip_control/orig/sflip_sofa_ADE_train_00000701.jpg,data/edits/spurious_v2_control/images/control/sflip_sofa_ADE_train_00000701.jpg,1,False,KNOWN_V2_RETROSPECTIVE_REUSE
DHASH_NEAR_DUPLICATE,specificity_v1_94,specificity_v2_30,sflip_sofa_ADE_train_00000701,sflip_sofa_ADE_train_00000701,edited,original,data/edits/spurious_flip_control/sflip_sofa_ADE_train_00000701.jpg,data/edits/spurious_v2_control/images/orig/sflip_sofa_ADE_train_00000701.jpg,1,False,KNOWN_V2_RETROSPECTIVE_REUSE
DHASH_NEAR_DUPLICATE,specificity_v1_94,specificity_v2_30,sflip_sofa_ADE_train_00000701,sflip_sofa_ADE_train_00000701,edited,edited,data/edits/spurious_flip_control/sflip_sofa_ADE_train_00000701.jpg,data/edits/spurious_v2_control/images/control/sflip_sofa_ADE_train_00000701.jpg,0,False,KNOWN_V2_RETROSPECTIVE_REUSE
DHASH_NEAR_DUPLICATE,specificity_v1_94,specificity_v2_30,sflip_sofa_ADE_train_00000706,sflip_sofa_ADE_train_00000706,original,original,data/edits/spurious_flip_control/orig/sflip_sofa_ADE_train_00000706.jpg,data/edits/spurious_v2_control/images/orig/sflip_sofa_ADE_train_00000706.jpg,0,False,KNOWN_V2_RETROSPECTIVE_REUSE
DHASH_NEAR_DUPLICATE,specificity_v1_94,specificity_v2_30,sflip_sofa_ADE_train_00000706,sflip_sofa_ADE_train_00000706,original,edited,data/edits/spurious_flip_control/orig/sflip_sofa_ADE_train_00000706.jpg,data/edits/spurious_v2_control/images/control/sflip_sofa_ADE_train_00000706.jpg,1,False,KNOWN_V2_RETROSPECTIVE_REUSE
DHASH_NEAR_DUPLICATE,specificity_v1_94,specificity_v2_30,sflip_sofa_ADE_train_00000706,sflip_sofa_ADE_train_00000706,edited,original,data/edits/spurious_flip_control/sflip_sofa_ADE_train_00000706.jpg,data/edits/spurious_v2_control/images/orig/sflip_sofa_ADE_train_00000706.jpg,1,False,KNOWN_V2_RETROSPECTIVE_REUSE
DHASH_NEAR_DUPLICATE,specificity_v1_94,specificity_v2_30,sflip_sofa_ADE_train_00000706,sflip_sofa_ADE_train_00000706,edited,edited,data/edits/spurious_flip_control/sflip_sofa_ADE_train_00000706.jpg,data/edits/spurious_v2_control/images/control/sflip_sofa_ADE_train_00000706.jpg,0,False,KNOWN_V2_RETROSPECTIVE_REUSE
DHASH_NEAR_DUPLICATE,specificity_v1_94,specificity_v2_30,sflip_sofa_ADE_train_00000717,sflip_sofa_ADE_train_00000717,original,original,data/edits/spurious_flip_control/orig/sflip_sofa_ADE_train_00000717.jpg,data/edits/spurious_v2_control/images/orig/sflip_sofa_ADE_train_00000717.jpg,0,False,KNOWN_V2_RETROSPECTIVE_REUSE
DHASH_NEAR_DUPLICATE,specificity_v1_94,specificity_v2_30,sflip_sofa_ADE_train_00000717,sflip_sofa_ADE_train_00000717,original,edited,data/edits/spurious_flip_control/orig/sflip_sofa_ADE_train_00000717.jpg,data/edits/spurious_v2_control/images/control/sflip_sofa_ADE_train_00000717.jpg,0,False,KNOWN_V2_RETROSPECTIVE_REUSE
DHASH_NEAR_DUPLICATE,specificity_v1_94,specificity_v2_30,sflip_sofa_ADE_train_00000717,sflip_sofa_ADE_train_00000717,edited,original,data/edits/spurious_flip_control/sflip_sofa_ADE_train_00000717.jpg,data/edits/spurious_v2_control/images/orig/sflip_sofa_ADE_train_00000717.jpg,0,False,KNOWN_V2_RETROSPECTIVE_REUSE
DHASH_NEAR_DUPLICATE,specificity_v1_94,specificity_v2_30,sflip_sofa_ADE_train_00000717,sflip_sofa_ADE_train_00000717,edited,edited,data/edits/spurious_flip_control/sflip_sofa_ADE_train_00000717.jpg,data/edits/spurious_v2_control/images/control/sflip_sofa_ADE_train_00000717.jpg,0,False,KNOWN_V2_RETROSPECTIVE_REUSE
DHASH_NEAR_DUPLICATE,specificity_v1_94,specificity_v2_30,sflip_sofa_ADE_train_00000732,sflip_sofa_ADE_train_00000732,original,original,data/edits/spurious_flip_control/orig/sflip_sofa_ADE_train_00000732.jpg,data/edits/spurious_v2_control/images/orig/sflip_sofa_ADE_train_00000732.jpg,0,False,KNOWN_V2_RETROSPECTIVE_REUSE
DHASH_NEAR_DUPLICATE,specificity_v1_94,specificity_v2_30,sflip_sofa_ADE_train_00000732,sflip_sofa_ADE_train_00000732,original,edited,data/edits/spurious_flip_control/orig/sflip_sofa_ADE_train_00000732.jpg,data/edits/spurious_v2_control/images/control/sflip_sofa_ADE_train_00000732.jpg,1,False,KNOWN_V2_RETROSPECTIVE_REUSE
DHASH_NEAR_DUPLICATE,specificity_v1_94,specificity_v2_30,sflip_sofa_ADE_train_00000732,sflip_sofa_ADE_train_00000732,edited,original,data/edits/spurious_flip_control/sflip_sofa_ADE_train_00000732.jpg,data/edits/spurious_v2_control/images/orig/sflip_sofa_ADE_train_00000732.jpg,1,False,KNOWN_V2_RETROSPECTIVE_REUSE
DHASH_NEAR_DUPLICATE,specificity_v1_94,specificity_v2_30,sflip_sofa_ADE_train_00000732,sflip_sofa_ADE_train_00000732,edited,edited,data/edits/spurious_flip_control/sflip_sofa_ADE_train_00000732.jpg,data/edits/spurious_v2_control/images/control/sflip_sofa_ADE_train_00000732.jpg,0,False,KNOWN_V2_RETROSPECTIVE_REUSE
DHASH_NEAR_DUPLICATE,specificity_v1_94,specificity_v2_30,sflip_sofa_ADE_train_00000740,sflip_sofa_ADE_train_00000740,original,original,data/edits/spurious_flip_control/orig/sflip_sofa_ADE_train_00000740.jpg,data/edits/spurious_v2_control/images/orig/sflip_sofa_ADE_train_00000740.jpg,0,False,KNOWN_V2_RETROSPECTIVE_REUSE
DHASH_NEAR_DUPLICATE,specificity_v1_94,specificity_v2_30,sflip_sofa_ADE_train_00000740,sflip_sofa_ADE_train_00000740,original,edited,data/edits/spurious_flip_control/orig/sflip_sofa_ADE_train_00000740.jpg,data/edits/spurious_v2_control/images/control/sflip_sofa_ADE_train_00000740.jpg,0,False,KNOWN_V2_RETROSPECTIVE_REUSE
DHASH_NEAR_DUPLICATE,specificity_v1_94,specificity_v2_30,sflip_sofa_ADE_train_00000740,sflip_sofa_ADE_train_00000740,edited,original,data/edits/spurious_flip_control/sflip_sofa_ADE_train_00000740.jpg,data/edits/spurious_v2_control/images/orig/sflip_sofa_ADE_train_00000740.jpg,0,False,KNOWN_V2_RETROSPECTIVE_REUSE
DHASH_NEAR_DUPLICATE,specificity_v1_94,specificity_v2_30,sflip_sofa_ADE_train_00000740,sflip_sofa_ADE_train_00000740,edited,edited,data/edits/spurious_flip_control/sflip_sofa_ADE_train_00000740.jpg,data/edits/spurious_v2_control/images/control/sflip_sofa_ADE_train_00000740.jpg,0,False,KNOWN_V2_RETROSPECTIVE_REUSE
DHASH_NEAR_DUPLICATE,specificity_v1_94,specificity_v2_30,sflip_table_ADE_train_00000196,sflip_table_ADE_train_00000196,original,original,data/edits/spurious_flip_control/orig/sflip_table_ADE_train_00000196.jpg,data/edits/spurious_v2_control/images/orig/sflip_table_ADE_train_00000196.jpg,0,False,KNOWN_V2_RETROSPECTIVE_REUSE
DHASH_NEAR_DUPLICATE,specificity_v1_94,specificity_v2_30,sflip_table_ADE_train_00000196,sflip_table_ADE_train_00000196,original,edited,data/edits/spurious_flip_control/orig/sflip_table_ADE_train_00000196.jpg,data/edits/spurious_v2_control/images/control/sflip_table_ADE_train_00000196.jpg,4,False,KNOWN_V2_RETROSPECTIVE_REUSE
DHASH_NEAR_DUPLICATE,specificity_v1_94,specificity_v2_30,sflip_table_ADE_train_00000196,sflip_table_ADE_train_00000196,edited,original,data/edits/spurious_flip_control/sflip_table_ADE_train_00000196.jpg,data/edits/spurious_v2_control/images/orig/sflip_table_ADE_train_00000196.jpg,4,False,KNOWN_V2_RETROSPECTIVE_REUSE
DHASH_NEAR_DUPLICATE,specificity_v1_94,specificity_v2_30,sflip_table_ADE_train_00000196,sflip_table_ADE_train_00000196,edited,edited,data/edits/spurious_flip_control/sflip_table_ADE_train_00000196.jpg,data/edits/spurious_v2_control/images/control/sflip_table_ADE_train_00000196.jpg,0,False,KNOWN_V2_RETROSPECTIVE_REUSE
DHASH_NEAR_DUPLICATE,specificity_v1_94,specificity_v2_30,sflip_table_ADE_train_00000218,sflip_table_ADE_train_00000218,original,original,data/edits/spurious_flip_control/orig/sflip_table_ADE_train_00000218.jpg,data/edits/spurious_v2_control/images/orig/sflip_table_ADE_train_00000218.jpg,0,False,KNOWN_V2_RETROSPECTIVE_REUSE
DHASH_NEAR_DUPLICATE,specificity_v1_94,specificity_v2_30,sflip_table_ADE_train_00000218,sflip_table_ADE_train_00000218,original,edited,data/edits/spurious_flip_control/orig/sflip_table_ADE_train_00000218.jpg,data/edits/spurious_v2_control/images/control/sflip_table_ADE_train_00000218.jpg,2,False,KNOWN_V2_RETROSPECTIVE_REUSE
DHASH_NEAR_DUPLICATE,specificity_v1_94,specificity_v2_30,sflip_table_ADE_train_00000218,sflip_table_ADE_train_00000218,edited,original,data/edits/spurious_flip_control/sflip_table_ADE_train_00000218.jpg,data/edits/spurious_v2_control/images/orig/sflip_table_ADE_train_00000218.jpg,2,False,KNOWN_V2_RETROSPECTIVE_REUSE
DHASH_NEAR_DUPLICATE,specificity_v1_94,specificity_v2_30,sflip_table_ADE_train_00000218,sflip_table_ADE_train_00000218,edited,edited,data/edits/spurious_flip_control/sflip_table_ADE_train_00000218.jpg,data/edits/spurious_v2_control/images/control/sflip_table_ADE_train_00000218.jpg,0,False,KNOWN_V2_RETROSPECTIVE_REUSE
DHASH_NEAR_DUPLICATE,specificity_v1_94,specificity_v2_30,sflip_table_ADE_train_00000228,sflip_table_ADE_train_00000228,original,original,data/edits/spurious_flip_control/orig/sflip_table_ADE_train_00000228.jpg,data/edits/spurious_v2_control/images/orig/sflip_table_ADE_train_00000228.jpg,0,False,KNOWN_V2_RETROSPECTIVE_REUSE
DHASH_NEAR_DUPLICATE,specificity_v1_94,specificity_v2_30,sflip_table_ADE_train_00000228,sflip_table_ADE_train_00000228,original,edited,data/edits/spurious_flip_control/orig/sflip_table_ADE_train_00000228.jpg,data/edits/spurious_v2_control/images/control/sflip_table_ADE_train_00000228.jpg,0,False,KNOWN_V2_RETROSPECTIVE_REUSE
DHASH_NEAR_DUPLICATE,specificity_v1_94,specificity_v2_30,sflip_table_ADE_train_00000228,sflip_table_ADE_train_00000228,edited,original,data/edits/spurious_flip_control/sflip_table_ADE_train_00000228.jpg,data/edits/spurious_v2_control/images/orig/sflip_table_ADE_train_00000228.jpg,0,False,KNOWN_V2_RETROSPECTIVE_REUSE
DHASH_NEAR_DUPLICATE,specificity_v1_94,specificity_v2_30,sflip_table_ADE_train_00000228,sflip_table_ADE_train_00000228,edited,edited,data/edits/spurious_flip_control/sflip_table_ADE_train_00000228.jpg,data/edits/spurious_v2_control/images/control/sflip_table_ADE_train_00000228.jpg,0,False,KNOWN_V2_RETROSPECTIVE_REUSE
DHASH_NEAR_DUPLICATE,specificity_v1_94,specificity_v2_30,sflip_table_ADE_train_00000233,sflip_table_ADE_train_00000233,original,original,data/edits/spurious_flip_control/orig/sflip_table_ADE_train_00000233.jpg,data/edits/spurious_v2_control/images/orig/sflip_table_ADE_train_00000233.jpg,0,False,KNOWN_V2_RETROSPECTIVE_REUSE
DHASH_NEAR_DUPLICATE,specificity_v1_94,specificity_v2_30,sflip_table_ADE_train_00000233,sflip_table_ADE_train_00000233,original,edited,data/edits/spurious_flip_control/orig/sflip_table_ADE_train_00000233.jpg,data/edits/spurious_v2_control/images/control/sflip_table_ADE_train_00000233.jpg,5,False,KNOWN_V2_RETROSPECTIVE_REUSE
DHASH_NEAR_DUPLICATE,specificity_v1_94,specificity_v2_30,sflip_table_ADE_train_00000233,sflip_table_ADE_train_00000233,edited,original,data/edits/spurious_flip_control/sflip_table_ADE_train_00000233.jpg,data/edits/spurious_v2_control/images/orig/sflip_table_ADE_train_00000233.jpg,5,False,KNOWN_V2_RETROSPECTIVE_REUSE
DHASH_NEAR_DUPLICATE,specificity_v1_94,specificity_v2_30,sflip_table_ADE_train_00000233,sflip_table_ADE_train_00000233,edited,edited,data/edits/spurious_flip_control/sflip_table_ADE_train_00000233.jpg,data/edits/spurious_v2_control/images/control/sflip_table_ADE_train_00000233.jpg,0,False,KNOWN_V2_RETROSPECTIVE_REUSE
DHASH_NEAR_DUPLICATE,specificity_v1_94,specificity_v2_30,sflip_table_ADE_train_00000289,sflip_table_ADE_train_00000289,original,original,data/edits/spurious_flip_control/orig/sflip_table_ADE_train_00000289.jpg,data/edits/spurious_v2_control/images/orig/sflip_table_ADE_train_00000289.jpg,0,False,KNOWN_V2_RETROSPECTIVE_REUSE
DHASH_NEAR_DUPLICATE,specificity_v1_94,specificity_v2_30,sflip_table_ADE_train_00000289,sflip_table_ADE_train_00000289,original,edited,data/edits/spurious_flip_control/orig/sflip_table_ADE_train_00000289.jpg,data/edits/spurious_v2_control/images/control/sflip_table_ADE_train_00000289.jpg,2,False,KNOWN_V2_RETROSPECTIVE_REUSE
DHASH_NEAR_DUPLICATE,specificity_v1_94,specificity_v2_30,sflip_table_ADE_train_00000289,sflip_table_ADE_train_00000289,edited,original,data/edits/spurious_flip_control/sflip_table_ADE_train_00000289.jpg,data/edits/spurious_v2_control/images/orig/sflip_table_ADE_train_00000289.jpg,2,False,KNOWN_V2_RETROSPECTIVE_REUSE
DHASH_NEAR_DUPLICATE,specificity_v1_94,specificity_v2_30,sflip_table_ADE_train_00000289,sflip_table_ADE_train_00000289,edited,edited,data/edits/spurious_flip_control/sflip_table_ADE_train_00000289.jpg,data/edits/spurious_v2_control/images/control/sflip_table_ADE_train_00000289.jpg,0,False,KNOWN_V2_RETROSPECTIVE_REUSE
DHASH_NEAR_DUPLICATE,specificity_v1_94,specificity_v2_30,sflip_table_ADE_train_00000384,sflip_table_ADE_train_00000384,original,original,data/edits/spurious_flip_control/orig/sflip_table_ADE_train_00000384.jpg,data/edits/spurious_v2_control/images/orig/sflip_table_ADE_train_00000384.jpg,0,False,KNOWN_V2_RETROSPECTIVE_REUSE
DHASH_NEAR_DUPLICATE,specificity_v1_94,specificity_v2_30,sflip_table_ADE_train_00000384,sflip_table_ADE_train_00000384,original,edited,data/edits/spurious_flip_control/orig/sflip_table_ADE_train_00000384.jpg,data/edits/spurious_v2_control/images/control/sflip_table_ADE_train_00000384.jpg,1,False,KNOWN_V2_RETROSPECTIVE_REUSE
DHASH_NEAR_DUPLICATE,specificity_v1_94,specificity_v2_30,sflip_table_ADE_train_00000384,sflip_table_ADE_train_00000384,edited,original,data/edits/spurious_flip_control/sflip_table_ADE_train_00000384.jpg,data/edits/spurious_v2_control/images/orig/sflip_table_ADE_train_00000384.jpg,1,False,KNOWN_V2_RETROSPECTIVE_REUSE
DHASH_NEAR_DUPLICATE,specificity_v1_94,specificity_v2_30,sflip_table_ADE_train_00000384,sflip_table_ADE_train_00000384,edited,edited,data/edits/spurious_flip_control/sflip_table_ADE_train_00000384.jpg,data/edits/spurious_v2_control/images/control/sflip_table_ADE_train_00000384.jpg,0,False,KNOWN_V2_RETROSPECTIVE_REUSE
DHASH_NEAR_DUPLICATE,specificity_v1_94,specificity_v2_30,sflip_table_ADE_train_00000425,sflip_table_ADE_train_00000425,original,original,data/edits/spurious_flip_control/orig/sflip_table_ADE_train_00000425.jpg,data/edits/spurious_v2_control/images/orig/sflip_table_ADE_train_00000425.jpg,0,False,KNOWN_V2_RETROSPECTIVE_REUSE
DHASH_NEAR_DUPLICATE,specificity_v1_94,specificity_v2_30,sflip_table_ADE_train_00000425,sflip_table_ADE_train_00000425,original,edited,data/edits/spurious_flip_control/orig/sflip_table_ADE_train_00000425.jpg,data/edits/spurious_v2_control/images/control/sflip_table_ADE_train_00000425.jpg,1,False,KNOWN_V2_RETROSPECTIVE_REUSE
DHASH_NEAR_DUPLICATE,specificity_v1_94,specificity_v2_30,sflip_table_ADE_train_00000425,sflip_table_ADE_train_00000425,edited,original,data/edits/spurious_flip_control/sflip_table_ADE_train_00000425.jpg,data/edits/spurious_v2_control/images/orig/sflip_table_ADE_train_00000425.jpg,1,False,KNOWN_V2_RETROSPECTIVE_REUSE
DHASH_NEAR_DUPLICATE,specificity_v1_94,specificity_v2_30,sflip_table_ADE_train_00000425,sflip_table_ADE_train_00000425,edited,edited,data/edits/spurious_flip_control/sflip_table_ADE_train_00000425.jpg,data/edits/spurious_v2_control/images/control/sflip_table_ADE_train_00000425.jpg,0,False,KNOWN_V2_RETROSPECTIVE_REUSE
DHASH_NEAR_DUPLICATE,specificity_v1_94,specificity_v2_30,sflip_table_ADE_train_00000452,sflip_table_ADE_train_00000452,original,original,data/edits/spurious_flip_control/orig/sflip_table_ADE_train_00000452.jpg,data/edits/spurious_v2_control/images/orig/sflip_table_ADE_train_00000452.jpg,1,False,KNOWN_V2_RETROSPECTIVE_REUSE
DHASH_NEAR_DUPLICATE,specificity_v1_94,specificity_v2_30,sflip_table_ADE_train_00000452,sflip_table_ADE_train_00000452,original,edited,data/edits/spurious_flip_control/orig/sflip_table_ADE_train_00000452.jpg,data/edits/spurious_v2_control/images/control/sflip_table_ADE_train_00000452.jpg,1,False,KNOWN_V2_RETROSPECTIVE_REUSE
DHASH_NEAR_DUPLICATE,specificity_v1_94,specificity_v2_30,sflip_table_ADE_train_00000452,sflip_table_ADE_train_00000452,edited,original,data/edits/spurious_flip_control/sflip_table_ADE_train_00000452.jpg,data/edits/spurious_v2_control/images/orig/sflip_table_ADE_train_00000452.jpg,1,False,KNOWN_V2_RETROSPECTIVE_REUSE
DHASH_NEAR_DUPLICATE,specificity_v1_94,specificity_v2_30,sflip_table_ADE_train_00000452,sflip_table_ADE_train_00000452,edited,edited,data/edits/spurious_flip_control/sflip_table_ADE_train_00000452.jpg,data/edits/spurious_v2_control/images/control/sflip_table_ADE_train_00000452.jpg,1,False,KNOWN_V2_RETROSPECTIVE_REUSE
EXACT_SHA256,pilot_intervention_91,specificity_v1_94,preview_pilot_01fc561f2ad1,sflip_sofa_ADE_train_00000701,original,original,data/edits/main_real_200/orig/pilot_01fc561f2ad1.jpg,data/edits/spurious_flip_control/orig/sflip_sofa_ADE_train_00000701.jpg,,False,SCIENTIFIC_SET_COLLISION
EXACT_SHA256,pilot_intervention_91,specificity_v1_94,preview_pilot_0c14103036aa,sflip_sofa_ADE_train_00000741,original,original,data/edits/main_real_200/orig/pilot_0c14103036aa.jpg,data/edits/spurious_flip_control/orig/sflip_sofa_ADE_train_00000741.jpg,,False,SCIENTIFIC_SET_COLLISION
EXACT_SHA256,pilot_intervention_91,specificity_v1_94,preview_pilot_1754bf5e0dc4,sflip_table_ADE_train_00000457,original,original,data/edits/main_real_200/orig/pilot_1754bf5e0dc4.jpg,data/edits/spurious_flip_control/orig/sflip_table_ADE_train_00000457.jpg,,False,SCIENTIFIC_SET_COLLISION
EXACT_SHA256,pilot_intervention_91,specificity_v1_94,preview_pilot_1ff79de6fa95,sflip_sofa_ADE_train_00000675,original,original,data/edits/main_real_200/orig/pilot_1ff79de6fa95.jpg,data/edits/spurious_flip_control/orig/sflip_sofa_ADE_train_00000675.jpg,,False,SCIENTIFIC_SET_COLLISION
EXACT_SHA256,pilot_intervention_91,specificity_v1_94,preview_pilot_299953cec30c,sflip_table_ADE_train_00000201,original,original,data/edits/main_real_200/orig/pilot_299953cec30c.jpg,data/edits/spurious_flip_control/orig/sflip_table_ADE_train_00000201.jpg,,False,SCIENTIFIC_SET_COLLISION
EXACT_SHA256,pilot_intervention_91,specificity_v1_94,preview_pilot_2ac91af26fdd,sflip_car_ADE_train_00000941,original,original,data/edits/main_real_200/orig/pilot_2ac91af26fdd.jpg,data/edits/spurious_flip_control/orig/sflip_car_ADE_train_00000941.jpg,,False,SCIENTIFIC_SET_COLLISION
EXACT_SHA256,pilot_intervention_91,specificity_v1_94,preview_pilot_32bfaf9bac87,sflip_chair_ADE_train_00000939,original,original,data/edits/main_real_200/orig/pilot_32bfaf9bac87.jpg,data/edits/spurious_flip_control/orig/sflip_chair_ADE_train_00000939.jpg,,False,SCIENTIFIC_SET_COLLISION
EXACT_SHA256,pilot_intervention_91,specificity_v1_94,preview_pilot_34c3764e7fc7,sflip_sofa_ADE_train_00000706,original,original,data/edits/main_real_200/orig/pilot_34c3764e7fc7.jpg,data/edits/spurious_flip_control/orig/sflip_sofa_ADE_train_00000706.jpg,,False,SCIENTIFIC_SET_COLLISION
EXACT_SHA256,pilot_intervention_91,specificity_v1_94,preview_pilot_3a04066be0bd,sflip_table_ADE_train_00000231,original,original,data/edits/main_real_200/orig/pilot_3a04066be0bd.jpg,data/edits/spurious_flip_control/orig/sflip_table_ADE_train_00000231.jpg,,False,SCIENTIFIC_SET_COLLISION
EXACT_SHA256,pilot_intervention_91,specificity_v1_94,preview_pilot_5a54d663d1e7,sflip_sofa_ADE_train_00000717,original,original,data/edits/main_real_200/orig/pilot_5a54d663d1e7.jpg,data/edits/spurious_flip_control/orig/sflip_sofa_ADE_train_00000717.jpg,,False,SCIENTIFIC_SET_COLLISION
EXACT_SHA256,pilot_intervention_91,specificity_v1_94,preview_pilot_8e304d627557,sflip_chair_ADE_train_00000469,original,original,data/edits/main_real_200/orig/pilot_8e304d627557.jpg,data/edits/spurious_flip_control/orig/sflip_chair_ADE_train_00000469.jpg,,False,SCIENTIFIC_SET_COLLISION
EXACT_SHA256,pilot_intervention_91,specificity_v1_94,preview_pilot_bceacc91c7dd,sflip_sofa_ADE_train_00000688,original,original,data/edits/main_real_200/orig/pilot_bceacc91c7dd.jpg,data/edits/spurious_flip_control/orig/sflip_sofa_ADE_train_00000688.jpg,,False,SCIENTIFIC_SET_COLLISION
EXACT_SHA256,pilot_intervention_91,specificity_v1_94,preview_pilot_bddcf74cb433,sflip_table_ADE_train_00000342,original,original,data/edits/main_real_200/orig/pilot_bddcf74cb433.jpg,data/edits/spurious_flip_control/orig/sflip_table_ADE_train_00000342.jpg,,False,SCIENTIFIC_SET_COLLISION
EXACT_SHA256,pilot_intervention_91,specificity_v1_94,preview_pilot_c3c3b3c1ead9,sflip_chair_ADE_train_00000839,original,original,data/edits/main_real_200/orig/pilot_c3c3b3c1ead9.jpg,data/edits/spurious_flip_control/orig/sflip_chair_ADE_train_00000839.jpg,,False,SCIENTIFIC_SET_COLLISION
EXACT_SHA256,pilot_intervention_91,specificity_v1_94,preview_pilot_caf50be3f2be,sflip_chair_ADE_train_00000374,original,original,data/edits/main_real_200/orig/pilot_caf50be3f2be.jpg,data/edits/spurious_flip_control/orig/sflip_chair_ADE_train_00000374.jpg,,False,SCIENTIFIC_SET_COLLISION
EXACT_SHA256,pilot_intervention_91,specificity_v1_94,preview_pilot_ce19f8655c97,sflip_sofa_ADE_train_00000738,original,original,data/edits/main_real_200/orig/pilot_ce19f8655c97.jpg,data/edits/spurious_flip_control/orig/sflip_sofa_ADE_train_00000738.jpg,,False,SCIENTIFIC_SET_COLLISION
EXACT_SHA256,pilot_intervention_91,specificity_v1_94,preview_pilot_da1a9a03c0b6,sflip_table_ADE_train_00000377,original,original,data/edits/main_real_200/orig/pilot_da1a9a03c0b6.jpg,data/edits/spurious_flip_control/orig/sflip_table_ADE_train_00000377.jpg,,False,SCIENTIFIC_SET_COLLISION
EXACT_SHA256,pilot_intervention_91,specificity_v1_94,preview_pilot_dfc7f95c2bf6,sflip_sofa_ADE_train_00000740,original,original,data/edits/main_real_200/orig/pilot_dfc7f95c2bf6.jpg,data/edits/spurious_flip_control/orig/sflip_sofa_ADE_train_00000740.jpg,,False,SCIENTIFIC_SET_COLLISION
EXACT_SHA256,pilot_intervention_91,specificity_v1_94,preview_pilot_f3dddd670aa6,sflip_table_ADE_train_00000246,original,original,data/edits/main_real_200/orig/pilot_f3dddd670aa6.jpg,data/edits/spurious_flip_control/orig/sflip_table_ADE_train_00000246.jpg,,False,SCIENTIFIC_SET_COLLISION
EXACT_SHA256,pilot_intervention_91,specificity_v1_94,preview_pilot_f7f706d3f9f5,sflip_sofa_ADE_train_00000693,original,original,data/edits/main_real_200/orig/pilot_f7f706d3f9f5.jpg,data/edits/spurious_flip_control/orig/sflip_sofa_ADE_train_00000693.jpg,,False,SCIENTIFIC_SET_COLLISION
ITEM_ID,specificity_v1_94,specificity_v2_30,sflip_car_ADE_train_00002034,sflip_car_ADE_train_00002034,,,,,,False,KNOWN_V2_RETROSPECTIVE_REUSE
ITEM_ID,specificity_v1_94,specificity_v2_30,sflip_car_ADE_train_00004304,sflip_car_ADE_train_00004304,,,,,,False,KNOWN_V2_RETROSPECTIVE_REUSE
ITEM_ID,specificity_v1_94,specificity_v2_30,sflip_car_ADE_train_00004561,sflip_car_ADE_train_00004561,,,,,,False,KNOWN_V2_RETROSPECTIVE_REUSE
ITEM_ID,specificity_v1_94,specificity_v2_30,sflip_chair_ADE_train_00000194,sflip_chair_ADE_train_00000194,,,,,,False,KNOWN_V2_RETROSPECTIVE_REUSE
ITEM_ID,specificity_v1_94,specificity_v2_30,sflip_chair_ADE_train_00000374,sflip_chair_ADE_train_00000374,,,,,,False,KNOWN_V2_RETROSPECTIVE_REUSE
ITEM_ID,specificity_v1_94,specificity_v2_30,sflip_chair_ADE_train_00000469,sflip_chair_ADE_train_00000469,,,,,,False,KNOWN_V2_RETROSPECTIVE_REUSE
ITEM_ID,specificity_v1_94,specificity_v2_30,sflip_chair_ADE_train_00000622,sflip_chair_ADE_train_00000622,,,,,,False,KNOWN_V2_RETROSPECTIVE_REUSE
ITEM_ID,specificity_v1_94,specificity_v2_30,sflip_chair_ADE_train_00000630,sflip_chair_ADE_train_00000630,,,,,,False,KNOWN_V2_RETROSPECTIVE_REUSE
ITEM_ID,specificity_v1_94,specificity_v2_30,sflip_chair_ADE_train_00000728,sflip_chair_ADE_train_00000728,,,,,,False,KNOWN_V2_RETROSPECTIVE_REUSE
ITEM_ID,specificity_v1_94,specificity_v2_30,sflip_chair_ADE_train_00000928,sflip_chair_ADE_train_00000928,,,,,,False,KNOWN_V2_RETROSPECTIVE_REUSE
ITEM_ID,specificity_v1_94,specificity_v2_30,sflip_chair_ADE_train_00001105,sflip_chair_ADE_train_00001105,,,,,,False,KNOWN_V2_RETROSPECTIVE_REUSE
ITEM_ID,specificity_v1_94,specificity_v2_30,sflip_sofa_ADE_train_00000653,sflip_sofa_ADE_train_00000653,,,,,,False,KNOWN_V2_RETROSPECTIVE_REUSE
ITEM_ID,specificity_v1_94,specificity_v2_30,sflip_sofa_ADE_train_00000668,sflip_sofa_ADE_train_00000668,,,,,,False,KNOWN_V2_RETROSPECTIVE_REUSE
ITEM_ID,specificity_v1_94,specificity_v2_30,sflip_sofa_ADE_train_00000671,sflip_sofa_ADE_train_00000671,,,,,,False,KNOWN_V2_RETROSPECTIVE_REUSE
ITEM_ID,specificity_v1_94,specificity_v2_30,sflip_sofa_ADE_train_00000675,sflip_sofa_ADE_train_00000675,,,,,,False,KNOWN_V2_RETROSPECTIVE_REUSE
ITEM_ID,specificity_v1_94,specificity_v2_30,sflip_sofa_ADE_train_00000688,sflip_sofa_ADE_train_00000688,,,,,,False,KNOWN_V2_RETROSPECTIVE_REUSE
ITEM_ID,specificity_v1_94,specificity_v2_30,sflip_sofa_ADE_train_00000693,sflip_sofa_ADE_train_00000693,,,,,,False,KNOWN_V2_RETROSPECTIVE_REUSE
ITEM_ID,specificity_v1_94,specificity_v2_30,sflip_sofa_ADE_train_00000701,sflip_sofa_ADE_train_00000701,,,,,,False,KNOWN_V2_RETROSPECTIVE_REUSE
ITEM_ID,specificity_v1_94,specificity_v2_30,sflip_sofa_ADE_train_00000706,sflip_sofa_ADE_train_00000706,,,,,,False,KNOWN_V2_RETROSPECTIVE_REUSE
ITEM_ID,specificity_v1_94,specificity_v2_30,sflip_sofa_ADE_train_00000717,sflip_sofa_ADE_train_00000717,,,,,,False,KNOWN_V2_RETROSPECTIVE_REUSE
ITEM_ID,specificity_v1_94,specificity_v2_30,sflip_sofa_ADE_train_00000732,sflip_sofa_ADE_train_00000732,,,,,,False,KNOWN_V2_RETROSPECTIVE_REUSE
ITEM_ID,specificity_v1_94,specificity_v2_30,sflip_sofa_ADE_train_00000740,sflip_sofa_ADE_train_00000740,,,,,,False,KNOWN_V2_RETROSPECTIVE_REUSE
ITEM_ID,specificity_v1_94,specificity_v2_30,sflip_table_ADE_train_00000196,sflip_table_ADE_train_00000196,,,,,,False,KNOWN_V2_RETROSPECTIVE_REUSE
ITEM_ID,specificity_v1_94,specificity_v2_30,sflip_table_ADE_train_00000218,sflip_table_ADE_train_00000218,,,,,,False,KNOWN_V2_RETROSPECTIVE_REUSE
ITEM_ID,specificity_v1_94,specificity_v2_30,sflip_table_ADE_train_00000228,sflip_table_ADE_train_00000228,,,,,,False,KNOWN_V2_RETROSPECTIVE_REUSE
ITEM_ID,specificity_v1_94,specificity_v2_30,sflip_table_ADE_train_00000233,sflip_table_ADE_train_00000233,,,,,,False,KNOWN_V2_RETROSPECTIVE_REUSE
ITEM_ID,specificity_v1_94,specificity_v2_30,sflip_table_ADE_train_00000289,sflip_table_ADE_train_00000289,,,,,,False,KNOWN_V2_RETROSPECTIVE_REUSE
ITEM_ID,specificity_v1_94,specificity_v2_30,sflip_table_ADE_train_00000384,sflip_table_ADE_train_00000384,,,,,,False,KNOWN_V2_RETROSPECTIVE_REUSE
ITEM_ID,specificity_v1_94,specificity_v2_30,sflip_table_ADE_train_00000425,sflip_table_ADE_train_00000425,,,,,,False,KNOWN_V2_RETROSPECTIVE_REUSE
ITEM_ID,specificity_v1_94,specificity_v2_30,sflip_table_ADE_train_00000452,sflip_table_ADE_train_00000452,,,,,,False,KNOWN_V2_RETROSPECTIVE_REUSE
PHASH_NEAR_DUPLICATE,pilot_intervention_91,specificity_v1_94,preview_pilot_01fc561f2ad1,sflip_sofa_ADE_train_00000701,original,edited,data/edits/main_real_200/orig/pilot_01fc561f2ad1.jpg,data/edits/spurious_flip_control/sflip_sofa_ADE_train_00000701.jpg,2,False,SCIENTIFIC_SET_COLLISION
PHASH_NEAR_DUPLICATE,pilot_intervention_91,specificity_v1_94,preview_pilot_0c14103036aa,sflip_sofa_ADE_train_00000741,original,edited,data/edits/main_real_200/orig/pilot_0c14103036aa.jpg,data/edits/spurious_flip_control/sflip_sofa_ADE_train_00000741.jpg,6,False,SCIENTIFIC_SET_COLLISION
PHASH_NEAR_DUPLICATE,pilot_intervention_91,specificity_v1_94,preview_pilot_0c14103036aa,sflip_sofa_ADE_train_00000741,edited,original,data/edits/main_real_200/pilot_0c14103036aa.jpg,data/edits/spurious_flip_control/orig/sflip_sofa_ADE_train_00000741.jpg,2,False,SCIENTIFIC_SET_COLLISION
PHASH_NEAR_DUPLICATE,pilot_intervention_91,specificity_v1_94,preview_pilot_0c14103036aa,sflip_sofa_ADE_train_00000741,edited,edited,data/edits/main_real_200/pilot_0c14103036aa.jpg,data/edits/spurious_flip_control/sflip_sofa_ADE_train_00000741.jpg,4,False,SCIENTIFIC_SET_COLLISION
PHASH_NEAR_DUPLICATE,pilot_intervention_91,specificity_v1_94,preview_pilot_1754bf5e0dc4,sflip_table_ADE_train_00000457,original,edited,data/edits/main_real_200/orig/pilot_1754bf5e0dc4.jpg,data/edits/spurious_flip_control/sflip_table_ADE_train_00000457.jpg,2,False,SCIENTIFIC_SET_COLLISION
PHASH_NEAR_DUPLICATE,pilot_intervention_91,specificity_v1_94,preview_pilot_1ff79de6fa95,sflip_sofa_ADE_train_00000675,original,edited,data/edits/main_real_200/orig/pilot_1ff79de6fa95.jpg,data/edits/spurious_flip_control/sflip_sofa_ADE_train_00000675.jpg,0,False,SCIENTIFIC_SET_COLLISION
PHASH_NEAR_DUPLICATE,pilot_intervention_91,specificity_v1_94,preview_pilot_1ff79de6fa95,sflip_sofa_ADE_train_00000675,edited,original,data/edits/main_real_200/pilot_1ff79de6fa95.jpg,data/edits/spurious_flip_control/orig/sflip_sofa_ADE_train_00000675.jpg,4,False,SCIENTIFIC_SET_COLLISION
PHASH_NEAR_DUPLICATE,pilot_intervention_91,specificity_v1_94,preview_pilot_1ff79de6fa95,sflip_sofa_ADE_train_00000675,edited,edited,data/edits/main_real_200/pilot_1ff79de6fa95.jpg,data/edits/spurious_flip_control/sflip_sofa_ADE_train_00000675.jpg,4,False,SCIENTIFIC_SET_COLLISION
PHASH_NEAR_DUPLICATE,pilot_intervention_91,specificity_v1_94,preview_pilot_299953cec30c,sflip_table_ADE_train_00000201,original,edited,data/edits/main_real_200/orig/pilot_299953cec30c.jpg,data/edits/spurious_flip_control/sflip_table_ADE_train_00000201.jpg,2,False,SCIENTIFIC_SET_COLLISION
PHASH_NEAR_DUPLICATE,pilot_intervention_91,specificity_v1_94,preview_pilot_2ac91af26fdd,sflip_car_ADE_train_00000941,original,edited,data/edits/main_real_200/orig/pilot_2ac91af26fdd.jpg,data/edits/spurious_flip_control/sflip_car_ADE_train_00000941.jpg,2,False,SCIENTIFIC_SET_COLLISION
PHASH_NEAR_DUPLICATE,pilot_intervention_91,specificity_v1_94,preview_pilot_2ac91af26fdd,sflip_car_ADE_train_00000941,edited,original,data/edits/main_real_200/pilot_2ac91af26fdd.jpg,data/edits/spurious_flip_control/orig/sflip_car_ADE_train_00000941.jpg,4,False,SCIENTIFIC_SET_COLLISION
PHASH_NEAR_DUPLICATE,pilot_intervention_91,specificity_v1_94,preview_pilot_2ac91af26fdd,sflip_car_ADE_train_00000941,edited,edited,data/edits/main_real_200/pilot_2ac91af26fdd.jpg,data/edits/spurious_flip_control/sflip_car_ADE_train_00000941.jpg,2,False,SCIENTIFIC_SET_COLLISION
PHASH_NEAR_DUPLICATE,pilot_intervention_91,specificity_v1_94,preview_pilot_32bfaf9bac87,sflip_chair_ADE_train_00000939,original,edited,data/edits/main_real_200/orig/pilot_32bfaf9bac87.jpg,data/edits/spurious_flip_control/sflip_chair_ADE_train_00000939.jpg,0,False,SCIENTIFIC_SET_COLLISION
PHASH_NEAR_DUPLICATE,pilot_intervention_91,specificity_v1_94,preview_pilot_32bfaf9bac87,sflip_chair_ADE_train_00000939,edited,original,data/edits/main_real_200/pilot_32bfaf9bac87.jpg,data/edits/spurious_flip_control/orig/sflip_chair_ADE_train_00000939.jpg,0,False,SCIENTIFIC_SET_COLLISION
PHASH_NEAR_DUPLICATE,pilot_intervention_91,specificity_v1_94,preview_pilot_32bfaf9bac87,sflip_chair_ADE_train_00000939,edited,edited,data/edits/main_real_200/pilot_32bfaf9bac87.jpg,data/edits/spurious_flip_control/sflip_chair_ADE_train_00000939.jpg,0,False,SCIENTIFIC_SET_COLLISION
PHASH_NEAR_DUPLICATE,pilot_intervention_91,specificity_v1_94,preview_pilot_34c3764e7fc7,sflip_sofa_ADE_train_00000706,original,edited,data/edits/main_real_200/orig/pilot_34c3764e7fc7.jpg,data/edits/spurious_flip_control/sflip_sofa_ADE_train_00000706.jpg,2,False,SCIENTIFIC_SET_COLLISION
PHASH_NEAR_DUPLICATE,pilot_intervention_91,specificity_v1_94,preview_pilot_34c3764e7fc7,sflip_sofa_ADE_train_00000706,edited,original,data/edits/main_real_200/pilot_34c3764e7fc7.jpg,data/edits/spurious_flip_control/orig/sflip_sofa_ADE_train_00000706.jpg,4,False,SCIENTIFIC_SET_COLLISION
PHASH_NEAR_DUPLICATE,pilot_intervention_91,specificity_v1_94,preview_pilot_34c3764e7fc7,sflip_sofa_ADE_train_00000706,edited,edited,data/edits/main_real_200/pilot_34c3764e7fc7.jpg,data/edits/spurious_flip_control/sflip_sofa_ADE_train_00000706.jpg,2,False,SCIENTIFIC_SET_COLLISION
PHASH_NEAR_DUPLICATE,pilot_intervention_91,specificity_v1_94,preview_pilot_3a04066be0bd,sflip_table_ADE_train_00000231,original,edited,data/edits/main_real_200/orig/pilot_3a04066be0bd.jpg,data/edits/spurious_flip_control/sflip_table_ADE_train_00000231.jpg,0,False,SCIENTIFIC_SET_COLLISION
PHASH_NEAR_DUPLICATE,pilot_intervention_91,specificity_v1_94,preview_pilot_5a54d663d1e7,sflip_sofa_ADE_train_00000717,original,edited,data/edits/main_real_200/orig/pilot_5a54d663d1e7.jpg,data/edits/spurious_flip_control/sflip_sofa_ADE_train_00000717.jpg,2,False,SCIENTIFIC_SET_COLLISION
PHASH_NEAR_DUPLICATE,pilot_intervention_91,specificity_v1_94,preview_pilot_8e304d627557,sflip_chair_ADE_train_00000469,original,edited,data/edits/main_real_200/orig/pilot_8e304d627557.jpg,data/edits/spurious_flip_control/sflip_chair_ADE_train_00000469.jpg,0,False,SCIENTIFIC_SET_COLLISION
PHASH_NEAR_DUPLICATE,pilot_intervention_91,specificity_v1_94,preview_pilot_8e304d627557,sflip_chair_ADE_train_00000469,edited,original,data/edits/main_real_200/pilot_8e304d627557.jpg,data/edits/spurious_flip_control/orig/sflip_chair_ADE_train_00000469.jpg,6,False,SCIENTIFIC_SET_COLLISION
PHASH_NEAR_DUPLICATE,pilot_intervention_91,specificity_v1_94,preview_pilot_8e304d627557,sflip_chair_ADE_train_00000469,edited,edited,data/edits/main_real_200/pilot_8e304d627557.jpg,data/edits/spurious_flip_control/sflip_chair_ADE_train_00000469.jpg,6,False,SCIENTIFIC_SET_COLLISION
PHASH_NEAR_DUPLICATE,pilot_intervention_91,specificity_v1_94,preview_pilot_bceacc91c7dd,sflip_sofa_ADE_train_00000688,original,edited,data/edits/main_real_200/orig/pilot_bceacc91c7dd.jpg,data/edits/spurious_flip_control/sflip_sofa_ADE_train_00000688.jpg,4,False,SCIENTIFIC_SET_COLLISION
PHASH_NEAR_DUPLICATE,pilot_intervention_91,specificity_v1_94,preview_pilot_bceacc91c7dd,sflip_sofa_ADE_train_00000688,edited,original,data/edits/main_real_200/pilot_bceacc91c7dd.jpg,data/edits/spurious_flip_control/orig/sflip_sofa_ADE_train_00000688.jpg,6,False,SCIENTIFIC_SET_COLLISION
PHASH_NEAR_DUPLICATE,pilot_intervention_91,specificity_v1_94,preview_pilot_bceacc91c7dd,sflip_sofa_ADE_train_00000688,edited,edited,data/edits/main_real_200/pilot_bceacc91c7dd.jpg,data/edits/spurious_flip_control/sflip_sofa_ADE_train_00000688.jpg,4,False,SCIENTIFIC_SET_COLLISION
PHASH_NEAR_DUPLICATE,pilot_intervention_91,specificity_v1_94,preview_pilot_bddcf74cb433,sflip_table_ADE_train_00000342,original,edited,data/edits/main_real_200/orig/pilot_bddcf74cb433.jpg,data/edits/spurious_flip_control/sflip_table_ADE_train_00000342.jpg,4,False,SCIENTIFIC_SET_COLLISION
PHASH_NEAR_DUPLICATE,pilot_intervention_91,specificity_v1_94,preview_pilot_bddcf74cb433,sflip_table_ADE_train_00000342,edited,original,data/edits/main_real_200/pilot_bddcf74cb433.jpg,data/edits/spurious_flip_control/orig/sflip_table_ADE_train_00000342.jpg,0,False,SCIENTIFIC_SET_COLLISION
PHASH_NEAR_DUPLICATE,pilot_intervention_91,specificity_v1_94,preview_pilot_bddcf74cb433,sflip_table_ADE_train_00000342,edited,edited,data/edits/main_real_200/pilot_bddcf74cb433.jpg,data/edits/spurious_flip_control/sflip_table_ADE_train_00000342.jpg,4,False,SCIENTIFIC_SET_COLLISION
PHASH_NEAR_DUPLICATE,pilot_intervention_91,specificity_v1_94,preview_pilot_c3c3b3c1ead9,sflip_chair_ADE_train_00000839,original,edited,data/edits/main_real_200/orig/pilot_c3c3b3c1ead9.jpg,data/edits/spurious_flip_control/sflip_chair_ADE_train_00000839.jpg,2,False,SCIENTIFIC_SET_COLLISION
PHASH_NEAR_DUPLICATE,pilot_intervention_91,specificity_v1_94,preview_pilot_c3c3b3c1ead9,sflip_chair_ADE_train_00000839,edited,original,data/edits/main_real_200/pilot_c3c3b3c1ead9.jpg,data/edits/spurious_flip_control/orig/sflip_chair_ADE_train_00000839.jpg,4,False,SCIENTIFIC_SET_COLLISION
PHASH_NEAR_DUPLICATE,pilot_intervention_91,specificity_v1_94,preview_pilot_c3c3b3c1ead9,sflip_chair_ADE_train_00000839,edited,edited,data/edits/main_real_200/pilot_c3c3b3c1ead9.jpg,data/edits/spurious_flip_control/sflip_chair_ADE_train_00000839.jpg,2,False,SCIENTIFIC_SET_COLLISION
PHASH_NEAR_DUPLICATE,pilot_intervention_91,specificity_v1_94,preview_pilot_caf50be3f2be,sflip_chair_ADE_train_00000374,original,edited,data/edits/main_real_200/orig/pilot_caf50be3f2be.jpg,data/edits/spurious_flip_control/sflip_chair_ADE_train_00000374.jpg,0,False,SCIENTIFIC_SET_COLLISION
PHASH_NEAR_DUPLICATE,pilot_intervention_91,specificity_v1_94,preview_pilot_caf50be3f2be,sflip_chair_ADE_train_00000374,edited,original,data/edits/main_real_200/pilot_caf50be3f2be.jpg,data/edits/spurious_flip_control/orig/sflip_chair_ADE_train_00000374.jpg,4,False,SCIENTIFIC_SET_COLLISION
PHASH_NEAR_DUPLICATE,pilot_intervention_91,specificity_v1_94,preview_pilot_caf50be3f2be,sflip_chair_ADE_train_00000374,edited,edited,data/edits/main_real_200/pilot_caf50be3f2be.jpg,data/edits/spurious_flip_control/sflip_chair_ADE_train_00000374.jpg,4,False,SCIENTIFIC_SET_COLLISION
PHASH_NEAR_DUPLICATE,pilot_intervention_91,specificity_v1_94,preview_pilot_ce19f8655c97,sflip_sofa_ADE_train_00000738,original,edited,data/edits/main_real_200/orig/pilot_ce19f8655c97.jpg,data/edits/spurious_flip_control/sflip_sofa_ADE_train_00000738.jpg,2,False,SCIENTIFIC_SET_COLLISION
PHASH_NEAR_DUPLICATE,pilot_intervention_91,specificity_v1_94,preview_pilot_ce19f8655c97,sflip_sofa_ADE_train_00000738,edited,original,data/edits/main_real_200/pilot_ce19f8655c97.jpg,data/edits/spurious_flip_control/orig/sflip_sofa_ADE_train_00000738.jpg,6,False,SCIENTIFIC_SET_COLLISION
PHASH_NEAR_DUPLICATE,pilot_intervention_91,specificity_v1_94,preview_pilot_ce19f8655c97,sflip_sofa_ADE_train_00000738,edited,edited,data/edits/main_real_200/pilot_ce19f8655c97.jpg,data/edits/spurious_flip_control/sflip_sofa_ADE_train_00000738.jpg,6,False,SCIENTIFIC_SET_COLLISION
PHASH_NEAR_DUPLICATE,pilot_intervention_91,specificity_v1_94,preview_pilot_da1a9a03c0b6,sflip_table_ADE_train_00000377,original,edited,data/edits/main_real_200/orig/pilot_da1a9a03c0b6.jpg,data/edits/spurious_flip_control/sflip_table_ADE_train_00000377.jpg,0,False,SCIENTIFIC_SET_COLLISION
PHASH_NEAR_DUPLICATE,pilot_intervention_91,specificity_v1_94,preview_pilot_da1a9a03c0b6,sflip_table_ADE_train_00000377,edited,original,data/edits/main_real_200/pilot_da1a9a03c0b6.jpg,data/edits/spurious_flip_control/orig/sflip_table_ADE_train_00000377.jpg,2,False,SCIENTIFIC_SET_COLLISION
PHASH_NEAR_DUPLICATE,pilot_intervention_91,specificity_v1_94,preview_pilot_da1a9a03c0b6,sflip_table_ADE_train_00000377,edited,edited,data/edits/main_real_200/pilot_da1a9a03c0b6.jpg,data/edits/spurious_flip_control/sflip_table_ADE_train_00000377.jpg,2,False,SCIENTIFIC_SET_COLLISION
PHASH_NEAR_DUPLICATE,pilot_intervention_91,specificity_v1_94,preview_pilot_dfc7f95c2bf6,sflip_sofa_ADE_train_00000740,original,edited,data/edits/main_real_200/orig/pilot_dfc7f95c2bf6.jpg,data/edits/spurious_flip_control/sflip_sofa_ADE_train_00000740.jpg,0,False,SCIENTIFIC_SET_COLLISION
PHASH_NEAR_DUPLICATE,pilot_intervention_91,specificity_v1_94,preview_pilot_f3dddd670aa6,sflip_table_ADE_train_00000246,original,edited,data/edits/main_real_200/orig/pilot_f3dddd670aa6.jpg,data/edits/spurious_flip_control/sflip_table_ADE_train_00000246.jpg,2,False,SCIENTIFIC_SET_COLLISION
PHASH_NEAR_DUPLICATE,pilot_intervention_91,specificity_v1_94,preview_pilot_f7f706d3f9f5,sflip_sofa_ADE_train_00000693,original,edited,data/edits/main_real_200/orig/pilot_f7f706d3f9f5.jpg,data/edits/spurious_flip_control/sflip_sofa_ADE_train_00000693.jpg,0,False,SCIENTIFIC_SET_COLLISION
PHASH_NEAR_DUPLICATE,pilot_intervention_91,specificity_v2_30,preview_pilot_01fc561f2ad1,sflip_sofa_ADE_train_00000701,original,original,data/edits/main_real_200/orig/pilot_01fc561f2ad1.jpg,data/edits/spurious_v2_control/images/orig/sflip_sofa_ADE_train_00000701.jpg,0,False,SCIENTIFIC_SET_COLLISION
PHASH_NEAR_DUPLICATE,pilot_intervention_91,specificity_v2_30,preview_pilot_01fc561f2ad1,sflip_sofa_ADE_train_00000701,original,edited,data/edits/main_real_200/orig/pilot_01fc561f2ad1.jpg,data/edits/spurious_v2_control/images/control/sflip_sofa_ADE_train_00000701.jpg,2,False,SCIENTIFIC_SET_COLLISION
PHASH_NEAR_DUPLICATE,pilot_intervention_91,specificity_v2_30,preview_pilot_1ff79de6fa95,sflip_sofa_ADE_train_00000675,original,original,data/edits/main_real_200/orig/pilot_1ff79de6fa95.jpg,data/edits/spurious_v2_control/images/orig/sflip_sofa_ADE_train_00000675.jpg,0,False,SCIENTIFIC_SET_COLLISION
PHASH_NEAR_DUPLICATE,pilot_intervention_91,specificity_v2_30,preview_pilot_1ff79de6fa95,sflip_sofa_ADE_train_00000675,original,edited,data/edits/main_real_200/orig/pilot_1ff79de6fa95.jpg,data/edits/spurious_v2_control/images/control/sflip_sofa_ADE_train_00000675.jpg,0,False,SCIENTIFIC_SET_COLLISION
PHASH_NEAR_DUPLICATE,pilot_intervention_91,specificity_v2_30,preview_pilot_1ff79de6fa95,sflip_sofa_ADE_train_00000675,edited,original,data/edits/main_real_200/pilot_1ff79de6fa95.jpg,data/edits/spurious_v2_control/images/orig/sflip_sofa_ADE_train_00000675.jpg,4,False,SCIENTIFIC_SET_COLLISION
PHASH_NEAR_DUPLICATE,pilot_intervention_91,specificity_v2_30,preview_pilot_1ff79de6fa95,sflip_sofa_ADE_train_00000675,edited,edited,data/edits/main_real_200/pilot_1ff79de6fa95.jpg,data/edits/spurious_v2_control/images/control/sflip_sofa_ADE_train_00000675.jpg,4,False,SCIENTIFIC_SET_COLLISION
PHASH_NEAR_DUPLICATE,pilot_intervention_91,specificity_v2_30,preview_pilot_34c3764e7fc7,sflip_sofa_ADE_train_00000706,original,original,data/edits/main_real_200/orig/pilot_34c3764e7fc7.jpg,data/edits/spurious_v2_control/images/orig/sflip_sofa_ADE_train_00000706.jpg,0,False,SCIENTIFIC_SET_COLLISION
PHASH_NEAR_DUPLICATE,pilot_intervention_91,specificity_v2_30,preview_pilot_34c3764e7fc7,sflip_sofa_ADE_train_00000706,original,edited,data/edits/main_real_200/orig/pilot_34c3764e7fc7.jpg,data/edits/spurious_v2_control/images/control/sflip_sofa_ADE_train_00000706.jpg,2,False,SCIENTIFIC_SET_COLLISION
PHASH_NEAR_DUPLICATE,pilot_intervention_91,specificity_v2_30,preview_pilot_34c3764e7fc7,sflip_sofa_ADE_train_00000706,edited,original,data/edits/main_real_200/pilot_34c3764e7fc7.jpg,data/edits/spurious_v2_control/images/orig/sflip_sofa_ADE_train_00000706.jpg,4,False,SCIENTIFIC_SET_COLLISION
PHASH_NEAR_DUPLICATE,pilot_intervention_91,specificity_v2_30,preview_pilot_34c3764e7fc7,sflip_sofa_ADE_train_00000706,edited,edited,data/edits/main_real_200/pilot_34c3764e7fc7.jpg,data/edits/spurious_v2_control/images/control/sflip_sofa_ADE_train_00000706.jpg,2,False,SCIENTIFIC_SET_COLLISION
PHASH_NEAR_DUPLICATE,pilot_intervention_91,specificity_v2_30,preview_pilot_5a54d663d1e7,sflip_sofa_ADE_train_00000717,original,original,data/edits/main_real_200/orig/pilot_5a54d663d1e7.jpg,data/edits/spurious_v2_control/images/orig/sflip_sofa_ADE_train_00000717.jpg,0,False,SCIENTIFIC_SET_COLLISION
PHASH_NEAR_DUPLICATE,pilot_intervention_91,specificity_v2_30,preview_pilot_5a54d663d1e7,sflip_sofa_ADE_train_00000717,original,edited,data/edits/main_real_200/orig/pilot_5a54d663d1e7.jpg,data/edits/spurious_v2_control/images/control/sflip_sofa_ADE_train_00000717.jpg,2,False,SCIENTIFIC_SET_COLLISION
PHASH_NEAR_DUPLICATE,pilot_intervention_91,specificity_v2_30,preview_pilot_8e304d627557,sflip_chair_ADE_train_00000469,original,original,data/edits/main_real_200/orig/pilot_8e304d627557.jpg,data/edits/spurious_v2_control/images/orig/sflip_chair_ADE_train_00000469.jpg,0,False,SCIENTIFIC_SET_COLLISION
PHASH_NEAR_DUPLICATE,pilot_intervention_91,specificity_v2_30,preview_pilot_8e304d627557,sflip_chair_ADE_train_00000469,original,edited,data/edits/main_real_200/orig/pilot_8e304d627557.jpg,data/edits/spurious_v2_control/images/control/sflip_chair_ADE_train_00000469.jpg,0,False,SCIENTIFIC_SET_COLLISION
PHASH_NEAR_DUPLICATE,pilot_intervention_91,specificity_v2_30,preview_pilot_8e304d627557,sflip_chair_ADE_train_00000469,edited,original,data/edits/main_real_200/pilot_8e304d627557.jpg,data/edits/spurious_v2_control/images/orig/sflip_chair_ADE_train_00000469.jpg,6,False,SCIENTIFIC_SET_COLLISION
PHASH_NEAR_DUPLICATE,pilot_intervention_91,specificity_v2_30,preview_pilot_8e304d627557,sflip_chair_ADE_train_00000469,edited,edited,data/edits/main_real_200/pilot_8e304d627557.jpg,data/edits/spurious_v2_control/images/control/sflip_chair_ADE_train_00000469.jpg,6,False,SCIENTIFIC_SET_COLLISION
PHASH_NEAR_DUPLICATE,pilot_intervention_91,specificity_v2_30,preview_pilot_bceacc91c7dd,sflip_sofa_ADE_train_00000688,original,original,data/edits/main_real_200/orig/pilot_bceacc91c7dd.jpg,data/edits/spurious_v2_control/images/orig/sflip_sofa_ADE_train_00000688.jpg,0,False,SCIENTIFIC_SET_COLLISION
PHASH_NEAR_DUPLICATE,pilot_intervention_91,specificity_v2_30,preview_pilot_bceacc91c7dd,sflip_sofa_ADE_train_00000688,original,edited,data/edits/main_real_200/orig/pilot_bceacc91c7dd.jpg,data/edits/spurious_v2_control/images/control/sflip_sofa_ADE_train_00000688.jpg,4,False,SCIENTIFIC_SET_COLLISION
PHASH_NEAR_DUPLICATE,pilot_intervention_91,specificity_v2_30,preview_pilot_bceacc91c7dd,sflip_sofa_ADE_train_00000688,edited,original,data/edits/main_real_200/pilot_bceacc91c7dd.jpg,data/edits/spurious_v2_control/images/orig/sflip_sofa_ADE_train_00000688.jpg,6,False,SCIENTIFIC_SET_COLLISION
PHASH_NEAR_DUPLICATE,pilot_intervention_91,specificity_v2_30,preview_pilot_bceacc91c7dd,sflip_sofa_ADE_train_00000688,edited,edited,data/edits/main_real_200/pilot_bceacc91c7dd.jpg,data/edits/spurious_v2_control/images/control/sflip_sofa_ADE_train_00000688.jpg,4,False,SCIENTIFIC_SET_COLLISION
PHASH_NEAR_DUPLICATE,pilot_intervention_91,specificity_v2_30,preview_pilot_caf50be3f2be,sflip_chair_ADE_train_00000374,original,original,data/edits/main_real_200/orig/pilot_caf50be3f2be.jpg,data/edits/spurious_v2_control/images/orig/sflip_chair_ADE_train_00000374.jpg,0,False,SCIENTIFIC_SET_COLLISION
PHASH_NEAR_DUPLICATE,pilot_intervention_91,specificity_v2_30,preview_pilot_caf50be3f2be,sflip_chair_ADE_train_00000374,original,edited,data/edits/main_real_200/orig/pilot_caf50be3f2be.jpg,data/edits/spurious_v2_control/images/control/sflip_chair_ADE_train_00000374.jpg,0,False,SCIENTIFIC_SET_COLLISION
PHASH_NEAR_DUPLICATE,pilot_intervention_91,specificity_v2_30,preview_pilot_caf50be3f2be,sflip_chair_ADE_train_00000374,edited,original,data/edits/main_real_200/pilot_caf50be3f2be.jpg,data/edits/spurious_v2_control/images/orig/sflip_chair_ADE_train_00000374.jpg,4,False,SCIENTIFIC_SET_COLLISION
PHASH_NEAR_DUPLICATE,pilot_intervention_91,specificity_v2_30,preview_pilot_caf50be3f2be,sflip_chair_ADE_train_00000374,edited,edited,data/edits/main_real_200/pilot_caf50be3f2be.jpg,data/edits/spurious_v2_control/images/control/sflip_chair_ADE_train_00000374.jpg,4,False,SCIENTIFIC_SET_COLLISION
PHASH_NEAR_DUPLICATE,pilot_intervention_91,specificity_v2_30,preview_pilot_dfc7f95c2bf6,sflip_sofa_ADE_train_00000740,original,original,data/edits/main_real_200/orig/pilot_dfc7f95c2bf6.jpg,data/edits/spurious_v2_control/images/orig/sflip_sofa_ADE_train_00000740.jpg,0,False,SCIENTIFIC_SET_COLLISION
PHASH_NEAR_DUPLICATE,pilot_intervention_91,specificity_v2_30,preview_pilot_dfc7f95c2bf6,sflip_sofa_ADE_train_00000740,original,edited,data/edits/main_real_200/orig/pilot_dfc7f95c2bf6.jpg,data/edits/spurious_v2_control/images/control/sflip_sofa_ADE_train_00000740.jpg,0,False,SCIENTIFIC_SET_COLLISION
PHASH_NEAR_DUPLICATE,pilot_intervention_91,specificity_v2_30,preview_pilot_f7f706d3f9f5,sflip_sofa_ADE_train_00000693,original,original,data/edits/main_real_200/orig/pilot_f7f706d3f9f5.jpg,data/edits/spurious_v2_control/images/orig/sflip_sofa_ADE_train_00000693.jpg,0,False,SCIENTIFIC_SET_COLLISION
PHASH_NEAR_DUPLICATE,pilot_intervention_91,specificity_v2_30,preview_pilot_f7f706d3f9f5,sflip_sofa_ADE_train_00000693,original,edited,data/edits/main_real_200/orig/pilot_f7f706d3f9f5.jpg,data/edits/spurious_v2_control/images/control/sflip_sofa_ADE_train_00000693.jpg,0,False,SCIENTIFIC_SET_COLLISION
PHASH_NEAR_DUPLICATE,specificity_v1_94,specificity_v2_30,sflip_car_ADE_train_00002034,sflip_car_ADE_train_00002034,original,original,data/edits/spurious_flip_control/orig/sflip_car_ADE_train_00002034.jpg,data/edits/spurious_v2_control/images/orig/sflip_car_ADE_train_00002034.jpg,0,False,KNOWN_V2_RETROSPECTIVE_REUSE
PHASH_NEAR_DUPLICATE,specificity_v1_94,specificity_v2_30,sflip_car_ADE_train_00002034,sflip_car_ADE_train_00002034,original,edited,data/edits/spurious_flip_control/orig/sflip_car_ADE_train_00002034.jpg,data/edits/spurious_v2_control/images/control/sflip_car_ADE_train_00002034.jpg,2,False,KNOWN_V2_RETROSPECTIVE_REUSE
PHASH_NEAR_DUPLICATE,specificity_v1_94,specificity_v2_30,sflip_car_ADE_train_00002034,sflip_car_ADE_train_00002034,edited,original,data/edits/spurious_flip_control/sflip_car_ADE_train_00002034.jpg,data/edits/spurious_v2_control/images/orig/sflip_car_ADE_train_00002034.jpg,2,False,KNOWN_V2_RETROSPECTIVE_REUSE
PHASH_NEAR_DUPLICATE,specificity_v1_94,specificity_v2_30,sflip_car_ADE_train_00002034,sflip_car_ADE_train_00002034,edited,edited,data/edits/spurious_flip_control/sflip_car_ADE_train_00002034.jpg,data/edits/spurious_v2_control/images/control/sflip_car_ADE_train_00002034.jpg,0,False,KNOWN_V2_RETROSPECTIVE_REUSE
PHASH_NEAR_DUPLICATE,specificity_v1_94,specificity_v2_30,sflip_car_ADE_train_00004304,sflip_car_ADE_train_00004304,original,original,data/edits/spurious_flip_control/orig/sflip_car_ADE_train_00004304.jpg,data/edits/spurious_v2_control/images/orig/sflip_car_ADE_train_00004304.jpg,0,False,KNOWN_V2_RETROSPECTIVE_REUSE
PHASH_NEAR_DUPLICATE,specificity_v1_94,specificity_v2_30,sflip_car_ADE_train_00004304,sflip_car_ADE_train_00004304,original,edited,data/edits/spurious_flip_control/orig/sflip_car_ADE_train_00004304.jpg,data/edits/spurious_v2_control/images/control/sflip_car_ADE_train_00004304.jpg,0,False,KNOWN_V2_RETROSPECTIVE_REUSE
PHASH_NEAR_DUPLICATE,specificity_v1_94,specificity_v2_30,sflip_car_ADE_train_00004304,sflip_car_ADE_train_00004304,edited,original,data/edits/spurious_flip_control/sflip_car_ADE_train_00004304.jpg,data/edits/spurious_v2_control/images/orig/sflip_car_ADE_train_00004304.jpg,0,False,KNOWN_V2_RETROSPECTIVE_REUSE
PHASH_NEAR_DUPLICATE,specificity_v1_94,specificity_v2_30,sflip_car_ADE_train_00004304,sflip_car_ADE_train_00004304,edited,edited,data/edits/spurious_flip_control/sflip_car_ADE_train_00004304.jpg,data/edits/spurious_v2_control/images/control/sflip_car_ADE_train_00004304.jpg,0,False,KNOWN_V2_RETROSPECTIVE_REUSE
PHASH_NEAR_DUPLICATE,specificity_v1_94,specificity_v2_30,sflip_car_ADE_train_00004561,sflip_car_ADE_train_00004561,original,original,data/edits/spurious_flip_control/orig/sflip_car_ADE_train_00004561.jpg,data/edits/spurious_v2_control/images/orig/sflip_car_ADE_train_00004561.jpg,0,False,KNOWN_V2_RETROSPECTIVE_REUSE
PHASH_NEAR_DUPLICATE,specificity_v1_94,specificity_v2_30,sflip_car_ADE_train_00004561,sflip_car_ADE_train_00004561,original,edited,data/edits/spurious_flip_control/orig/sflip_car_ADE_train_00004561.jpg,data/edits/spurious_v2_control/images/control/sflip_car_ADE_train_00004561.jpg,0,False,KNOWN_V2_RETROSPECTIVE_REUSE
PHASH_NEAR_DUPLICATE,specificity_v1_94,specificity_v2_30,sflip_car_ADE_train_00004561,sflip_car_ADE_train_00004561,edited,original,data/edits/spurious_flip_control/sflip_car_ADE_train_00004561.jpg,data/edits/spurious_v2_control/images/orig/sflip_car_ADE_train_00004561.jpg,0,False,KNOWN_V2_RETROSPECTIVE_REUSE
PHASH_NEAR_DUPLICATE,specificity_v1_94,specificity_v2_30,sflip_car_ADE_train_00004561,sflip_car_ADE_train_00004561,edited,edited,data/edits/spurious_flip_control/sflip_car_ADE_train_00004561.jpg,data/edits/spurious_v2_control/images/control/sflip_car_ADE_train_00004561.jpg,0,False,KNOWN_V2_RETROSPECTIVE_REUSE
PHASH_NEAR_DUPLICATE,specificity_v1_94,specificity_v2_30,sflip_chair_ADE_train_00000194,sflip_chair_ADE_train_00000194,original,original,data/edits/spurious_flip_control/orig/sflip_chair_ADE_train_00000194.jpg,data/edits/spurious_v2_control/images/orig/sflip_chair_ADE_train_00000194.jpg,0,False,KNOWN_V2_RETROSPECTIVE_REUSE
PHASH_NEAR_DUPLICATE,specificity_v1_94,specificity_v2_30,sflip_chair_ADE_train_00000194,sflip_chair_ADE_train_00000194,original,edited,data/edits/spurious_flip_control/orig/sflip_chair_ADE_train_00000194.jpg,data/edits/spurious_v2_control/images/control/sflip_chair_ADE_train_00000194.jpg,2,False,KNOWN_V2_RETROSPECTIVE_REUSE
PHASH_NEAR_DUPLICATE,specificity_v1_94,specificity_v2_30,sflip_chair_ADE_train_00000194,sflip_chair_ADE_train_00000194,edited,original,data/edits/spurious_flip_control/sflip_chair_ADE_train_00000194.jpg,data/edits/spurious_v2_control/images/orig/sflip_chair_ADE_train_00000194.jpg,2,False,KNOWN_V2_RETROSPECTIVE_REUSE
PHASH_NEAR_DUPLICATE,specificity_v1_94,specificity_v2_30,sflip_chair_ADE_train_00000194,sflip_chair_ADE_train_00000194,edited,edited,data/edits/spurious_flip_control/sflip_chair_ADE_train_00000194.jpg,data/edits/spurious_v2_control/images/control/sflip_chair_ADE_train_00000194.jpg,0,False,KNOWN_V2_RETROSPECTIVE_REUSE
PHASH_NEAR_DUPLICATE,specificity_v1_94,specificity_v2_30,sflip_chair_ADE_train_00000374,sflip_chair_ADE_train_00000374,original,original,data/edits/spurious_flip_control/orig/sflip_chair_ADE_train_00000374.jpg,data/edits/spurious_v2_control/images/orig/sflip_chair_ADE_train_00000374.jpg,0,False,KNOWN_V2_RETROSPECTIVE_REUSE
PHASH_NEAR_DUPLICATE,specificity_v1_94,specificity_v2_30,sflip_chair_ADE_train_00000374,sflip_chair_ADE_train_00000374,original,edited,data/edits/spurious_flip_control/orig/sflip_chair_ADE_train_00000374.jpg,data/edits/spurious_v2_control/images/control/sflip_chair_ADE_train_00000374.jpg,0,False,KNOWN_V2_RETROSPECTIVE_REUSE
PHASH_NEAR_DUPLICATE,specificity_v1_94,specificity_v2_30,sflip_chair_ADE_train_00000374,sflip_chair_ADE_train_00000374,edited,original,data/edits/spurious_flip_control/sflip_chair_ADE_train_00000374.jpg,data/edits/spurious_v2_control/images/orig/sflip_chair_ADE_train_00000374.jpg,0,False,KNOWN_V2_RETROSPECTIVE_REUSE
PHASH_NEAR_DUPLICATE,specificity_v1_94,specificity_v2_30,sflip_chair_ADE_train_00000374,sflip_chair_ADE_train_00000374,edited,edited,data/edits/spurious_flip_control/sflip_chair_ADE_train_00000374.jpg,data/edits/spurious_v2_control/images/control/sflip_chair_ADE_train_00000374.jpg,0,False,KNOWN_V2_RETROSPECTIVE_REUSE
PHASH_NEAR_DUPLICATE,specificity_v1_94,specificity_v2_30,sflip_chair_ADE_train_00000469,sflip_chair_ADE_train_00000469,original,original,data/edits/spurious_flip_control/orig/sflip_chair_ADE_train_00000469.jpg,data/edits/spurious_v2_control/images/orig/sflip_chair_ADE_train_00000469.jpg,0,False,KNOWN_V2_RETROSPECTIVE_REUSE
PHASH_NEAR_DUPLICATE,specificity_v1_94,specificity_v2_30,sflip_chair_ADE_train_00000469,sflip_chair_ADE_train_00000469,original,edited,data/edits/spurious_flip_control/orig/sflip_chair_ADE_train_00000469.jpg,data/edits/spurious_v2_control/images/control/sflip_chair_ADE_train_00000469.jpg,0,False,KNOWN_V2_RETROSPECTIVE_REUSE
PHASH_NEAR_DUPLICATE,specificity_v1_94,specificity_v2_30,sflip_chair_ADE_train_00000469,sflip_chair_ADE_train_00000469,edited,original,data/edits/spurious_flip_control/sflip_chair_ADE_train_00000469.jpg,data/edits/spurious_v2_control/images/orig/sflip_chair_ADE_train_00000469.jpg,0,False,KNOWN_V2_RETROSPECTIVE_REUSE
PHASH_NEAR_DUPLICATE,specificity_v1_94,specificity_v2_30,sflip_chair_ADE_train_00000469,sflip_chair_ADE_train_00000469,edited,edited,data/edits/spurious_flip_control/sflip_chair_ADE_train_00000469.jpg,data/edits/spurious_v2_control/images/control/sflip_chair_ADE_train_00000469.jpg,0,False,KNOWN_V2_RETROSPECTIVE_REUSE
PHASH_NEAR_DUPLICATE,specificity_v1_94,specificity_v2_30,sflip_chair_ADE_train_00000622,sflip_chair_ADE_train_00000622,original,original,data/edits/spurious_flip_control/orig/sflip_chair_ADE_train_00000622.jpg,data/edits/spurious_v2_control/images/orig/sflip_chair_ADE_train_00000622.jpg,0,False,KNOWN_V2_RETROSPECTIVE_REUSE
PHASH_NEAR_DUPLICATE,specificity_v1_94,specificity_v2_30,sflip_chair_ADE_train_00000622,sflip_chair_ADE_train_00000622,original,edited,data/edits/spurious_flip_control/orig/sflip_chair_ADE_train_00000622.jpg,data/edits/spurious_v2_control/images/control/sflip_chair_ADE_train_00000622.jpg,2,False,KNOWN_V2_RETROSPECTIVE_REUSE
PHASH_NEAR_DUPLICATE,specificity_v1_94,specificity_v2_30,sflip_chair_ADE_train_00000622,sflip_chair_ADE_train_00000622,edited,original,data/edits/spurious_flip_control/sflip_chair_ADE_train_00000622.jpg,data/edits/spurious_v2_control/images/orig/sflip_chair_ADE_train_00000622.jpg,2,False,KNOWN_V2_RETROSPECTIVE_REUSE
PHASH_NEAR_DUPLICATE,specificity_v1_94,specificity_v2_30,sflip_chair_ADE_train_00000622,sflip_chair_ADE_train_00000622,edited,edited,data/edits/spurious_flip_control/sflip_chair_ADE_train_00000622.jpg,data/edits/spurious_v2_control/images/control/sflip_chair_ADE_train_00000622.jpg,0,False,KNOWN_V2_RETROSPECTIVE_REUSE
PHASH_NEAR_DUPLICATE,specificity_v1_94,specificity_v2_30,sflip_chair_ADE_train_00000630,sflip_chair_ADE_train_00000630,original,original,data/edits/spurious_flip_control/orig/sflip_chair_ADE_train_00000630.jpg,data/edits/spurious_v2_control/images/orig/sflip_chair_ADE_train_00000630.jpg,0,False,KNOWN_V2_RETROSPECTIVE_REUSE
PHASH_NEAR_DUPLICATE,specificity_v1_94,specificity_v2_30,sflip_chair_ADE_train_00000630,sflip_chair_ADE_train_00000630,original,edited,data/edits/spurious_flip_control/orig/sflip_chair_ADE_train_00000630.jpg,data/edits/spurious_v2_control/images/control/sflip_chair_ADE_train_00000630.jpg,2,False,KNOWN_V2_RETROSPECTIVE_REUSE
PHASH_NEAR_DUPLICATE,specificity_v1_94,specificity_v2_30,sflip_chair_ADE_train_00000630,sflip_chair_ADE_train_00000630,edited,original,data/edits/spurious_flip_control/sflip_chair_ADE_train_00000630.jpg,data/edits/spurious_v2_control/images/orig/sflip_chair_ADE_train_00000630.jpg,2,False,KNOWN_V2_RETROSPECTIVE_REUSE
PHASH_NEAR_DUPLICATE,specificity_v1_94,specificity_v2_30,sflip_chair_ADE_train_00000630,sflip_chair_ADE_train_00000630,edited,edited,data/edits/spurious_flip_control/sflip_chair_ADE_train_00000630.jpg,data/edits/spurious_v2_control/images/control/sflip_chair_ADE_train_00000630.jpg,0,False,KNOWN_V2_RETROSPECTIVE_REUSE
PHASH_NEAR_DUPLICATE,specificity_v1_94,specificity_v2_30,sflip_chair_ADE_train_00000728,sflip_chair_ADE_train_00000728,original,original,data/edits/spurious_flip_control/orig/sflip_chair_ADE_train_00000728.jpg,data/edits/spurious_v2_control/images/orig/sflip_chair_ADE_train_00000728.jpg,0,False,KNOWN_V2_RETROSPECTIVE_REUSE
PHASH_NEAR_DUPLICATE,specificity_v1_94,specificity_v2_30,sflip_chair_ADE_train_00000728,sflip_chair_ADE_train_00000728,original,edited,data/edits/spurious_flip_control/orig/sflip_chair_ADE_train_00000728.jpg,data/edits/spurious_v2_control/images/control/sflip_chair_ADE_train_00000728.jpg,0,False,KNOWN_V2_RETROSPECTIVE_REUSE
PHASH_NEAR_DUPLICATE,specificity_v1_94,specificity_v2_30,sflip_chair_ADE_train_00000728,sflip_chair_ADE_train_00000728,edited,original,data/edits/spurious_flip_control/sflip_chair_ADE_train_00000728.jpg,data/edits/spurious_v2_control/images/orig/sflip_chair_ADE_train_00000728.jpg,0,False,KNOWN_V2_RETROSPECTIVE_REUSE
PHASH_NEAR_DUPLICATE,specificity_v1_94,specificity_v2_30,sflip_chair_ADE_train_00000728,sflip_chair_ADE_train_00000728,edited,edited,data/edits/spurious_flip_control/sflip_chair_ADE_train_00000728.jpg,data/edits/spurious_v2_control/images/control/sflip_chair_ADE_train_00000728.jpg,0,False,KNOWN_V2_RETROSPECTIVE_REUSE
PHASH_NEAR_DUPLICATE,specificity_v1_94,specificity_v2_30,sflip_chair_ADE_train_00000928,sflip_chair_ADE_train_00000928,original,original,data/edits/spurious_flip_control/orig/sflip_chair_ADE_train_00000928.jpg,data/edits/spurious_v2_control/images/orig/sflip_chair_ADE_train_00000928.jpg,0,False,KNOWN_V2_RETROSPECTIVE_REUSE
PHASH_NEAR_DUPLICATE,specificity_v1_94,specificity_v2_30,sflip_chair_ADE_train_00000928,sflip_chair_ADE_train_00000928,original,edited,data/edits/spurious_flip_control/orig/sflip_chair_ADE_train_00000928.jpg,data/edits/spurious_v2_control/images/control/sflip_chair_ADE_train_00000928.jpg,4,False,KNOWN_V2_RETROSPECTIVE_REUSE
PHASH_NEAR_DUPLICATE,specificity_v1_94,specificity_v2_30,sflip_chair_ADE_train_00000928,sflip_chair_ADE_train_00000928,edited,original,data/edits/spurious_flip_control/sflip_chair_ADE_train_00000928.jpg,data/edits/spurious_v2_control/images/orig/sflip_chair_ADE_train_00000928.jpg,4,False,KNOWN_V2_RETROSPECTIVE_REUSE
PHASH_NEAR_DUPLICATE,specificity_v1_94,specificity_v2_30,sflip_chair_ADE_train_00000928,sflip_chair_ADE_train_00000928,edited,edited,data/edits/spurious_flip_control/sflip_chair_ADE_train_00000928.jpg,data/edits/spurious_v2_control/images/control/sflip_chair_ADE_train_00000928.jpg,0,False,KNOWN_V2_RETROSPECTIVE_REUSE
PHASH_NEAR_DUPLICATE,specificity_v1_94,specificity_v2_30,sflip_chair_ADE_train_00001105,sflip_chair_ADE_train_00001105,original,original,data/edits/spurious_flip_control/orig/sflip_chair_ADE_train_00001105.jpg,data/edits/spurious_v2_control/images/orig/sflip_chair_ADE_train_00001105.jpg,0,False,KNOWN_V2_RETROSPECTIVE_REUSE
PHASH_NEAR_DUPLICATE,specificity_v1_94,specificity_v2_30,sflip_chair_ADE_train_00001105,sflip_chair_ADE_train_00001105,original,edited,data/edits/spurious_flip_control/orig/sflip_chair_ADE_train_00001105.jpg,data/edits/spurious_v2_control/images/control/sflip_chair_ADE_train_00001105.jpg,2,False,KNOWN_V2_RETROSPECTIVE_REUSE
PHASH_NEAR_DUPLICATE,specificity_v1_94,specificity_v2_30,sflip_chair_ADE_train_00001105,sflip_chair_ADE_train_00001105,edited,original,data/edits/spurious_flip_control/sflip_chair_ADE_train_00001105.jpg,data/edits/spurious_v2_control/images/orig/sflip_chair_ADE_train_00001105.jpg,2,False,KNOWN_V2_RETROSPECTIVE_REUSE
PHASH_NEAR_DUPLICATE,specificity_v1_94,specificity_v2_30,sflip_chair_ADE_train_00001105,sflip_chair_ADE_train_00001105,edited,edited,data/edits/spurious_flip_control/sflip_chair_ADE_train_00001105.jpg,data/edits/spurious_v2_control/images/control/sflip_chair_ADE_train_00001105.jpg,0,False,KNOWN_V2_RETROSPECTIVE_REUSE
PHASH_NEAR_DUPLICATE,specificity_v1_94,specificity_v2_30,sflip_sofa_ADE_train_00000653,sflip_sofa_ADE_train_00000653,original,original,data/edits/spurious_flip_control/orig/sflip_sofa_ADE_train_00000653.jpg,data/edits/spurious_v2_control/images/orig/sflip_sofa_ADE_train_00000653.jpg,0,False,KNOWN_V2_RETROSPECTIVE_REUSE
PHASH_NEAR_DUPLICATE,specificity_v1_94,specificity_v2_30,sflip_sofa_ADE_train_00000653,sflip_sofa_ADE_train_00000653,original,edited,data/edits/spurious_flip_control/orig/sflip_sofa_ADE_train_00000653.jpg,data/edits/spurious_v2_control/images/control/sflip_sofa_ADE_train_00000653.jpg,0,False,KNOWN_V2_RETROSPECTIVE_REUSE
PHASH_NEAR_DUPLICATE,specificity_v1_94,specificity_v2_30,sflip_sofa_ADE_train_00000653,sflip_sofa_ADE_train_00000653,edited,original,data/edits/spurious_flip_control/sflip_sofa_ADE_train_00000653.jpg,data/edits/spurious_v2_control/images/orig/sflip_sofa_ADE_train_00000653.jpg,0,False,KNOWN_V2_RETROSPECTIVE_REUSE
PHASH_NEAR_DUPLICATE,specificity_v1_94,specificity_v2_30,sflip_sofa_ADE_train_00000653,sflip_sofa_ADE_train_00000653,edited,edited,data/edits/spurious_flip_control/sflip_sofa_ADE_train_00000653.jpg,data/edits/spurious_v2_control/images/control/sflip_sofa_ADE_train_00000653.jpg,0,False,KNOWN_V2_RETROSPECTIVE_REUSE
PHASH_NEAR_DUPLICATE,specificity_v1_94,specificity_v2_30,sflip_sofa_ADE_train_00000668,sflip_sofa_ADE_train_00000668,original,original,data/edits/spurious_flip_control/orig/sflip_sofa_ADE_train_00000668.jpg,data/edits/spurious_v2_control/images/orig/sflip_sofa_ADE_train_00000668.jpg,0,False,KNOWN_V2_RETROSPECTIVE_REUSE
PHASH_NEAR_DUPLICATE,specificity_v1_94,specificity_v2_30,sflip_sofa_ADE_train_00000668,sflip_sofa_ADE_train_00000668,original,edited,data/edits/spurious_flip_control/orig/sflip_sofa_ADE_train_00000668.jpg,data/edits/spurious_v2_control/images/control/sflip_sofa_ADE_train_00000668.jpg,2,False,KNOWN_V2_RETROSPECTIVE_REUSE
PHASH_NEAR_DUPLICATE,specificity_v1_94,specificity_v2_30,sflip_sofa_ADE_train_00000668,sflip_sofa_ADE_train_00000668,edited,original,data/edits/spurious_flip_control/sflip_sofa_ADE_train_00000668.jpg,data/edits/spurious_v2_control/images/orig/sflip_sofa_ADE_train_00000668.jpg,2,False,KNOWN_V2_RETROSPECTIVE_REUSE
PHASH_NEAR_DUPLICATE,specificity_v1_94,specificity_v2_30,sflip_sofa_ADE_train_00000668,sflip_sofa_ADE_train_00000668,edited,edited,data/edits/spurious_flip_control/sflip_sofa_ADE_train_00000668.jpg,data/edits/spurious_v2_control/images/control/sflip_sofa_ADE_train_00000668.jpg,0,False,KNOWN_V2_RETROSPECTIVE_REUSE
PHASH_NEAR_DUPLICATE,specificity_v1_94,specificity_v2_30,sflip_sofa_ADE_train_00000671,sflip_sofa_ADE_train_00000671,original,original,data/edits/spurious_flip_control/orig/sflip_sofa_ADE_train_00000671.jpg,data/edits/spurious_v2_control/images/orig/sflip_sofa_ADE_train_00000671.jpg,0,False,KNOWN_V2_RETROSPECTIVE_REUSE
PHASH_NEAR_DUPLICATE,specificity_v1_94,specificity_v2_30,sflip_sofa_ADE_train_00000671,sflip_sofa_ADE_train_00000671,original,edited,data/edits/spurious_flip_control/orig/sflip_sofa_ADE_train_00000671.jpg,data/edits/spurious_v2_control/images/control/sflip_sofa_ADE_train_00000671.jpg,2,False,KNOWN_V2_RETROSPECTIVE_REUSE
PHASH_NEAR_DUPLICATE,specificity_v1_94,specificity_v2_30,sflip_sofa_ADE_train_00000671,sflip_sofa_ADE_train_00000671,edited,original,data/edits/spurious_flip_control/sflip_sofa_ADE_train_00000671.jpg,data/edits/spurious_v2_control/images/orig/sflip_sofa_ADE_train_00000671.jpg,2,False,KNOWN_V2_RETROSPECTIVE_REUSE
PHASH_NEAR_DUPLICATE,specificity_v1_94,specificity_v2_30,sflip_sofa_ADE_train_00000671,sflip_sofa_ADE_train_00000671,edited,edited,data/edits/spurious_flip_control/sflip_sofa_ADE_train_00000671.jpg,data/edits/spurious_v2_control/images/control/sflip_sofa_ADE_train_00000671.jpg,0,False,KNOWN_V2_RETROSPECTIVE_REUSE
PHASH_NEAR_DUPLICATE,specificity_v1_94,specificity_v2_30,sflip_sofa_ADE_train_00000675,sflip_sofa_ADE_train_00000675,original,original,data/edits/spurious_flip_control/orig/sflip_sofa_ADE_train_00000675.jpg,data/edits/spurious_v2_control/images/orig/sflip_sofa_ADE_train_00000675.jpg,0,False,KNOWN_V2_RETROSPECTIVE_REUSE
PHASH_NEAR_DUPLICATE,specificity_v1_94,specificity_v2_30,sflip_sofa_ADE_train_00000675,sflip_sofa_ADE_train_00000675,original,edited,data/edits/spurious_flip_control/orig/sflip_sofa_ADE_train_00000675.jpg,data/edits/spurious_v2_control/images/control/sflip_sofa_ADE_train_00000675.jpg,0,False,KNOWN_V2_RETROSPECTIVE_REUSE
PHASH_NEAR_DUPLICATE,specificity_v1_94,specificity_v2_30,sflip_sofa_ADE_train_00000675,sflip_sofa_ADE_train_00000675,edited,original,data/edits/spurious_flip_control/sflip_sofa_ADE_train_00000675.jpg,data/edits/spurious_v2_control/images/orig/sflip_sofa_ADE_train_00000675.jpg,0,False,KNOWN_V2_RETROSPECTIVE_REUSE
PHASH_NEAR_DUPLICATE,specificity_v1_94,specificity_v2_30,sflip_sofa_ADE_train_00000675,sflip_sofa_ADE_train_00000675,edited,edited,data/edits/spurious_flip_control/sflip_sofa_ADE_train_00000675.jpg,data/edits/spurious_v2_control/images/control/sflip_sofa_ADE_train_00000675.jpg,0,False,KNOWN_V2_RETROSPECTIVE_REUSE
PHASH_NEAR_DUPLICATE,specificity_v1_94,specificity_v2_30,sflip_sofa_ADE_train_00000688,sflip_sofa_ADE_train_00000688,original,original,data/edits/spurious_flip_control/orig/sflip_sofa_ADE_train_00000688.jpg,data/edits/spurious_v2_control/images/orig/sflip_sofa_ADE_train_00000688.jpg,0,False,KNOWN_V2_RETROSPECTIVE_REUSE
PHASH_NEAR_DUPLICATE,specificity_v1_94,specificity_v2_30,sflip_sofa_ADE_train_00000688,sflip_sofa_ADE_train_00000688,original,edited,data/edits/spurious_flip_control/orig/sflip_sofa_ADE_train_00000688.jpg,data/edits/spurious_v2_control/images/control/sflip_sofa_ADE_train_00000688.jpg,4,False,KNOWN_V2_RETROSPECTIVE_REUSE
PHASH_NEAR_DUPLICATE,specificity_v1_94,specificity_v2_30,sflip_sofa_ADE_train_00000688,sflip_sofa_ADE_train_00000688,edited,original,data/edits/spurious_flip_control/sflip_sofa_ADE_train_00000688.jpg,data/edits/spurious_v2_control/images/orig/sflip_sofa_ADE_train_00000688.jpg,4,False,KNOWN_V2_RETROSPECTIVE_REUSE
PHASH_NEAR_DUPLICATE,specificity_v1_94,specificity_v2_30,sflip_sofa_ADE_train_00000688,sflip_sofa_ADE_train_00000688,edited,edited,data/edits/spurious_flip_control/sflip_sofa_ADE_train_00000688.jpg,data/edits/spurious_v2_control/images/control/sflip_sofa_ADE_train_00000688.jpg,0,False,KNOWN_V2_RETROSPECTIVE_REUSE
PHASH_NEAR_DUPLICATE,specificity_v1_94,specificity_v2_30,sflip_sofa_ADE_train_00000693,sflip_sofa_ADE_train_00000693,original,original,data/edits/spurious_flip_control/orig/sflip_sofa_ADE_train_00000693.jpg,data/edits/spurious_v2_control/images/orig/sflip_sofa_ADE_train_00000693.jpg,0,False,KNOWN_V2_RETROSPECTIVE_REUSE
PHASH_NEAR_DUPLICATE,specificity_v1_94,specificity_v2_30,sflip_sofa_ADE_train_00000693,sflip_sofa_ADE_train_00000693,original,edited,data/edits/spurious_flip_control/orig/sflip_sofa_ADE_train_00000693.jpg,data/edits/spurious_v2_control/images/control/sflip_sofa_ADE_train_00000693.jpg,0,False,KNOWN_V2_RETROSPECTIVE_REUSE
PHASH_NEAR_DUPLICATE,specificity_v1_94,specificity_v2_30,sflip_sofa_ADE_train_00000693,sflip_sofa_ADE_train_00000693,edited,original,data/edits/spurious_flip_control/sflip_sofa_ADE_train_00000693.jpg,data/edits/spurious_v2_control/images/orig/sflip_sofa_ADE_train_00000693.jpg,0,False,KNOWN_V2_RETROSPECTIVE_REUSE
PHASH_NEAR_DUPLICATE,specificity_v1_94,specificity_v2_30,sflip_sofa_ADE_train_00000693,sflip_sofa_ADE_train_00000693,edited,edited,data/edits/spurious_flip_control/sflip_sofa_ADE_train_00000693.jpg,data/edits/spurious_v2_control/images/control/sflip_sofa_ADE_train_00000693.jpg,0,False,KNOWN_V2_RETROSPECTIVE_REUSE
PHASH_NEAR_DUPLICATE,specificity_v1_94,specificity_v2_30,sflip_sofa_ADE_train_00000701,sflip_sofa_ADE_train_00000701,original,original,data/edits/spurious_flip_control/orig/sflip_sofa_ADE_train_00000701.jpg,data/edits/spurious_v2_control/images/orig/sflip_sofa_ADE_train_00000701.jpg,0,False,KNOWN_V2_RETROSPECTIVE_REUSE
PHASH_NEAR_DUPLICATE,specificity_v1_94,specificity_v2_30,sflip_sofa_ADE_train_00000701,sflip_sofa_ADE_train_00000701,original,edited,data/edits/spurious_flip_control/orig/sflip_sofa_ADE_train_00000701.jpg,data/edits/spurious_v2_control/images/control/sflip_sofa_ADE_train_00000701.jpg,2,False,KNOWN_V2_RETROSPECTIVE_REUSE
PHASH_NEAR_DUPLICATE,specificity_v1_94,specificity_v2_30,sflip_sofa_ADE_train_00000701,sflip_sofa_ADE_train_00000701,edited,original,data/edits/spurious_flip_control/sflip_sofa_ADE_train_00000701.jpg,data/edits/spurious_v2_control/images/orig/sflip_sofa_ADE_train_00000701.jpg,2,False,KNOWN_V2_RETROSPECTIVE_REUSE
PHASH_NEAR_DUPLICATE,specificity_v1_94,specificity_v2_30,sflip_sofa_ADE_train_00000701,sflip_sofa_ADE_train_00000701,edited,edited,data/edits/spurious_flip_control/sflip_sofa_ADE_train_00000701.jpg,data/edits/spurious_v2_control/images/control/sflip_sofa_ADE_train_00000701.jpg,0,False,KNOWN_V2_RETROSPECTIVE_REUSE
PHASH_NEAR_DUPLICATE,specificity_v1_94,specificity_v2_30,sflip_sofa_ADE_train_00000706,sflip_sofa_ADE_train_00000706,original,original,data/edits/spurious_flip_control/orig/sflip_sofa_ADE_train_00000706.jpg,data/edits/spurious_v2_control/images/orig/sflip_sofa_ADE_train_00000706.jpg,0,False,KNOWN_V2_RETROSPECTIVE_REUSE
PHASH_NEAR_DUPLICATE,specificity_v1_94,specificity_v2_30,sflip_sofa_ADE_train_00000706,sflip_sofa_ADE_train_00000706,original,edited,data/edits/spurious_flip_control/orig/sflip_sofa_ADE_train_00000706.jpg,data/edits/spurious_v2_control/images/control/sflip_sofa_ADE_train_00000706.jpg,2,False,KNOWN_V2_RETROSPECTIVE_REUSE
PHASH_NEAR_DUPLICATE,specificity_v1_94,specificity_v2_30,sflip_sofa_ADE_train_00000706,sflip_sofa_ADE_train_00000706,edited,original,data/edits/spurious_flip_control/sflip_sofa_ADE_train_00000706.jpg,data/edits/spurious_v2_control/images/orig/sflip_sofa_ADE_train_00000706.jpg,2,False,KNOWN_V2_RETROSPECTIVE_REUSE
PHASH_NEAR_DUPLICATE,specificity_v1_94,specificity_v2_30,sflip_sofa_ADE_train_00000706,sflip_sofa_ADE_train_00000706,edited,edited,data/edits/spurious_flip_control/sflip_sofa_ADE_train_00000706.jpg,data/edits/spurious_v2_control/images/control/sflip_sofa_ADE_train_00000706.jpg,0,False,KNOWN_V2_RETROSPECTIVE_REUSE
PHASH_NEAR_DUPLICATE,specificity_v1_94,specificity_v2_30,sflip_sofa_ADE_train_00000717,sflip_sofa_ADE_train_00000717,original,original,data/edits/spurious_flip_control/orig/sflip_sofa_ADE_train_00000717.jpg,data/edits/spurious_v2_control/images/orig/sflip_sofa_ADE_train_00000717.jpg,0,False,KNOWN_V2_RETROSPECTIVE_REUSE
PHASH_NEAR_DUPLICATE,specificity_v1_94,specificity_v2_30,sflip_sofa_ADE_train_00000717,sflip_sofa_ADE_train_00000717,original,edited,data/edits/spurious_flip_control/orig/sflip_sofa_ADE_train_00000717.jpg,data/edits/spurious_v2_control/images/control/sflip_sofa_ADE_train_00000717.jpg,2,False,KNOWN_V2_RETROSPECTIVE_REUSE
PHASH_NEAR_DUPLICATE,specificity_v1_94,specificity_v2_30,sflip_sofa_ADE_train_00000717,sflip_sofa_ADE_train_00000717,edited,original,data/edits/spurious_flip_control/sflip_sofa_ADE_train_00000717.jpg,data/edits/spurious_v2_control/images/orig/sflip_sofa_ADE_train_00000717.jpg,2,False,KNOWN_V2_RETROSPECTIVE_REUSE
PHASH_NEAR_DUPLICATE,specificity_v1_94,specificity_v2_30,sflip_sofa_ADE_train_00000717,sflip_sofa_ADE_train_00000717,edited,edited,data/edits/spurious_flip_control/sflip_sofa_ADE_train_00000717.jpg,data/edits/spurious_v2_control/images/control/sflip_sofa_ADE_train_00000717.jpg,0,False,KNOWN_V2_RETROSPECTIVE_REUSE
PHASH_NEAR_DUPLICATE,specificity_v1_94,specificity_v2_30,sflip_sofa_ADE_train_00000732,sflip_sofa_ADE_train_00000732,original,original,data/edits/spurious_flip_control/orig/sflip_sofa_ADE_train_00000732.jpg,data/edits/spurious_v2_control/images/orig/sflip_sofa_ADE_train_00000732.jpg,0,False,KNOWN_V2_RETROSPECTIVE_REUSE
PHASH_NEAR_DUPLICATE,specificity_v1_94,specificity_v2_30,sflip_sofa_ADE_train_00000732,sflip_sofa_ADE_train_00000732,original,edited,data/edits/spurious_flip_control/orig/sflip_sofa_ADE_train_00000732.jpg,data/edits/spurious_v2_control/images/control/sflip_sofa_ADE_train_00000732.jpg,2,False,KNOWN_V2_RETROSPECTIVE_REUSE
PHASH_NEAR_DUPLICATE,specificity_v1_94,specificity_v2_30,sflip_sofa_ADE_train_00000732,sflip_sofa_ADE_train_00000732,edited,original,data/edits/spurious_flip_control/sflip_sofa_ADE_train_00000732.jpg,data/edits/spurious_v2_control/images/orig/sflip_sofa_ADE_train_00000732.jpg,2,False,KNOWN_V2_RETROSPECTIVE_REUSE
PHASH_NEAR_DUPLICATE,specificity_v1_94,specificity_v2_30,sflip_sofa_ADE_train_00000732,sflip_sofa_ADE_train_00000732,edited,edited,data/edits/spurious_flip_control/sflip_sofa_ADE_train_00000732.jpg,data/edits/spurious_v2_control/images/control/sflip_sofa_ADE_train_00000732.jpg,0,False,KNOWN_V2_RETROSPECTIVE_REUSE
PHASH_NEAR_DUPLICATE,specificity_v1_94,specificity_v2_30,sflip_sofa_ADE_train_00000740,sflip_sofa_ADE_train_00000740,original,original,data/edits/spurious_flip_control/orig/sflip_sofa_ADE_train_00000740.jpg,data/edits/spurious_v2_control/images/orig/sflip_sofa_ADE_train_00000740.jpg,0,False,KNOWN_V2_RETROSPECTIVE_REUSE
PHASH_NEAR_DUPLICATE,specificity_v1_94,specificity_v2_30,sflip_sofa_ADE_train_00000740,sflip_sofa_ADE_train_00000740,original,edited,data/edits/spurious_flip_control/orig/sflip_sofa_ADE_train_00000740.jpg,data/edits/spurious_v2_control/images/control/sflip_sofa_ADE_train_00000740.jpg,0,False,KNOWN_V2_RETROSPECTIVE_REUSE
PHASH_NEAR_DUPLICATE,specificity_v1_94,specificity_v2_30,sflip_sofa_ADE_train_00000740,sflip_sofa_ADE_train_00000740,edited,original,data/edits/spurious_flip_control/sflip_sofa_ADE_train_00000740.jpg,data/edits/spurious_v2_control/images/orig/sflip_sofa_ADE_train_00000740.jpg,0,False,KNOWN_V2_RETROSPECTIVE_REUSE
PHASH_NEAR_DUPLICATE,specificity_v1_94,specificity_v2_30,sflip_sofa_ADE_train_00000740,sflip_sofa_ADE_train_00000740,edited,edited,data/edits/spurious_flip_control/sflip_sofa_ADE_train_00000740.jpg,data/edits/spurious_v2_control/images/control/sflip_sofa_ADE_train_00000740.jpg,0,False,KNOWN_V2_RETROSPECTIVE_REUSE
PHASH_NEAR_DUPLICATE,specificity_v1_94,specificity_v2_30,sflip_table_ADE_train_00000196,sflip_table_ADE_train_00000196,original,original,data/edits/spurious_flip_control/orig/sflip_table_ADE_train_00000196.jpg,data/edits/spurious_v2_control/images/orig/sflip_table_ADE_train_00000196.jpg,0,False,KNOWN_V2_RETROSPECTIVE_REUSE
PHASH_NEAR_DUPLICATE,specificity_v1_94,specificity_v2_30,sflip_table_ADE_train_00000196,sflip_table_ADE_train_00000196,original,edited,data/edits/spurious_flip_control/orig/sflip_table_ADE_train_00000196.jpg,data/edits/spurious_v2_control/images/control/sflip_table_ADE_train_00000196.jpg,2,False,KNOWN_V2_RETROSPECTIVE_REUSE
PHASH_NEAR_DUPLICATE,specificity_v1_94,specificity_v2_30,sflip_table_ADE_train_00000196,sflip_table_ADE_train_00000196,edited,original,data/edits/spurious_flip_control/sflip_table_ADE_train_00000196.jpg,data/edits/spurious_v2_control/images/orig/sflip_table_ADE_train_00000196.jpg,2,False,KNOWN_V2_RETROSPECTIVE_REUSE
PHASH_NEAR_DUPLICATE,specificity_v1_94,specificity_v2_30,sflip_table_ADE_train_00000196,sflip_table_ADE_train_00000196,edited,edited,data/edits/spurious_flip_control/sflip_table_ADE_train_00000196.jpg,data/edits/spurious_v2_control/images/control/sflip_table_ADE_train_00000196.jpg,0,False,KNOWN_V2_RETROSPECTIVE_REUSE
PHASH_NEAR_DUPLICATE,specificity_v1_94,specificity_v2_30,sflip_table_ADE_train_00000218,sflip_table_ADE_train_00000218,original,original,data/edits/spurious_flip_control/orig/sflip_table_ADE_train_00000218.jpg,data/edits/spurious_v2_control/images/orig/sflip_table_ADE_train_00000218.jpg,0,False,KNOWN_V2_RETROSPECTIVE_REUSE
PHASH_NEAR_DUPLICATE,specificity_v1_94,specificity_v2_30,sflip_table_ADE_train_00000218,sflip_table_ADE_train_00000218,original,edited,data/edits/spurious_flip_control/orig/sflip_table_ADE_train_00000218.jpg,data/edits/spurious_v2_control/images/control/sflip_table_ADE_train_00000218.jpg,0,False,KNOWN_V2_RETROSPECTIVE_REUSE
PHASH_NEAR_DUPLICATE,specificity_v1_94,specificity_v2_30,sflip_table_ADE_train_00000218,sflip_table_ADE_train_00000218,edited,original,data/edits/spurious_flip_control/sflip_table_ADE_train_00000218.jpg,data/edits/spurious_v2_control/images/orig/sflip_table_ADE_train_00000218.jpg,0,False,KNOWN_V2_RETROSPECTIVE_REUSE
PHASH_NEAR_DUPLICATE,specificity_v1_94,specificity_v2_30,sflip_table_ADE_train_00000218,sflip_table_ADE_train_00000218,edited,edited,data/edits/spurious_flip_control/sflip_table_ADE_train_00000218.jpg,data/edits/spurious_v2_control/images/control/sflip_table_ADE_train_00000218.jpg,0,False,KNOWN_V2_RETROSPECTIVE_REUSE
PHASH_NEAR_DUPLICATE,specificity_v1_94,specificity_v2_30,sflip_table_ADE_train_00000228,sflip_table_ADE_train_00000228,original,original,data/edits/spurious_flip_control/orig/sflip_table_ADE_train_00000228.jpg,data/edits/spurious_v2_control/images/orig/sflip_table_ADE_train_00000228.jpg,0,False,KNOWN_V2_RETROSPECTIVE_REUSE
PHASH_NEAR_DUPLICATE,specificity_v1_94,specificity_v2_30,sflip_table_ADE_train_00000228,sflip_table_ADE_train_00000228,original,edited,data/edits/spurious_flip_control/orig/sflip_table_ADE_train_00000228.jpg,data/edits/spurious_v2_control/images/control/sflip_table_ADE_train_00000228.jpg,0,False,KNOWN_V2_RETROSPECTIVE_REUSE
PHASH_NEAR_DUPLICATE,specificity_v1_94,specificity_v2_30,sflip_table_ADE_train_00000228,sflip_table_ADE_train_00000228,edited,original,data/edits/spurious_flip_control/sflip_table_ADE_train_00000228.jpg,data/edits/spurious_v2_control/images/orig/sflip_table_ADE_train_00000228.jpg,0,False,KNOWN_V2_RETROSPECTIVE_REUSE
PHASH_NEAR_DUPLICATE,specificity_v1_94,specificity_v2_30,sflip_table_ADE_train_00000228,sflip_table_ADE_train_00000228,edited,edited,data/edits/spurious_flip_control/sflip_table_ADE_train_00000228.jpg,data/edits/spurious_v2_control/images/control/sflip_table_ADE_train_00000228.jpg,0,False,KNOWN_V2_RETROSPECTIVE_REUSE
PHASH_NEAR_DUPLICATE,specificity_v1_94,specificity_v2_30,sflip_table_ADE_train_00000233,sflip_table_ADE_train_00000233,original,original,data/edits/spurious_flip_control/orig/sflip_table_ADE_train_00000233.jpg,data/edits/spurious_v2_control/images/orig/sflip_table_ADE_train_00000233.jpg,0,False,KNOWN_V2_RETROSPECTIVE_REUSE
PHASH_NEAR_DUPLICATE,specificity_v1_94,specificity_v2_30,sflip_table_ADE_train_00000233,sflip_table_ADE_train_00000233,original,edited,data/edits/spurious_flip_control/orig/sflip_table_ADE_train_00000233.jpg,data/edits/spurious_v2_control/images/control/sflip_table_ADE_train_00000233.jpg,2,False,KNOWN_V2_RETROSPECTIVE_REUSE
PHASH_NEAR_DUPLICATE,specificity_v1_94,specificity_v2_30,sflip_table_ADE_train_00000233,sflip_table_ADE_train_00000233,edited,original,data/edits/spurious_flip_control/sflip_table_ADE_train_00000233.jpg,data/edits/spurious_v2_control/images/orig/sflip_table_ADE_train_00000233.jpg,2,False,KNOWN_V2_RETROSPECTIVE_REUSE
PHASH_NEAR_DUPLICATE,specificity_v1_94,specificity_v2_30,sflip_table_ADE_train_00000233,sflip_table_ADE_train_00000233,edited,edited,data/edits/spurious_flip_control/sflip_table_ADE_train_00000233.jpg,data/edits/spurious_v2_control/images/control/sflip_table_ADE_train_00000233.jpg,0,False,KNOWN_V2_RETROSPECTIVE_REUSE
PHASH_NEAR_DUPLICATE,specificity_v1_94,specificity_v2_30,sflip_table_ADE_train_00000289,sflip_table_ADE_train_00000289,original,original,data/edits/spurious_flip_control/orig/sflip_table_ADE_train_00000289.jpg,data/edits/spurious_v2_control/images/orig/sflip_table_ADE_train_00000289.jpg,0,False,KNOWN_V2_RETROSPECTIVE_REUSE
PHASH_NEAR_DUPLICATE,specificity_v1_94,specificity_v2_30,sflip_table_ADE_train_00000289,sflip_table_ADE_train_00000289,original,edited,data/edits/spurious_flip_control/orig/sflip_table_ADE_train_00000289.jpg,data/edits/spurious_v2_control/images/control/sflip_table_ADE_train_00000289.jpg,4,False,KNOWN_V2_RETROSPECTIVE_REUSE
PHASH_NEAR_DUPLICATE,specificity_v1_94,specificity_v2_30,sflip_table_ADE_train_00000289,sflip_table_ADE_train_00000289,edited,original,data/edits/spurious_flip_control/sflip_table_ADE_train_00000289.jpg,data/edits/spurious_v2_control/images/orig/sflip_table_ADE_train_00000289.jpg,4,False,KNOWN_V2_RETROSPECTIVE_REUSE
PHASH_NEAR_DUPLICATE,specificity_v1_94,specificity_v2_30,sflip_table_ADE_train_00000289,sflip_table_ADE_train_00000289,edited,edited,data/edits/spurious_flip_control/sflip_table_ADE_train_00000289.jpg,data/edits/spurious_v2_control/images/control/sflip_table_ADE_train_00000289.jpg,0,False,KNOWN_V2_RETROSPECTIVE_REUSE
PHASH_NEAR_DUPLICATE,specificity_v1_94,specificity_v2_30,sflip_table_ADE_train_00000384,sflip_table_ADE_train_00000384,original,original,data/edits/spurious_flip_control/orig/sflip_table_ADE_train_00000384.jpg,data/edits/spurious_v2_control/images/orig/sflip_table_ADE_train_00000384.jpg,0,False,KNOWN_V2_RETROSPECTIVE_REUSE
PHASH_NEAR_DUPLICATE,specificity_v1_94,specificity_v2_30,sflip_table_ADE_train_00000384,sflip_table_ADE_train_00000384,original,edited,data/edits/spurious_flip_control/orig/sflip_table_ADE_train_00000384.jpg,data/edits/spurious_v2_control/images/control/sflip_table_ADE_train_00000384.jpg,2,False,KNOWN_V2_RETROSPECTIVE_REUSE
PHASH_NEAR_DUPLICATE,specificity_v1_94,specificity_v2_30,sflip_table_ADE_train_00000384,sflip_table_ADE_train_00000384,edited,original,data/edits/spurious_flip_control/sflip_table_ADE_train_00000384.jpg,data/edits/spurious_v2_control/images/orig/sflip_table_ADE_train_00000384.jpg,2,False,KNOWN_V2_RETROSPECTIVE_REUSE
PHASH_NEAR_DUPLICATE,specificity_v1_94,specificity_v2_30,sflip_table_ADE_train_00000384,sflip_table_ADE_train_00000384,edited,edited,data/edits/spurious_flip_control/sflip_table_ADE_train_00000384.jpg,data/edits/spurious_v2_control/images/control/sflip_table_ADE_train_00000384.jpg,0,False,KNOWN_V2_RETROSPECTIVE_REUSE
PHASH_NEAR_DUPLICATE,specificity_v1_94,specificity_v2_30,sflip_table_ADE_train_00000425,sflip_table_ADE_train_00000425,original,original,data/edits/spurious_flip_control/orig/sflip_table_ADE_train_00000425.jpg,data/edits/spurious_v2_control/images/orig/sflip_table_ADE_train_00000425.jpg,0,False,KNOWN_V2_RETROSPECTIVE_REUSE
PHASH_NEAR_DUPLICATE,specificity_v1_94,specificity_v2_30,sflip_table_ADE_train_00000425,sflip_table_ADE_train_00000425,original,edited,data/edits/spurious_flip_control/orig/sflip_table_ADE_train_00000425.jpg,data/edits/spurious_v2_control/images/control/sflip_table_ADE_train_00000425.jpg,2,False,KNOWN_V2_RETROSPECTIVE_REUSE
PHASH_NEAR_DUPLICATE,specificity_v1_94,specificity_v2_30,sflip_table_ADE_train_00000425,sflip_table_ADE_train_00000425,edited,original,data/edits/spurious_flip_control/sflip_table_ADE_train_00000425.jpg,data/edits/spurious_v2_control/images/orig/sflip_table_ADE_train_00000425.jpg,2,False,KNOWN_V2_RETROSPECTIVE_REUSE
PHASH_NEAR_DUPLICATE,specificity_v1_94,specificity_v2_30,sflip_table_ADE_train_00000425,sflip_table_ADE_train_00000425,edited,edited,data/edits/spurious_flip_control/sflip_table_ADE_train_00000425.jpg,data/edits/spurious_v2_control/images/control/sflip_table_ADE_train_00000425.jpg,0,False,KNOWN_V2_RETROSPECTIVE_REUSE
PHASH_NEAR_DUPLICATE,specificity_v1_94,specificity_v2_30,sflip_table_ADE_train_00000452,sflip_table_ADE_train_00000452,original,original,data/edits/spurious_flip_control/orig/sflip_table_ADE_train_00000452.jpg,data/edits/spurious_v2_control/images/orig/sflip_table_ADE_train_00000452.jpg,0,False,KNOWN_V2_RETROSPECTIVE_REUSE
PHASH_NEAR_DUPLICATE,specificity_v1_94,specificity_v2_30,sflip_table_ADE_train_00000452,sflip_table_ADE_train_00000452,original,edited,data/edits/spurious_flip_control/orig/sflip_table_ADE_train_00000452.jpg,data/edits/spurious_v2_control/images/control/sflip_table_ADE_train_00000452.jpg,0,False,KNOWN_V2_RETROSPECTIVE_REUSE
PHASH_NEAR_DUPLICATE,specificity_v1_94,specificity_v2_30,sflip_table_ADE_train_00000452,sflip_table_ADE_train_00000452,edited,original,data/edits/spurious_flip_control/sflip_table_ADE_train_00000452.jpg,data/edits/spurious_v2_control/images/orig/sflip_table_ADE_train_00000452.jpg,0,False,KNOWN_V2_RETROSPECTIVE_REUSE
PHASH_NEAR_DUPLICATE,specificity_v1_94,specificity_v2_30,sflip_table_ADE_train_00000452,sflip_table_ADE_train_00000452,edited,edited,data/edits/spurious_flip_control/sflip_table_ADE_train_00000452.jpg,data/edits/spurious_v2_control/images/control/sflip_table_ADE_train_00000452.jpg,0,False,KNOWN_V2_RETROSPECTIVE_REUSE
SOURCE_ID,specificity_v1_94,specificity_v2_30,sflip_car_ADE_train_00002034,sflip_car_ADE_train_00002034,,,,,,False,KNOWN_V2_RETROSPECTIVE_REUSE
SOURCE_ID,specificity_v1_94,specificity_v2_30,sflip_car_ADE_train_00004304,sflip_car_ADE_train_00004304,,,,,,False,KNOWN_V2_RETROSPECTIVE_REUSE
SOURCE_ID,specificity_v1_94,specificity_v2_30,sflip_car_ADE_train_00004561,sflip_car_ADE_train_00004561,,,,,,False,KNOWN_V2_RETROSPECTIVE_REUSE
SOURCE_ID,specificity_v1_94,specificity_v2_30,sflip_chair_ADE_train_00000194,sflip_chair_ADE_train_00000194,,,,,,False,KNOWN_V2_RETROSPECTIVE_REUSE
SOURCE_ID,specificity_v1_94,specificity_v2_30,sflip_chair_ADE_train_00000374,sflip_chair_ADE_train_00000374,,,,,,False,KNOWN_V2_RETROSPECTIVE_REUSE
SOURCE_ID,specificity_v1_94,specificity_v2_30,sflip_chair_ADE_train_00000469,sflip_chair_ADE_train_00000469,,,,,,False,KNOWN_V2_RETROSPECTIVE_REUSE
SOURCE_ID,specificity_v1_94,specificity_v2_30,sflip_chair_ADE_train_00000622,sflip_chair_ADE_train_00000622,,,,,,False,KNOWN_V2_RETROSPECTIVE_REUSE
SOURCE_ID,specificity_v1_94,specificity_v2_30,sflip_chair_ADE_train_00000630,sflip_chair_ADE_train_00000630,,,,,,False,KNOWN_V2_RETROSPECTIVE_REUSE
SOURCE_ID,specificity_v1_94,specificity_v2_30,sflip_chair_ADE_train_00000728,sflip_chair_ADE_train_00000728,,,,,,False,KNOWN_V2_RETROSPECTIVE_REUSE
SOURCE_ID,specificity_v1_94,specificity_v2_30,sflip_chair_ADE_train_00000928,sflip_chair_ADE_train_00000928,,,,,,False,KNOWN_V2_RETROSPECTIVE_REUSE
SOURCE_ID,specificity_v1_94,specificity_v2_30,sflip_chair_ADE_train_00001105,sflip_chair_ADE_train_00001105,,,,,,False,KNOWN_V2_RETROSPECTIVE_REUSE
SOURCE_ID,specificity_v1_94,specificity_v2_30,sflip_sofa_ADE_train_00000653,sflip_sofa_ADE_train_00000653,,,,,,False,KNOWN_V2_RETROSPECTIVE_REUSE
SOURCE_ID,specificity_v1_94,specificity_v2_30,sflip_sofa_ADE_train_00000668,sflip_sofa_ADE_train_00000668,,,,,,False,KNOWN_V2_RETROSPECTIVE_REUSE
SOURCE_ID,specificity_v1_94,specificity_v2_30,sflip_sofa_ADE_train_00000671,sflip_sofa_ADE_train_00000671,,,,,,False,KNOWN_V2_RETROSPECTIVE_REUSE
SOURCE_ID,specificity_v1_94,specificity_v2_30,sflip_sofa_ADE_train_00000675,sflip_sofa_ADE_train_00000675,,,,,,False,KNOWN_V2_RETROSPECTIVE_REUSE
SOURCE_ID,specificity_v1_94,specificity_v2_30,sflip_sofa_ADE_train_00000688,sflip_sofa_ADE_train_00000688,,,,,,False,KNOWN_V2_RETROSPECTIVE_REUSE
SOURCE_ID,specificity_v1_94,specificity_v2_30,sflip_sofa_ADE_train_00000693,sflip_sofa_ADE_train_00000693,,,,,,False,KNOWN_V2_RETROSPECTIVE_REUSE
SOURCE_ID,specificity_v1_94,specificity_v2_30,sflip_sofa_ADE_train_00000701,sflip_sofa_ADE_train_00000701,,,,,,False,KNOWN_V2_RETROSPECTIVE_REUSE
SOURCE_ID,specificity_v1_94,specificity_v2_30,sflip_sofa_ADE_train_00000706,sflip_sofa_ADE_train_00000706,,,,,,False,KNOWN_V2_RETROSPECTIVE_REUSE
SOURCE_ID,specificity_v1_94,specificity_v2_30,sflip_sofa_ADE_train_00000717,sflip_sofa_ADE_train_00000717,,,,,,False,KNOWN_V2_RETROSPECTIVE_REUSE
SOURCE_ID,specificity_v1_94,specificity_v2_30,sflip_sofa_ADE_train_00000732,sflip_sofa_ADE_train_00000732,,,,,,False,KNOWN_V2_RETROSPECTIVE_REUSE
SOURCE_ID,specificity_v1_94,specificity_v2_30,sflip_sofa_ADE_train_00000740,sflip_sofa_ADE_train_00000740,,,,,,False,KNOWN_V2_RETROSPECTIVE_REUSE
SOURCE_ID,specificity_v1_94,specificity_v2_30,sflip_table_ADE_train_00000196,sflip_table_ADE_train_00000196,,,,,,False,KNOWN_V2_RETROSPECTIVE_REUSE
SOURCE_ID,specificity_v1_94,specificity_v2_30,sflip_table_ADE_train_00000218,sflip_table_ADE_train_00000218,,,,,,False,KNOWN_V2_RETROSPECTIVE_REUSE
SOURCE_ID,specificity_v1_94,specificity_v2_30,sflip_table_ADE_train_00000228,sflip_table_ADE_train_00000228,,,,,,False,KNOWN_V2_RETROSPECTIVE_REUSE
SOURCE_ID,specificity_v1_94,specificity_v2_30,sflip_table_ADE_train_00000233,sflip_table_ADE_train_00000233,,,,,,False,KNOWN_V2_RETROSPECTIVE_REUSE
SOURCE_ID,specificity_v1_94,specificity_v2_30,sflip_table_ADE_train_00000289,sflip_table_ADE_train_00000289,,,,,,False,KNOWN_V2_RETROSPECTIVE_REUSE
SOURCE_ID,specificity_v1_94,specificity_v2_30,sflip_table_ADE_train_00000384,sflip_table_ADE_train_00000384,,,,,,False,KNOWN_V2_RETROSPECTIVE_REUSE
SOURCE_ID,specificity_v1_94,specificity_v2_30,sflip_table_ADE_train_00000425,sflip_table_ADE_train_00000425,,,,,,False,KNOWN_V2_RETROSPECTIVE_REUSE
SOURCE_ID,specificity_v1_94,specificity_v2_30,sflip_table_ADE_train_00000452,sflip_table_ADE_train_00000452,,,,,,False,KNOWN_V2_RETROSPECTIVE_REUSE
