item_id,source_id,endpoint_arm,category,perturbation_family,original_path,edited_path,original_sha256,edited_sha256,width,height,channels,decodable,rgb_valid,equal_dimensions,difference_bbox_xyxy,difference_pixels,difference_area_fraction,target_bbox_xyxy,target_box_overlap_pixels,target_box_overlap_fraction,target_mask_overlap_pixels,minimum_distance_to_target_px,geometry_source,mean_absolute_difference,psnr,ssim_global,histogram_distance,edge_density_change,luminance_change,contrast_change,stored_total_changed_fraction,stored_mask_area_fraction,evidence_class,paper_evidence
preview_pilot_6ea73698fe18,ade20k_train_images_training_ade_train_00000621,relevant,table,remove,data/edits/main_real_200/orig/pilot_6ea73698fe18.jpg,data/edits/main_real_200/pilot_6ea73698fe18.jpg,12c2abd6a2c205527422cb7661bcd9eb9ea6eef0574a0b61fe367d6a375fe0f8,71bb97e6df570040cd2a0d198bcf210df6381248582684427c591a3a75908549,723,512,3,True,True,True,"[63,319,544,512]",43017,0.11620688537344398,"[68,331,531,512]",83803,1.0,,0.0,ade20k_masks_manifest_bbox,2.749267915802213,26.215258791205017,0.9652866922817037,0.047494525126786535,0.0024421032123466205,0.7423252831085847,1.1389887962680163,0.07913262880359613,0.06821890127939143,HISTORICAL_IMAGE_DIAGNOSTIC,False
preview_pilot_7d2acefd3647,ade20k_train_images_training_ade_train_00001000,relevant,car,occlude,data/edits/main_real_200/orig/pilot_7d2acefd3647.jpg,data/edits/main_real_200/pilot_7d2acefd3647.jpg,2a37a9b0144d6448e980fd87146879321a7c23f36bdf125276e5765e2961489a,bb0e186b164a0e159a5cb0d0ab0d6c2418464f8a18a6900a6fcbe1628f9f572f,502,335,3,True,True,True,"[31,191,353,305]",10525,0.06258547897960397,"[39,193,350,303]",34210,1.0,,0.0,ade20k_masks_manifest_bbox,2.037789141939704,24.62043042532985,0.9862886530520808,0.013085964599314187,0.0007153438270298129,0.5383062341678055,0.0033724486605137827,0.03756912647915799,0.02750787893203306,HISTORICAL_IMAGE_DIAGNOSTIC,False
preview_pilot_28be06653ab9,ade20k_train_images_training_ade_train_00000880,relevant,sofa,displace,data/edits/main_real_200/orig/pilot_28be06653ab9.jpg,data/edits/main_real_200/pilot_28be06653ab9.jpg,f4638c2ac4fe4ab52a75ab61c6a3316efdce2cc3e7beebec4725fc510b3c1d42,884263c68a25354a34e06bbb86ba8b0471425d0c9bdd0a267feb415e4003c119,768,512,3,True,True,True,"[127,319,768,512]",43049,0.10947926839192708,"[137,326,768,511]",116735,1.0,,0.0,ade20k_masks_manifest_bbox,3.2862336900499134,24.657172392475275,0.9488567038562828,0.07559882269965279,0.009766261819367461,2.088967200215663,1.38966105539361,0.08382924397786458,0.08491007486979167,HISTORICAL_IMAGE_DIAGNOSTIC,False
preview_pilot_4c9e8e7fb2c2,ade20k_train_images_training_ade_train_00000575,relevant,car,occlude,data/edits/main_real_200/orig/pilot_4c9e8e7fb2c2.jpg,data/edits/main_real_200/pilot_4c9e8e7fb2c2.jpg,9d49662c961398dba019fc57a25770989be9bd7650f095206d1c98a08d871927,c52a9413cd270abe06181ee3da7cf85f075c118c59eab55537a6e2bdd6ad9a29,683,512,3,True,True,True,"[0,159,257,256]",9761,0.027912815702781844,"[0,161,256,249]",22528,1.0,,0.0,ade20k_masks_manifest_bbox,1.1843591767325525,27.167044003466707,0.9830163140792779,0.012252546974133723,0.0007891755478754564,0.8361901600247279,0.3446604028334832,0.019348233894582723,0.017420845534407026,HISTORICAL_IMAGE_DIAGNOSTIC,False
preview_pilot_bceacc91c7dd,ade20k_train_images_training_ade_train_00000688,relevant,sofa,displace,data/edits/main_real_200/orig/pilot_bceacc91c7dd.jpg,data/edits/main_real_200/pilot_bceacc91c7dd.jpg,3a3356291d69c81c3e1841ea7d948a0d1328d83e31d64c54a9f9abef7992eceb,7a90b139a46fac37b083577c3c694c6309536a1c465ce95f79a7eb57bfc25b9f,745,512,3,True,True,True,"[0,255,273,512]",50091,0.13132078439597317,"[0,259,264,511]",66528,1.0,,0.0,ade20k_masks_manifest_bbox,4.357164079977629,24.738303264983852,0.9741086701395546,0.12089800055928411,0.001591338496867871,4.180787444945466,3.291844436014159,0.11213034815436242,0.10922556627516779,HISTORICAL_IMAGE_DIAGNOSTIC,False
preview_pilot_b318bcbc2292,ade20k_train_images_training_ade_train_00000523,relevant,table,remove,data/edits/main_real_200/orig/pilot_b318bcbc2292.jpg,data/edits/main_real_200/pilot_b318bcbc2292.jpg,ad2a4739bdbe0259d52f94990d3cfc47731d1b2a7082abe027cc9a9704e4e56a,7c615dc8e8def65197d3cf0c45fc96c760ea33121802c909b405ce9c182262c7,639,512,3,True,True,True,"[255,239,385,337]",7325,0.022389108959311423,"[267,252,377,328]",8360,1.0,,0.0,ade20k_masks_manifest_bbox,0.6546198487219614,31.359366810835134,0.9907784306041342,0.017609709181011995,0.0011329102780988504,0.33335655870988035,0.11053599452164065,0.01426178599374022,0.01277325410798122,HISTORICAL_IMAGE_DIAGNOSTIC,False
preview_pilot_2ac91af26fdd,ade20k_train_images_training_ade_train_00000941,relevant,car,occlude,data/edits/main_real_200/orig/pilot_2ac91af26fdd.jpg,data/edits/main_real_200/pilot_2ac91af26fdd.jpg,78730308a76426127a856700a53b27ae7df32c193075a78f3364f00261cf082a,3bb2a6e36d5bc73ba89b4280a5d159418b1cc93f81e3ae13d480e760c7cd627a,472,313,3,True,True,True,"[0,111,161,313]",13378,0.09055341961336438,"[0,114,151,310]",29596,1.0,,0.0,ade20k_masks_manifest_bbox,3.415193317810148,23.98348792330557,0.9833934462258838,0.051704842872872324,0.009749327252304985,0.4727810201981697,0.8525486309208787,0.06875101532463312,0.06117669356148806,HISTORICAL_IMAGE_DIAGNOSTIC,False
preview_pilot_caf50be3f2be,ade20k_train_images_training_ade_train_00000374,relevant,chair,displace,data/edits/main_real_200/orig/pilot_caf50be3f2be.jpg,data/edits/main_real_200/pilot_caf50be3f2be.jpg,501ff9adf7600822c7fcf123538b24ed9a67285d0362292fa1bc7d197aba2fd1,c6cae112e956e87ace12c48bc49505e15e7a2c1528406a239994e250b97b25b5,764,512,3,True,True,True,"[488,367,764,512]",19787,0.05058440363219895,"[494,381,763,511]",34970,1.0,,0.0,ade20k_masks_manifest_bbox,1.5621455061082024,28.072009122898475,0.9832337673575058,0.03291850730802792,0.002632320180267836,0.08247224824114596,0.2184243017677403,0.037344568062827224,0.03517414512434555,HISTORICAL_IMAGE_DIAGNOSTIC,False
preview_pilot_65a2baa96527,ade20k_train_images_training_ade_train_00000832,relevant,table,remove,data/edits/main_real_200/orig/pilot_65a2baa96527.jpg,data/edits/main_real_200/pilot_65a2baa96527.jpg,8c31b1fc47927d2443164b5decb740a7778cd24ed434a82298067002e48f42e5,390ba90f038adea15a16be778a70eed6a60bf16aa75d706e7376351440a8057b,769,512,3,True,True,True,"[159,287,449,512]",17273,0.04387038767880364,"[160,288,448,511]",64224,1.0,,0.0,ade20k_masks_manifest_bbox,2.72159883642176,23.049434018350524,0.9216328054698306,0.03910821684005201,0.003696378032880712,2.5701177361020626,1.803658795878782,0.03699254307542263,0.0342723910923277,HISTORICAL_IMAGE_DIAGNOSTIC,False
preview_pilot_d24e8a304df6,ade20k_train_images_training_ade_train_00000946,relevant,car,occlude,data/edits/main_real_200/orig/pilot_d24e8a304df6.jpg,data/edits/main_real_200/pilot_d24e8a304df6.jpg,256ca008598f38b4781b7b69403f215d6ac04467f0db5cf52c16a7b59dab7380,77bb4d81d32d395a59551feeb82e03982d8ed0bfb241e08df28a13f83ce14d2f,512,660,3,True,True,True,"[0,223,512,337]",18626,0.05511955492424243,"[2,237,512,329]",46920,1.0,,0.0,ade20k_masks_manifest_bbox,2.529923255997475,24.20790642369248,0.9428928455294544,0.01829624368686869,0.002355232499540512,0.990453377130649,0.31524503479309374,0.0392578125,0.03723070549242424,HISTORICAL_IMAGE_DIAGNOSTIC,False
preview_pilot_fe56617894f8,ade20k_train_images_training_ade_train_00000758,relevant,sofa,displace,data/edits/main_real_200/orig/pilot_fe56617894f8.jpg,data/edits/main_real_200/pilot_fe56617894f8.jpg,40e4e09e265340109508a9ddcc99154573dc9fe5d08e9628c1a2b34e9a7dc421,e111a88f79421aafe39c6079b54fb1ca131b1ec600a52af49767020b11f7b05a,768,512,3,True,True,True,"[0,328,408,512]",49018,0.12465922037760417,"[0,333,401,512]",71779,1.0,,0.0,ade20k_masks_manifest_bbox,6.297604878743489,20.893454957352134,0.9059293814836301,0.12455579969618057,0.0022645296706879647,5.3346746287027855,1.9665686065742847,0.10721333821614583,0.1053619384765625,HISTORICAL_IMAGE_DIAGNOSTIC,False
preview_pilot_ff8eed607a75,ade20k_train_images_training_ade_train_00000304,relevant,table,remove,data/edits/main_real_200/orig/pilot_ff8eed607a75.jpg,data/edits/main_real_200/pilot_ff8eed607a75.jpg,1ef9b0574a187108829d5b48da2a61b5561779dccff8f092215432b154eb4b76,cd310f42704ed0d6648cfb5313f2cbb0413d019cc862e2c964adc23927040fe7,767,512,3,True,True,True,"[0,287,497,480]",15901,0.04049105687744459,"[0,296,485,469]",83905,1.0,,0.0,ade20k_masks_manifest_bbox,0.955905720338983,31.19946595470829,0.9927826150916627,0.030873125814863105,0.0008034392300246482,0.6228134213046133,1.2549387725737802,0.03264799951108214,0.031283103813559324,HISTORICAL_IMAGE_DIAGNOSTIC,False
preview_pilot_bf5dc60f7821,ade20k_train_images_training_ade_train_00000582,relevant,car,occlude,data/edits/main_real_200/orig/pilot_bf5dc60f7821.jpg,data/edits/main_real_200/pilot_bf5dc60f7821.jpg,311f810ba9a95871e191d8dd198f69219635ca42c613f7f26fa226ca5d85ab04,f4e0ad04c1e444196071d8c15a875cba596b697e63942d24f1fedaaea37ae25b,683,512,3,True,True,True,"[0,319,683,512]",52982,0.15150873901903367,"[1,321,683,512]",130262,1.0,,0.0,ade20k_masks_manifest_bbox,5.48214163158858,21.91647733920575,0.9400995525802083,0.08241634638848218,0.003440289774948903,2.424947905037527,2.5546866870435068,0.11267500915080528,0.112294678806735,HISTORICAL_IMAGE_DIAGNOSTIC,False
preview_pilot_1a52adcb9b61,ade20k_train_images_training_ade_train_00000759,relevant,sofa,displace,data/edits/main_real_200/orig/pilot_1a52adcb9b61.jpg,data/edits/main_real_200/pilot_1a52adcb9b61.jpg,090f8380f4a8152bd52e587d14d6392b66ea6bcf3bb73c6c0cc082bb80eb6863,42484517b7447c4d743a28569eadd9826ae356e05fc2b4489c7feef3c58f67d3,768,512,3,True,True,True,"[367,271,721,481]",42396,0.107818603515625,"[380,277,718,476]",67262,1.0,,0.0,ade20k_masks_manifest_bbox,2.6090901692708335,25.476578785983342,0.9671001207280184,0.05862765842013889,0.00031968332246495174,1.5090877741495774,1.578986821925703,0.07855478922526042,0.07507832845052083,HISTORICAL_IMAGE_DIAGNOSTIC,False
preview_pilot_952762e94470,ade20k_train_images_training_ade_train_00000944,relevant,car,occlude,data/edits/main_real_200/orig/pilot_952762e94470.jpg,data/edits/main_real_200/pilot_952762e94470.jpg,e687c2933f84345dcf6d512f8d3ba04ed1ce0644ec7f42055d0943561932f103,05722452aecb562d548e1454246673e265dc1728203ecddf7d5610dc5710fa82,375,500,3,True,True,True,"[127,335,305,481]",4146,0.022112,"[131,337,301,480]",24310,1.0,,0.0,ade20k_masks_manifest_bbox,0.7386346666666667,30.51747778390931,0.9896373237478013,0.007804444444444447,0.0006548613431339723,0.23693219840001234,0.15740841335781397,0.01565333333333333,0.014053333333333333,HISTORICAL_IMAGE_DIAGNOSTIC,False
preview_pilot_5c25a0a94031,ade20k_train_images_training_ade_train_00000633,relevant,chair,displace,data/edits/main_real_200/orig/pilot_5c25a0a94031.jpg,data/edits/main_real_200/pilot_5c25a0a94031.jpg,eb683d576d3ac920cbd1287a6fb771bb1878b962e628c9a1159e449478d395c8,56e21796bf193d45ba9490454ce48abff96e2bd77710563789dd784430dc23c3,683,512,3,True,True,True,"[495,223,683,369]",15535,0.04442429996339678,"[504,238,681,363]",22125,1.0,,0.0,ade20k_masks_manifest_bbox,1.545563384577843,26.95096484633286,0.9894596472152215,0.026901461078574915,0.003215424872922687,0.4306408634928687,0.2301699076384267,0.029242542093704246,0.02483585743045388,HISTORICAL_IMAGE_DIAGNOSTIC,False
preview_pilot_33e99a8cf8c5,ade20k_train_images_training_ade_train_00000489,relevant,table,remove,data/edits/main_real_200/orig/pilot_33e99a8cf8c5.jpg,data/edits/main_real_200/pilot_33e99a8cf8c5.jpg,8690b900a1ad2af32c92d78c780129b55ca9ba3134d008afaa1ab4fc18533c63,8151b9b410e751c6876b86f92cb1328b30c0191f87bfccf3cd2c7e4ccc07e71b,682,512,3,True,True,True,"[351,287,657,433]",10261,0.029385653409090908,"[352,297,655,423]",38178,1.0,,0.0,ade20k_masks_manifest_bbox,1.8086834830156402,25.479281228280236,0.9474818838219173,0.03398017473118279,0.0022820701862088927,1.70139793633156,0.5829635717902875,0.022263333944281524,0.020347438599706745,HISTORICAL_IMAGE_DIAGNOSTIC,False
preview_pilot_1de6086e7f7e,ade20k_train_images_training_ade_train_00000773,relevant,sofa,displace,data/edits/main_real_200/orig/pilot_1de6086e7f7e.jpg,data/edits/main_real_200/pilot_1de6086e7f7e.jpg,b714ba1d4cfa100e3e27919a1ad055505f3c7c54a521ea07a78ac9b03adc9a4c,681f2f55e5b7d91af133899268c8c30fe78502ea1b639c4b494eabaf021d9afc,768,512,3,True,True,True,"[0,255,768,512]",81152,0.20638020833333334,"[0,257,767,512]",195585,1.0,,0.0,ade20k_masks_manifest_bbox,9.371165805392796,19.252029251320536,0.8691579000792458,0.1520623101128472,0.0033904263123573503,7.562655971781439,3.9778931007325014,0.1779047648111979,0.17598978678385416,HISTORICAL_IMAGE_DIAGNOSTIC,False
preview_pilot_1ff79de6fa95,ade20k_train_images_training_ade_train_00000675,relevant,sofa,displace,data/edits/main_real_200/orig/pilot_1ff79de6fa95.jpg,data/edits/main_real_200/pilot_1ff79de6fa95.jpg,d57fc30d5217c16919f9e8db2db074e92f62bbb65477cc7c9cc7c61569a5433f,333ea80590c725e5f9098130fbcd9675c0b65162fd547bb4bc7d2d47912cf1be,720,480,3,True,True,True,"[319,239,529,385]",21673,0.06271122685185185,"[320,250,524,373]",25092,1.0,,0.0,ade20k_masks_manifest_bbox,2.965554591049383,23.47728764421572,0.9493457871860321,0.03711033950617284,0.014230434782608686,1.9689869143518308,0.4052508713311198,0.04828703703703704,0.04443576388888889,HISTORICAL_IMAGE_DIAGNOSTIC,False
preview_pilot_a77a6e689ce9,ade20k_train_images_training_ade_train_00000912,relevant,sofa,displace,data/edits/main_real_200/orig/pilot_a77a6e689ce9.jpg,data/edits/main_real_200/pilot_a77a6e689ce9.jpg,443714ff7c9552eac49e9e1b6307d14813a8dee6d6106c563284a900b1e9bef5,7ae1249ba9db98927765734c5d37b70f87ac43eff7a32f6a4ba4469b32061576,768,512,3,True,True,True,"[127,271,385,465]",27716,0.07048543294270833,"[133,282,371,454]",40936,1.0,,0.0,ade20k_masks_manifest_bbox,3.1761160956488714,23.0210870046949,0.9516131220259135,0.052510579427083336,0.0011895785784153956,2.0234910232544223,0.8348672094645408,0.051333109537760414,0.047505696614583336,HISTORICAL_IMAGE_DIAGNOSTIC,False
preview_pilot_305c8d329d20,ade20k_train_images_training_ade_train_00000544,relevant,table,remove,data/edits/main_real_200/orig/pilot_305c8d329d20.jpg,data/edits/main_real_200/pilot_305c8d329d20.jpg,0a8b3b7a6dbf3d23ae846dfb9e4d7494a67352e80cf98a0fd1b19f777f11d95e,b00fae21a29f36031ad08d0a592c32dda5844291f080d27532219be22e051f0e,561,512,3,True,True,True,"[48,239,561,497]",22140,0.07708054812834225,"[60,244,561,495]",125751,1.0,,0.0,ade20k_masks_manifest_bbox,2.0557632854278074,26.843147122414113,0.9847453670066036,0.05574819890077243,0.0013969525158225443,1.6206346785873507,0.7700998968606143,0.05673114416221034,0.05613232508912656,HISTORICAL_IMAGE_DIAGNOSTIC,False
preview_pilot_08288a674ccd,ade20k_train_images_training_ade_train_00000775,relevant,chair,displace,data/edits/main_real_200/orig/pilot_08288a674ccd.jpg,data/edits/main_real_200/pilot_08288a674ccd.jpg,63213b0edb46843a7343dcf5edc24c6cc1f7d61156f963bbed0a422631a200cd,90fa353204fb19850d8189349d52db57c264b8dedba904d67793802bfd4061e1,683,512,3,True,True,True,"[383,255,497,353]",7423,0.021227008601756955,"[394,267,494,346]",7900,1.0,,0.0,ade20k_masks_manifest_bbox,1.052831602306003,27.766782565494864,0.986459203576973,0.018785840653977547,8.593563134760146e-05,1.0174668420570754,0.14418735573313768,0.014043626464128843,0.01281684663250366,HISTORICAL_IMAGE_DIAGNOSTIC,False
preview_pilot_8a283cbc9b3e,ade20k_train_images_training_ade_train_00000920,relevant,sofa,displace,data/edits/main_real_200/orig/pilot_8a283cbc9b3e.jpg,data/edits/main_real_200/pilot_8a283cbc9b3e.jpg,98dd1fa0ecc126c951e0decbc79268d622169f9aa82046898ca7d4807180f960,9faff9d374ddcfb7329740d29289ef51d8f94da1f13581059dc6817a7f0738c9,768,512,3,True,True,True,"[0,335,768,512]",44052,0.112030029296875,"[0,347,766,512]",126390,1.0,,0.0,ade20k_masks_manifest_bbox,4.906998528374566,22.15721986959447,0.9574982104510834,0.04876708984375,0.02057308648516465,1.0717580235799176,1.3070900416489053,0.10049947102864583,0.09798940022786458,HISTORICAL_IMAGE_DIAGNOSTIC,False
preview_pilot_7d1bd569f40f,ade20k_train_images_training_ade_train_00000760,relevant,sofa,displace,data/edits/main_real_200/orig/pilot_7d1bd569f40f.jpg,data/edits/main_real_200/pilot_7d1bd569f40f.jpg,1f0425f6d0d09ebfc9b93dd6aba16564e9fbcf5d787f04442be2fa7c0350d9e4,3917a3b4ecb173ebd51951ed23ae7c0a092a264dc877c3a613df1f8650328b93,765,512,3,True,True,True,"[0,223,705,449]",75741,0.193374693627451,"[0,233,696,442]",145464,1.0,,0.0,ade20k_masks_manifest_bbox,11.437297453703703,17.361267978823566,0.8261485166264395,0.1993923611111111,0.004378051945893212,10.310978239889707,5.08844783506207,0.1485702614379085,0.13877144607843137,HISTORICAL_IMAGE_DIAGNOSTIC,False
preview_pilot_46e1bd3d5152,ade20k_train_images_training_ade_train_00000346,relevant,table,remove,data/edits/main_real_200/orig/pilot_46e1bd3d5152.jpg,data/edits/main_real_200/pilot_46e1bd3d5152.jpg,0acf44e5d30bbddcda97b2188894e1ac51515caebe9e9c697f1ee7b8f4f224c6,9f0dc5fdd212f07ab44db6e375e00c62c78774b83925b405fc962a911060ed76,768,512,3,True,True,True,"[367,239,705,401]",14416,0.036661783854166664,"[380,252,697,398]",46282,1.0,,0.0,ade20k_masks_manifest_bbox,1.9655270046657987,24.8157383479322,0.9640206535502628,0.029464721679687503,0.0014060971633517994,1.531598362731927,2.1080837793412215,0.026903788248697918,0.025098164876302082,HISTORICAL_IMAGE_DIAGNOSTIC,False
preview_pilot_1d836c4db9c4,ade20k_train_images_training_ade_train_00000860,relevant,sofa,displace,data/edits/main_real_200/orig/pilot_1d836c4db9c4.jpg,data/edits/main_real_200/pilot_1d836c4db9c4.jpg,92ad2b9462a47723f3f19d79cec5e50c902613341415a94d1f6b7dff9a2a39b0,4442bd69673ef6c0127e2ba17595f7be3bef8d54082efbe8bbf536a609d77c4c,1024,1024,3,True,True,True,"[15,607,897,929]",124730,0.11895179748535156,"[25,619,882,927]",263956,1.0,,0.0,ade20k_masks_manifest_bbox,5.863502820332845,20.83424678562396,0.9134733899421963,0.13017590840657553,2.959280303030387e-05,5.645062055206296,3.4492228152433313,0.10538768768310547,0.10291290283203125,HISTORICAL_IMAGE_DIAGNOSTIC,False
preview_pilot_9ce3ddd62737,ade20k_train_images_training_ade_train_00000532,relevant,chair,displace,data/edits/main_real_200/orig/pilot_9ce3ddd62737.jpg,data/edits/main_real_200/pilot_9ce3ddd62737.jpg,7f60bcc402c6fcabcb3848646f5d23788d151f212c38b83d0a208fe22e5909fa,2093aa846060ce630d1c7ea448ff0e3349cf6080d561097d31a3e5504f45d24c,680,512,3,True,True,True,"[0,351,129,497]",16653,0.047831456801470586,"[1,353,121,494]",16920,1.0,,0.0,ade20k_masks_manifest_bbox,2.031149471507353,24.858785215193578,0.946242586801239,0.046997549019607836,0.005991702247643598,1.79893271886489,0.6877988339421321,0.036000689338235296,0.040030445772058824,HISTORICAL_IMAGE_DIAGNOSTIC,False
preview_pilot_bab291588bc7,ade20k_train_images_training_ade_train_00000395,relevant,table,remove,data/edits/main_real_200/orig/pilot_bab291588bc7.jpg,data/edits/main_real_200/pilot_bab291588bc7.jpg,f42fde1a7e163c1d320d3967c036c30d06e97f8def05d60541dd6b419ef0d068,49179794c0e2a290729cea6bb9b3e618b6bc0608890c16299490090fb7127dc2,512,683,3,True,True,True,"[79,351,241,433]",7624,0.02180179355783309,"[89,365,225,428]",8568,1.0,,0.0,ade20k_masks_manifest_bbox,0.5297324914592484,33.832853190612596,0.9950998255376351,0.015138863469985359,2.148390783689863e-05,0.32056571364842057,0.18698703114809234,0.014867198938506588,0.013414508601756955,HISTORICAL_IMAGE_DIAGNOSTIC,False
preview_pilot_721994b2f5e5,ade20k_train_images_training_ade_train_00000652,relevant,sofa,displace,data/edits/main_real_200/orig/pilot_721994b2f5e5.jpg,data/edits/main_real_200/pilot_721994b2f5e5.jpg,b6fd5686eb23ef84a64476b4c177eadd706e335f0757d9b59c38bd2294d9fa98,aca1d806cae6084311f8906d73c74bc23bc9a0075cbba13c1e88e20dc8c20cd3,752,512,3,True,True,True,"[0,287,529,512]",65697,0.17063092170877658,"[0,291,516,511]",113520,1.0,,0.0,ade20k_masks_manifest_bbox,6.829831387134308,21.24446073866388,0.8988166323541184,0.07041292664007093,0.001981050594185102,2.6160601946891546,0.7449231598877688,0.14176518866356383,0.1347474443151596,HISTORICAL_IMAGE_DIAGNOSTIC,False
preview_pilot_e736a20e774d,ade20k_train_images_training_ade_train_00000835,relevant,table,remove,data/edits/main_real_200/orig/pilot_e736a20e774d.jpg,data/edits/main_real_200/pilot_e736a20e774d.jpg,84ce55393f9db9ea00b6297aa5bde20cae8adfa21b5cba9fd3b87e3d7145e762,fbcc0e5de00103a33958039e68dcb8646628a0c6c1e37d4c96a9183ced5ebe7d,759,512,3,True,True,True,"[111,335,705,512]",38233,0.09838449028326746,"[117,340,694,511]",98667,1.0,,0.0,ade20k_masks_manifest_bbox,2.1955758330588493,27.55932481135126,0.9877991689420932,0.05421573067632851,0.0035685518947863454,0.4016402086421067,0.6046911699770945,0.07832314311594203,0.07320230154808959,HISTORICAL_IMAGE_DIAGNOSTIC,False
preview_pilot_2ae228dc006d,ade20k_train_images_training_ade_train_00000818,relevant,sofa,displace,data/edits/main_real_200/orig/pilot_2ae228dc006d.jpg,data/edits/main_real_200/pilot_2ae228dc006d.jpg,834e31ac121ee9ae121326778f1e8eb1a77aa8bc00fa829afd9f83b336755557,cd64b89c37b53b29c41dd4e6c196ccfe8426298fb98f44370665878e3bddc969,768,512,3,True,True,True,"[63,287,593,504]",66746,0.16974385579427084,"[75,292,590,497]",105575,1.0,,0.0,ade20k_masks_manifest_bbox,6.363889906141493,21.29293641598895,0.9234858568923053,0.06575520833333333,0.009432568470818387,0.26281314341224515,1.8063813261410004,0.13676961263020834,0.128662109375,HISTORICAL_IMAGE_DIAGNOSTIC,False
preview_pilot_ce19f8655c97,ade20k_train_images_training_ade_train_00000738,relevant,sofa,displace,data/edits/main_real_200/orig/pilot_ce19f8655c97.jpg,data/edits/main_real_200/pilot_ce19f8655c97.jpg,844ee8ebdb9e8bd2da0e51a6d7ab1e4a752340ee5710965eb2c392da0b3bc582,ffb159b344aa108c5853a3e3d77aa67f63a9000e22beb96f772a7082ddeb6d5b,700,472,3,True,True,True,"[111,255,353,449]",27132,0.0821186440677966,"[114,266,341,448]",41314,1.0,,0.0,ade20k_masks_manifest_bbox,2.2788418079096044,26.511219101071234,0.9775519085666022,0.026908797417271993,0.0029274075691147206,1.2389730012106384,0.605031459399008,0.06004237288135593,0.058895278450363193,HISTORICAL_IMAGE_DIAGNOSTIC,False
preview_pilot_5a54d663d1e7,ade20k_train_images_training_ade_train_00000717,relevant,sofa,displace,data/edits/main_real_200/orig/pilot_5a54d663d1e7.jpg,data/edits/main_real_200/pilot_5a54d663d1e7.jpg,9f2bcf66d4bf7676e2249b83b88c76efbf57697596c10d9924986318758a49d6,2294707bd69ba947142cb3c4018c7345a61d053ffd4b3b52f672b636fb7180cf,764,512,3,True,True,True,"[223,287,764,512]",68300,0.17460528468586387,"[236,297,756,502]",106600,1.0,,0.0,ade20k_masks_manifest_bbox,7.337362292757417,19.828519453893108,0.8920051880444515,0.08270274323734729,0.0023724169718075394,0.7784932652977687,2.6494015082708913,0.12952235356675393,0.12091224231020943,HISTORICAL_IMAGE_DIAGNOSTIC,False
preview_pilot_ac33d7cb1c60,ade20k_train_images_training_ade_train_00000751,relevant,sofa,displace,data/edits/main_real_200/orig/pilot_ac33d7cb1c60.jpg,data/edits/main_real_200/pilot_ac33d7cb1c60.jpg,d828b1e936cba153fc3dbb2296f5e05bd6b18b6db355ade45590b8cf35466204,205be1ccd03ea186abeaa2a216ce3c2147ddbdb90ebf3cfe5355fd99948a7f67,768,512,3,True,True,True,"[111,271,545,481]",53014,0.13482157389322916,"[112,275,534,479]",86088,1.0,,0.0,ade20k_masks_manifest_bbox,5.1907153659396705,22.22483031780524,0.9657668247197535,0.0779452853732639,0.011225851809585914,2.7951281539916977,0.061207845092894786,0.10729726155598958,0.10053507486979167,HISTORICAL_IMAGE_DIAGNOSTIC,False
preview_pilot_0c14103036aa,ade20k_train_images_training_ade_train_00000741,relevant,table,remove,data/edits/main_real_200/orig/pilot_0c14103036aa.jpg,data/edits/main_real_200/pilot_0c14103036aa.jpg,8518fbff744371b66b843d85c22b004a5625150e2ca06de04b65ebe4680a6883,f8c7aa43c415c9fb356c0ec2cb26557067740339114c0b585699348befdfdb23,756,512,3,True,True,True,"[0,319,497,512]",19795,0.051140356316137565,"[2,321,485,511]",91770,1.0,,0.0,ade20k_masks_manifest_bbox,1.8676163607804233,26.025062755619185,0.9714835254866308,0.028029238315696647,0.0003195855480051246,0.27711968832672085,0.7913791382461355,0.03293444113756614,0.028382316468253968,HISTORICAL_IMAGE_DIAGNOSTIC,False
preview_pilot_a72849e57de2,ade20k_train_images_training_ade_train_00000926,relevant,sofa,displace,data/edits/main_real_200/orig/pilot_a72849e57de2.jpg,data/edits/main_real_200/pilot_a72849e57de2.jpg,9c818455a06d6192182cf32828ceea1536c0ff3e3df115165644c5ebfa8b1686,e253aeb4775a7020aabdd697973ad66426817f1ccc0ab621225a6e16262c0866,683,512,3,True,True,True,"[0,271,465,481]",50676,0.14491443997071743,"[10,275,453,470]",86385,1.0,,0.0,ade20k_masks_manifest_bbox,4.796504201744754,22.757988602130506,0.9314567268811592,0.07158598706686188,0.0050601764258511595,1.0967528739247712,0.3423039258364824,0.11155975475841874,0.10485964952415813,HISTORICAL_IMAGE_DIAGNOSTIC,False
preview_pilot_e7ae50dba6e1,ade20k_train_images_training_ade_train_00000405,relevant,table,remove,data/edits/main_real_200/orig/pilot_e7ae50dba6e1.jpg,data/edits/main_real_200/pilot_e7ae50dba6e1.jpg,8d8715e887fd9ab8d3d660ee8a5efe5f7eb0785486b4ad93aca1335312c169cd,6ae70903879b6c5b6a6603735688fec2efc4c97155da2601254dcccd2bb8e2e8,764,512,3,True,True,True,"[40,271,161,417]",11837,0.030260655268324606,"[46,281,147,402]",12221,1.0,,0.0,ade20k_masks_manifest_bbox,1.764449034685864,24.7736734672908,0.9588845533643667,0.024538476221640487,0.0007144137454228872,1.5223961581724552,1.7022922414848622,0.02321253272251309,0.022371461878272252,HISTORICAL_IMAGE_DIAGNOSTIC,False
preview_pilot_3a5a00f73576,ade20k_train_images_training_ade_train_00000731,relevant,sofa,displace,data/edits/main_real_200/orig/pilot_3a5a00f73576.jpg,data/edits/main_real_200/pilot_3a5a00f73576.jpg,e00c884fd0e7d1aa4c2ee6bc59036870b57010e495ac28980ab2fac8e8c813a8,5742f9fc0010715baf2a0ba3f5370068b6d5e4df16a25a0d2580ccb0ec8687e5,768,512,3,True,True,True,"[303,271,401,385]",8344,0.021219889322916668,"[304,285,399,377]",8740,1.0,,0.0,ade20k_masks_manifest_bbox,0.6839667426215278,30.90966465886158,0.9899431693951253,0.01193406846788194,0.0006954067492663807,0.03719881744383713,0.10792139610475715,0.01389312744140625,0.012036641438802084,HISTORICAL_IMAGE_DIAGNOSTIC,False
preview_pilot_7af4b227747f,ade20k_train_images_training_ade_train_00000359,relevant,table,remove,data/edits/main_real_200/orig/pilot_7af4b227747f.jpg,data/edits/main_real_200/pilot_7af4b227747f.jpg,da343a4127283d77876a5a09037bffb3219f30307011bca6ff4fe4da508ea7c3,f9aadd7b7a325b630eb200d77d65b285697f5661540458886c2f371742765b0f,734,512,3,True,True,True,"[191,287,657,465]",12857,0.03421161869891008,"[193,288,654,453]",76065,1.0,,0.0,ade20k_masks_manifest_bbox,1.4645146812556766,26.542868059137387,0.9794562247699398,0.028825002838328794,0.0005570585177978836,1.4166316842642743,1.8353159607603686,0.020563692098092643,0.018365761239782015,HISTORICAL_IMAGE_DIAGNOSTIC,False
preview_pilot_8e304d627557,ade20k_train_images_training_ade_train_00000469,relevant,chair,displace,data/edits/main_real_200/orig/pilot_8e304d627557.jpg,data/edits/main_real_200/pilot_8e304d627557.jpg,b0804be3ccfaf706cf8d7516dedebc87c180a243f0a9dfdb40d4382a1a21fc29,d2541dd1d57fc9d15bacbba5ebf2d0de3932eee6b63b134c81d4b70b82906e7e,745,512,3,True,True,True,"[111,287,289,465]",18812,0.049318372483221476,"[114,288,274,456]",26880,1.0,,0.0,ade20k_masks_manifest_bbox,2.103568057885906,25.209433072284764,0.9732451151683175,0.0118847874720358,0.00018119200706910588,0.07139347000835983,0.07074649422074941,0.035268980704697986,0.031687814597315435,HISTORICAL_IMAGE_DIAGNOSTIC,False
preview_pilot_2d4c2db58126,ade20k_train_images_training_ade_train_00000311,relevant,table,remove,data/edits/main_real_200/orig/pilot_2d4c2db58126.jpg,data/edits/main_real_200/pilot_2d4c2db58126.jpg,abc2658d9471d05ca4f826393f7e106f700e4d14a7e085a99b0dd7f71cfb30cb,3d19082867a8ce6ecfd36334943b9e7db95f3fd4d8939f3cdce241f36c120f65,768,512,3,True,True,True,"[63,287,417,417]",12052,0.030649820963541668,"[66,290,409,412]",41846,1.0,,0.0,ade20k_masks_manifest_bbox,0.5289738972981771,33.71973930675983,0.9958744212596506,0.014100816514756948,7.64183240951899e-06,0.01709628601074087,0.189089955945704,0.021802266438802082,0.021433512369791668,HISTORICAL_IMAGE_DIAGNOSTIC,False
preview_pilot_200ad14905aa,ade20k_train_images_training_ade_train_00000830,relevant,chair,displace,data/edits/main_real_200/orig/pilot_200ad14905aa.jpg,data/edits/main_real_200/pilot_200ad14905aa.jpg,c91e7b6c359dc8bdb4968557faea164d150ee9b4ae4a75f94f36026f7306b10e,d65c27b2dcbfac546d7d32006a56498e9555e913ad9c21a01a554f2c74d52dd1,765,512,3,True,True,True,"[159,255,705,497]",58262,0.14874897875816995,"[163,270,693,486]",114480,1.0,,0.0,ade20k_masks_manifest_bbox,7.972377961601307,18.877301833897423,0.9208568789618884,0.12451491013071897,0.002719660189519524,5.337021937295759,1.508844093489472,0.11819342320261438,0.11402420343137255,HISTORICAL_IMAGE_DIAGNOSTIC,False
preview_pilot_fe1acfafc429,ade20k_train_images_training_ade_train_00000802,relevant,sofa,displace,data/edits/main_real_200/orig/pilot_fe1acfafc429.jpg,data/edits/main_real_200/pilot_fe1acfafc429.jpg,290225653b87dd9ae3397b0598cb979bba4aeff1c98fe55ff8f20cd0fedad02b,5aa323fe33211bb5ffbb1e5ee2cc26b8934543d65422030e059f9681d3dc0256,768,512,3,True,True,True,"[191,287,768,512]",75240,0.19134521484375,"[204,289,768,512]",125772,1.0,,0.0,ade20k_masks_manifest_bbox,6.203143649631077,22.102886007826903,0.8803766529542041,0.10452948676215278,0.0028020052168242493,2.48650027720133,2.4551589802207445,0.15481058756510416,0.1504364013671875,HISTORICAL_IMAGE_DIAGNOSTIC,False
preview_pilot_eabb438e5961,ade20k_train_images_training_ade_train_00000387,relevant,table,remove,data/edits/main_real_200/orig/pilot_eabb438e5961.jpg,data/edits/main_real_200/pilot_eabb438e5961.jpg,813ceb8098ba68acae35f40ae4fb83dc9a0820de67d2666c9c9d588a65286e4c,01f8a416c724cf3a32302767cce65901d93f9e8a5db1d6c809fc346229a6eb58,765,512,3,True,True,True,"[0,303,417,512]",7945,0.020284415849673203,"[0,306,406,511]",83230,1.0,,0.0,ade20k_masks_manifest_bbox,0.2816619008714597,37.67351079075717,0.9977678966642488,0.012297453703703705,0.00015215776330645275,0.028755503982850428,0.1154220082577595,0.012859987745098039,0.012009803921568628,HISTORICAL_IMAGE_DIAGNOSTIC,False
preview_pilot_7856add436f1,ade20k_train_images_training_ade_train_00000778,relevant,sofa,displace,data/edits/main_real_200/orig/pilot_7856add436f1.jpg,data/edits/main_real_200/pilot_7856add436f1.jpg,a0f66df92716bed7d66b9e23e67922ec7c4f30b4544e3e5732e81129c95b7fc6,b7a6fb5ab99cf6854f561d9cc6acd86891aa77dc7876dc80fd2e0d96c74ef96a,699,512,3,True,True,True,"[0,271,401,512]",79234,0.22139328505007153,"[0,273,394,512]",94166,1.0,,0.0,ade20k_masks_manifest_bbox,9.10596518091321,19.836310993510452,0.8224095592938487,0.18824883762517883,0.005979861874007272,6.019131262853222,2.2311829504309415,0.19896448050786839,0.1945832215665236,HISTORICAL_IMAGE_DIAGNOSTIC,False
preview_pilot_eeb6829fee0f,ade20k_train_images_training_ade_train_00000402,relevant,chair,displace,data/edits/main_real_200/orig/pilot_eeb6829fee0f.jpg,data/edits/main_real_200/pilot_eeb6829fee0f.jpg,e844055cb5c17710231d2ec45ed83784842bf492ab9134a09fa8f908da998ba8,ec4362cded6c045610ce7dc877766c6acf21a2081b10bb659a517b2e095cd0f4,683,512,3,True,True,True,"[255,255,353,401]",9193,0.026288547767203515,"[266,259,346,389]",10400,1.0,,0.0,ade20k_masks_manifest_bbox,1.0296409834065399,27.88121051429917,0.9874420059795038,0.01726070644216691,0.0016184543903797963,0.889107206831099,0.1598622791545381,0.015233231149341142,0.013560349560761346,HISTORICAL_IMAGE_DIAGNOSTIC,False
preview_pilot_299953cec30c,ade20k_train_images_training_ade_train_00000201,relevant,table,remove,data/edits/main_real_200/orig/pilot_299953cec30c.jpg,data/edits/main_real_200/pilot_299953cec30c.jpg,117c79ef917b956100c7e251884dfa0ba8d589c928f8abd622f155155b96408c,c6baec35a4287feaec7ed52cdf6a91aebf73534b2446c62871ab3417e91ceac8,827,512,3,True,True,True,"[0,319,657,465]",36251,0.0856139472490931,"[0,325,650,464]",90350,1.0,,0.0,ade20k_masks_manifest_bbox,2.8391942827992747,25.62718812397387,0.9781139101816074,0.05344524637243047,0.001063264849930634,1.0423763178280154,0.5604050110357406,0.06975041565900847,0.06979056454050786,HISTORICAL_IMAGE_DIAGNOSTIC,False
preview_pilot_b9d07041adf4,ade20k_train_images_training_ade_train_00000899,relevant,table,remove,data/edits/main_real_200/orig/pilot_b9d07041adf4.jpg,data/edits/main_real_200/pilot_b9d07041adf4.jpg,ace7da673d245a883aaf1f7753828bfe9e3ffa6cf4aae11f8d09beed46e0b895,d4a472f6bcab921b37671905dc346c194845f3036303bfaa43e75440598fae09,568,512,3,True,True,True,"[0,255,568,384]",10703,0.03680333956866197,"[2,258,568,371]",63958,1.0,,0.0,ade20k_masks_manifest_bbox,0.9412503667840375,30.049606282809126,0.9935289578226438,0.014859338321596242,0.002201353194890371,0.03066675148546949,0.03392522986098356,0.023788237235915492,0.02196234044894366,HISTORICAL_IMAGE_DIAGNOSTIC,False
preview_pilot_176c9612c64a,ade20k_train_images_training_ade_train_00000834,relevant,sofa,displace,data/edits/main_real_200/orig/pilot_176c9612c64a.jpg,data/edits/main_real_200/pilot_176c9612c64a.jpg,0f6f5cf03b4aff0c048a11df61d145dccdae359ccd46b3ae70d8e9ae349522ff,7aec28720f1749bce2326f9f0f2b17514fd5e4cb9c1f17431c75826978365d0e,765,512,3,True,True,True,"[367,239,593,376]",17769,0.04536611519607843,"[368,243,589,369]",27846,1.0,,0.0,ade20k_masks_manifest_bbox,1.4216562840413944,27.700378792519338,0.9810285503633038,0.017536424291939,0.005440599015705483,0.7096320669934642,0.5912739486931642,0.027634803921568626,0.02427747140522876,HISTORICAL_IMAGE_DIAGNOSTIC,False
preview_pilot_756458bc639a,ade20k_train_images_training_ade_train_00000714,relevant,sofa,displace,data/edits/main_real_200/orig/pilot_756458bc639a.jpg,data/edits/main_real_200/pilot_756458bc639a.jpg,3693f0daf4c4c551dae29c6455889ae97b4a29fc4f39ec078948bcf597ccbeef,21eb36397d8dfcdb4dbff63c1e1734298505da494141c5530539f2550eaaf2ec,768,512,3,True,True,True,"[0,303,433,512]",54705,0.13912200927734375,"[11,318,425,512]",80316,1.0,,0.0,ade20k_masks_manifest_bbox,9.641627841525608,18.29762976995497,0.8974829171674577,0.17826334635416666,0.002692472285621139,8.417660835266133,5.6817385765456905,0.12178802490234375,0.11751810709635417,HISTORICAL_IMAGE_DIAGNOSTIC,False
preview_pilot_019f0637cabf,ade20k_train_images_training_ade_train_00000865,relevant,sofa,displace,data/edits/main_real_200/orig/pilot_019f0637cabf.jpg,data/edits/main_real_200/pilot_019f0637cabf.jpg,04048f3ee1fa56901b651124529f8c4ae81ebcb25592959e6b3c533bbbadd01c,51fbc0ce388ce7c81f569456a45cc36650cc46fa67c45153b488d74f133e96ac,764,512,3,True,True,True,"[143,287,609,417]",28118,0.07188215804973822,"[151,288,606,406]",53690,1.0,,0.0,ade20k_masks_manifest_bbox,3.0516308423320244,23.192682255255,0.9523368755757475,0.02539573789267016,0.001869254602719389,1.3821376160626926,0.43667719959876905,0.05302325343586387,0.047281474967277484,HISTORICAL_IMAGE_DIAGNOSTIC,False
preview_pilot_6ae5a8ca1485,ade20k_train_images_training_ade_train_00000816,relevant,sofa,displace,data/edits/main_real_200/orig/pilot_6ae5a8ca1485.jpg,data/edits/main_real_200/pilot_6ae5a8ca1485.jpg,751ea50f60639446aa6ca5829574eb1575464f509db3b2d7eb33d90aac4bb23c,6df3cbe3defb4d713c8bbe20e1182dd92c2a7bbc8fabb2440c2518c0e1d0ac4d,778,512,3,True,True,True,"[463,319,721,512]",30572,0.07674927699228792,"[470,322,717,511]",46683,1.0,,0.0,ade20k_masks_manifest_bbox,2.0594414430698373,27.39052223178925,0.9779856640055954,0.03720142459297343,0.0007380101636697833,1.1982866148176328,0.2081550145102966,0.05412767111182519,0.049897573907455015,HISTORICAL_IMAGE_DIAGNOSTIC,False
preview_pilot_667aa11a75bc,ade20k_train_images_training_ade_train_00000297,relevant,table,remove,data/edits/main_real_200/orig/pilot_667aa11a75bc.jpg,data/edits/main_real_200/pilot_667aa11a75bc.jpg,1b2975860474013bd3de2190fea7436b0bab1e54072fc2595ecd77799dd4c525,92821cc628a93a4d10cabe5eda937fbb1bc92349cabde01cbe2b3edf2a4d4a50,708,512,3,True,True,True,"[447,287,609,472]",22586,0.06230689442090395,"[448,302,601,465]",24939,1.0,,0.0,ade20k_masks_manifest_bbox,1.0573909781073447,31.65835075147242,0.9951901206525814,0.052401497763653486,0.001097030556584118,0.46242133154572684,0.2698284497070347,0.051454360875706213,0.051346773481638415,HISTORICAL_IMAGE_DIAGNOSTIC,False
preview_pilot_f4ca71a9d739,ade20k_train_images_training_ade_train_00000050,relevant,chair,displace,data/edits/main_real_200/orig/pilot_f4ca71a9d739.jpg,data/edits/main_real_200/pilot_f4ca71a9d739.jpg,a401422428ebc828b428d4e6c440fea4db522ea5edafd2f7ccf47efc393fd14d,83d0888f30677fdb8c11a3a98012ab72a8bb2a98d890f30bd25851ba9593af18,1024,1024,3,True,True,True,"[367,639,561,945]",29726,0.028348922729492188,"[374,647,555,940]",53033,1.0,,0.0,ade20k_masks_manifest_bbox,1.0999218622843425,27.794630636544383,0.985726294719227,0.014178593953450521,0.0013092428824535637,0.5572052780151324,0.4089595043901326,0.019237518310546875,0.017599105834960938,HISTORICAL_IMAGE_DIAGNOSTIC,False
preview_pilot_f7f706d3f9f5,ade20k_train_images_training_ade_train_00000693,relevant,sofa,displace,data/edits/main_real_200/orig/pilot_f7f706d3f9f5.jpg,data/edits/main_real_200/pilot_f7f706d3f9f5.jpg,e7976a6ffe77decc2f6c02317150bf18e94e1fdd562808aaaa8a7bef8e9300d7,fc30b0d2ca32a143d50b0d64aad54c1541be568c686ff232e4548dca63481d22,754,512,3,True,True,True,"[335,255,754,512]",60602,0.15698047911140584,"[343,267,753,511]",100040,1.0,,0.0,ade20k_masks_manifest_bbox,14.35577182112069,15.281593084955949,0.8551415768528966,0.1924216677718833,0.000348974482051817,12.828534203000643,4.896673411152989,0.13502984084880637,0.13041124419761274,HISTORICAL_IMAGE_DIAGNOSTIC,False
preview_pilot_39e12f1ad291,ade20k_train_images_training_ade_train_00000472,relevant,table,remove,data/edits/main_real_200/orig/pilot_39e12f1ad291.jpg,data/edits/main_real_200/pilot_39e12f1ad291.jpg,a8915e08f4940a8eaa40fcd22558cb3c7c252a9184caea16ccb9862632c0029d,da0cee8d2ba73df8325471c7ecd02785d6fc58757fca3b98f9b64941746ed2d4,771,512,3,True,True,True,"[239,287,771,481]",20300,0.05142469195849546,"[243,291,770,477]",98022,1.0,,0.0,ade20k_masks_manifest_bbox,3.4758439053718115,21.155852668844805,0.9025037494428595,0.045863394401210546,0.00208697814445441,3.1756225630269057,1.763855867544052,0.03207330171854734,0.029686993352788585,HISTORICAL_IMAGE_DIAGNOSTIC,False
preview_pilot_a2236f567b45,ade20k_train_images_training_ade_train_00000757,relevant,sofa,displace,data/edits/main_real_200/orig/pilot_a2236f567b45.jpg,data/edits/main_real_200/pilot_a2236f567b45.jpg,47fc62d46dbd3e7a59ffa545b1136fc65f2ee24d4a62fbf725eaebe2c8f43c32,e2ac6fb6cd9fcf9abbb7a4e0ad7621c6b68944baf8d49a477d47ec2bbda2a70f,720,480,3,True,True,True,"[383,271,720,480]",31323,0.09063368055555555,"[392,275,720,480]",67240,1.0,,0.0,ade20k_masks_manifest_bbox,4.358948688271605,21.120593389643272,0.922843712784507,0.058597608024691356,0.004226086956521741,3.3538989392361316,1.69643184368082,0.06829571759259259,0.06508101851851852,HISTORICAL_IMAGE_DIAGNOSTIC,False
preview_pilot_b2b9037f5bc4,ade20k_train_images_training_ade_train_00000651,relevant,sofa,displace,data/edits/main_real_200/orig/pilot_b2b9037f5bc4.jpg,data/edits/main_real_200/pilot_b2b9037f5bc4.jpg,c2774dd1de469771397b80c45ae10c9ed7a1df00d6f3f245621ef625fa68a0e5,eda3edb357f2b920b3d69ca754af32c9e040bc7ffb4b8e5053f356bafc67785f,768,512,3,True,True,True,"[0,287,337,512]",46791,0.11899566650390625,"[0,293,331,511]",72158,1.0,,0.0,ade20k_masks_manifest_bbox,7.2546496921115455,19.721519980151804,0.856060928637813,0.14570787217881945,0.0036515222530159597,6.772051160176602,1.2978931228486417,0.10367584228515625,0.09742482503255208,HISTORICAL_IMAGE_DIAGNOSTIC,False
preview_pilot_21bcefc89fec,ade20k_train_images_training_ade_train_00000357,relevant,table,remove,data/edits/main_real_200/orig/pilot_21bcefc89fec.jpg,data/edits/main_real_200/pilot_21bcefc89fec.jpg,0d4a9a31d867120f4ae3ef4d5b48f38e5d8d9f68fec5bb4b9e69f6461ddd9fd0,6d43f7ace796550b5fd0ba4baaedadea289a1ba9c05f1f50c718ce5ec4e744d8,683,512,3,True,True,True,"[287,255,433,353]",6999,0.020014526903367497,"[299,266,418,341]",8925,1.0,,0.0,ade20k_masks_manifest_bbox,0.826514076988775,28.044714876355275,0.9785547491308328,0.014858620058565156,0.0011615632837150489,0.3034467737691955,0.544189795556207,0.013034178257686676,0.011710171120058566,HISTORICAL_IMAGE_DIAGNOSTIC,False
preview_pilot_1754bf5e0dc4,ade20k_train_images_training_ade_train_00000457,relevant,table,remove,data/edits/main_real_200/orig/pilot_1754bf5e0dc4.jpg,data/edits/main_real_200/pilot_1754bf5e0dc4.jpg,91160fddd4d89de3b1c0dbc33972dfa47dfa0c5b6955b7947b789db587e285ab,a17f6b993794af492761fdb9326c8b1d0566da99ecaf3f9d73311dc967ee0a4b,640,426,3,True,True,True,"[0,239,129,385]",15659,0.05743471244131455,"[0,248,120,383]",16200,1.0,,0.0,ade20k_masks_manifest_bbox,5.7937377738654146,18.356813848812543,0.8749675788959247,0.07099471830985915,0.0003803650769733935,5.590749953785206,4.505402751476105,0.046673268779342726,0.044843016431924884,HISTORICAL_IMAGE_DIAGNOSTIC,False
preview_pilot_16a7354ce022,ade20k_train_images_training_ade_train_00000686,relevant,sofa,displace,data/edits/main_real_200/orig/pilot_16a7354ce022.jpg,data/edits/main_real_200/pilot_16a7354ce022.jpg,8e9e6f15fc48194c3da7aa4a19bd2bca8f602109490f3c8897f571b3d194915c,38fbd25204272a48cf2becc512ff4b4c25d7535e6d60731d76471d9f4c8c06a7,683,512,3,True,True,True,"[287,271,577,456]",36853,0.1053858208272328,"[301,274,567,449]",46550,1.0,,0.0,ade20k_masks_manifest_bbox,5.68403794533919,19.599870141171742,0.8891642429253965,0.07882465531966813,0.0035262254062965043,5.191226814147143,3.5103842969660946,0.08039554355783309,0.08095317075402636,HISTORICAL_IMAGE_DIAGNOSTIC,False
preview_pilot_318ee03ba0c8,ade20k_train_images_training_ade_train_00000822,relevant,sofa,displace,data/edits/main_real_200/orig/pilot_318ee03ba0c8.jpg,data/edits/main_real_200/pilot_318ee03ba0c8.jpg,66d49be4aad0d08df06af53b04bbecc12e03f62f024c1dce46211f43549b4348,59ad3a566a458c24b4bb6b2347d31025d9c36c681950c22352de0e84d8158a4e,768,512,3,True,True,True,"[0,271,353,465]",30288,0.0770263671875,"[1,286,351,462]",61600,1.0,,0.0,ade20k_masks_manifest_bbox,2.1993314954969616,26.642518440999186,0.9781549788059615,0.03322177463107639,0.008260820834691873,0.37627823079427003,0.2979045093454644,0.057525634765625,0.05062103271484375,HISTORICAL_IMAGE_DIAGNOSTIC,False
preview_pilot_01fc561f2ad1,ade20k_train_images_training_ade_train_00000701,relevant,sofa,displace,data/edits/main_real_200/orig/pilot_01fc561f2ad1.jpg,data/edits/main_real_200/pilot_01fc561f2ad1.jpg,512d56d2012b893968ce0582a36fcdd7fd0814949dd8451ff619b542dd75486b,322060fe314445e9c3ad6a2b4ce9ef5af1c2836a4d1d31984c59f876488ff6ca,771,512,3,True,True,True,"[79,271,771,512]",79309,0.20090841845006485,"[88,283,771,512]",156407,1.0,,0.0,ade20k_masks_manifest_bbox,6.965360530155642,20.673755075201793,0.913732845729229,0.08587670233463035,0.011001990558485497,3.6346386110773494,0.5953712808450575,0.17187246676394294,0.17131768806744488,HISTORICAL_IMAGE_DIAGNOSTIC,False
preview_pilot_f3dddd670aa6,ade20k_train_images_training_ade_train_00000246,relevant,table,remove,data/edits/main_real_200/orig/pilot_f3dddd670aa6.jpg,data/edits/main_real_200/pilot_f3dddd670aa6.jpg,11ae6a69ad50a08890e7d14dbde7f3db9d065096140162478d0a6d938b0d349f,ba504ebcc23fb441bee11312a057e2ecbfc275ee48f7c08c9be19dd155405e0e,826,512,3,True,True,True,"[0,255,737,512]",55586,0.13143632717917675,"[1,256,734,512]",187648,1.0,,0.0,ade20k_masks_manifest_bbox,6.600859438054883,20.12196366309331,0.9069351319640383,0.09532164295803065,0.00971241678370037,0.8189427294567224,1.5603210183646752,0.10113215042372882,0.09158879388619855,HISTORICAL_IMAGE_DIAGNOSTIC,False
preview_pilot_456e4f787513,ade20k_train_images_training_ade_train_00000720,relevant,sofa,displace,data/edits/main_real_200/orig/pilot_456e4f787513.jpg,data/edits/main_real_200/pilot_456e4f787513.jpg,d9f4c40c93873a23310c5adeb28bce759c8d8c2ab20f9749ad3f93f476bd3219,2de535bda632aeb3ff5e35445dc3d3da17a835b5ae0838cbda4884f1f452a644,764,512,3,True,True,True,"[431,287,705,465]",26547,0.06786598085732984,"[437,301,695,455]",39732,1.0,,0.0,ade20k_masks_manifest_bbox,1.4771359961278359,29.228056940292433,0.9898393958163627,0.017317367473821996,0.00015491767597880512,0.13775600100213126,0.06126395154988984,0.04591377617801047,0.04145789021596859,HISTORICAL_IMAGE_DIAGNOSTIC,False
preview_pilot_e7a4280b4ffa,ade20k_train_images_training_ade_train_00000217,relevant,table,remove,data/edits/main_real_200/orig/pilot_e7a4280b4ffa.jpg,data/edits/main_real_200/pilot_e7a4280b4ffa.jpg,49a51ac9d3aedd75d947da57ac5b7230c25f352be30adf70278d790d68c27015,abca82ff7d729ba82d9d566cd59046c4ce2ae0a899b529ae5184dfecedbdb5a8,350,247,3,True,True,True,"[47,143,350,247]",3715,0.04297281665702719,"[57,151,349,247]",28032,1.0,,0.0,ade20k_masks_manifest_bbox,1.050877192982456,29.585352638496953,0.9897223894176392,0.025116637748216694,0.0020777351526090615,0.9764117894736728,0.2324880817986923,0.02463851937536148,0.021087333718912665,HISTORICAL_IMAGE_DIAGNOSTIC,False
preview_pilot_b531c647f29f,ade20k_train_images_training_ade_train_00000206,relevant,chair,displace,data/edits/main_real_200/orig/pilot_b531c647f29f.jpg,data/edits/main_real_200/pilot_b531c647f29f.jpg,3d18dc055a12da187025bc5d8249031ec45e69f7de9f04939f2ae349182750fb,14cf41b2af591b966f4c3d5122a40f97ed995aca787d960e9f394f57eb03aaa9,256,256,3,True,True,True,"[79,111,129,177]",2573,0.0392608642578125,"[89,122,127,171]",1862,1.0,,0.0,ade20k_masks_manifest_bbox,0.5884653727213541,33.722916504790646,0.9964873625922334,0.018503824869791668,0.0026960784313725533,0.44812828369141755,0.12459557289940904,0.02001953125,0.0171966552734375,HISTORICAL_IMAGE_DIAGNOSTIC,False
preview_pilot_bfdba880bccd,ade20k_train_images_training_ade_train_00000749,relevant,sofa,displace,data/edits/main_real_200/orig/pilot_bfdba880bccd.jpg,data/edits/main_real_200/pilot_bfdba880bccd.jpg,661d6bcde3a16497d10044caed94951071dcff14ac8fb765f469619d1a44e991,80a85af29d04534b1c0c92652176765f60bfa042fc51e8e89266578ab6a3b26d,770,512,3,True,True,True,"[399,255,689,433]",31680,0.08035714285714286,"[404,267,688,424]",44588,1.0,,0.0,ade20k_masks_manifest_bbox,1.2507220643939394,29.31545462880891,0.9862461937087771,0.034297213203463205,0.0014126052149522755,0.45870283786524624,0.3827221984592555,0.05654423701298701,0.06302252435064935,HISTORICAL_IMAGE_DIAGNOSTIC,False
preview_pilot_da1a9a03c0b6,ade20k_train_images_training_ade_train_00000377,relevant,table,remove,data/edits/main_real_200/orig/pilot_da1a9a03c0b6.jpg,data/edits/main_real_200/pilot_da1a9a03c0b6.jpg,be7600214692cd7d429fd220ccf967297d8308eb5329b3745c157a8ea956deb1,fd6cc233b15a0a5d82c0e34fcc064346291828e72a12151f6af5e58f703d6a5e,683,512,3,True,True,True,"[207,175,401,417]",31292,0.08948343704245974,"[216,184,400,407]",41032,1.0,,0.0,ade20k_masks_manifest_bbox,1.8932463244265496,27.715356988139984,0.9903700015310324,0.04693028611517813,0.000393871643676498,0.46690973588488305,0.4397080662561308,0.07279179630307467,0.07070140922401172,HISTORICAL_IMAGE_DIAGNOSTIC,False
preview_pilot_38189fff62c5,ade20k_train_images_training_ade_train_00000887,relevant,sofa,displace,data/edits/main_real_200/orig/pilot_38189fff62c5.jpg,data/edits/main_real_200/pilot_38189fff62c5.jpg,7d79a591393bdb174872f44c133dc348579394b4b50d70bf4cc0e5cd78741bbd,6e8f996d729f2af318527505dbcafd8791f5c3ea6421cc20df1136b90d5efa17,512,766,3,True,True,True,"[0,463,353,766]",51722,0.131879283616188,"[0,474,352,764]",102080,1.0,,0.0,ade20k_masks_manifest_bbox,4.8846211379460405,22.258573089821784,0.9268705135633415,0.05666442286771106,0.002370049520754536,0.7344112536716807,0.0977832840482904,0.11033116432767624,0.10530556462140993,HISTORICAL_IMAGE_DIAGNOSTIC,False
preview_pilot_babcadabcffa,ade20k_train_images_training_ade_train_00000879,relevant,table,remove,data/edits/main_real_200/orig/pilot_babcadabcffa.jpg,data/edits/main_real_200/pilot_babcadabcffa.jpg,fc85ca6b0d4f9ade956a210cde7e0d80454bcbc4f342fd66f9c48c43d20cf364,9c21d637cbe47b709a1a9cc3f84721cc95b2f70b2c1cf6fe45ce48ce018fd22b,768,512,3,True,True,True,"[287,319,401,456]",7507,0.019091288248697918,"[288,327,398,449]",13420,1.0,,0.0,ade20k_masks_manifest_bbox,1.1027128431532118,26.52786235349315,0.9634035052519067,0.014322916666666671,0.0008673479784805996,0.9719957789102978,1.3515599895679173,0.01219940185546875,0.0115203857421875,HISTORICAL_IMAGE_DIAGNOSTIC,False
preview_pilot_3dbbe77ab4c3,ade20k_train_images_training_ade_train_00000892,relevant,sofa,displace,data/edits/main_real_200/orig/pilot_3dbbe77ab4c3.jpg,data/edits/main_real_200/pilot_3dbbe77ab4c3.jpg,5f767359c079481e9ed0861912528a72da0b950a4499cf57abb65aee6c217063,de07e35d7e8d7f18ac0e410c73ec72661d012bb7a154cf23886225f16840267c,768,512,3,True,True,True,"[159,303,737,495]",55206,0.1403961181640625,"[166,313,722,482]",93964,1.0,,0.0,ade20k_masks_manifest_bbox,3.5684611002604165,24.097146326369717,0.9531135511298733,0.035376654730902776,0.0018900798826214649,0.7128423039754068,0.5225537292741862,0.09633636474609375,0.09290313720703125,HISTORICAL_IMAGE_DIAGNOSTIC,False
preview_pilot_aed533eb4623,ade20k_train_images_training_ade_train_00000232,relevant,table,remove,data/edits/main_real_200/orig/pilot_aed533eb4623.jpg,data/edits/main_real_200/pilot_aed533eb4623.jpg,862e5c7d5ae1d55691891f6cdddc2d0949887997a013680acaca53c9dbd83666,285dbfd565de3bf91e471c4cfa7f8e1a30dd11edf981d7ea63ade0a236637b2c,640,444,3,True,True,True,"[0,175,353,353]",18392,0.0647240990990991,"[0,187,346,351]",56744,1.0,,0.0,ade20k_masks_manifest_bbox,1.0625199418168167,31.715007562032348,0.9946722191557738,0.019852665165165168,0.0008656009139053206,0.10386021044482163,0.19482268391850255,0.04828969594594595,0.04930320945945946,HISTORICAL_IMAGE_DIAGNOSTIC,False
preview_pilot_e5fdeb86a995,ade20k_train_images_training_ade_train_00000527,relevant,table,remove,data/edits/main_real_200/orig/pilot_e5fdeb86a995.jpg,data/edits/main_real_200/pilot_e5fdeb86a995.jpg,30f192dd11100e8dcb559c8a4ec599ae0a02664a26bfb706d270c2d7bd528394,d370890acf3f5828134604d4ffd432a6bf5a02664bcf00a89bc277b844248301,683,512,3,True,True,True,"[495,287,625,417]",12567,0.03593692807467057,"[502,300,610,411]",11988,1.0,,0.0,ade20k_masks_manifest_bbox,2.153818364141044,25.623215744657394,0.9742951953748091,0.05567121156661786,0.0012174214440909964,2.1735690697062466,0.7940256373595673,0.029253980600292825,0.028347478953147875,HISTORICAL_IMAGE_DIAGNOSTIC,False
preview_pilot_902e04d96596,ade20k_train_images_training_ade_train_00000805,relevant,chair,displace,data/edits/main_real_200/orig/pilot_902e04d96596.jpg,data/edits/main_real_200/pilot_902e04d96596.jpg,18c9d63089cdce9018ce6edfe87df97f3df343e97f2ceb55a375b27d5dc0b5d7,c03b32b8f0df2b5c3b8f08be1405dad913dbdf85299a35b991c9b28c42dc5fde,768,512,3,True,True,True,"[559,319,768,512]",28540,0.07258097330729167,"[571,331,768,512]",35657,1.0,,0.0,ade20k_masks_manifest_bbox,2.772333780924479,24.134107991294975,0.978940600687679,0.04790412055121527,0.003167539533746322,1.7484877136230637,1.2953203608882973,0.059140523274739586,0.057932535807291664,HISTORICAL_IMAGE_DIAGNOSTIC,False
preview_pilot_4b0d8682375a,ade20k_train_images_training_ade_train_00000705,relevant,table,remove,data/edits/main_real_200/orig/pilot_4b0d8682375a.jpg,data/edits/main_real_200/pilot_4b0d8682375a.jpg,aafc7c9cd7972d00e90335650dd8c59fd6df1dfd43c7880be5b149364da13daf,33c044bece68266fba7c0bf3c5ffd675982b944b14daa19808c853de3230d3d7,787,512,3,True,True,True,"[63,271,545,497]",32082,0.0796190041296061,"[76,272,531,484]",96460,1.0,,0.0,ade20k_masks_manifest_bbox,2.02120145727446,25.786999896180724,0.9726039536117509,0.014524764400677674,0.0010054823021443116,0.1450230652398119,0.061123470975608996,0.04583515327191868,0.038273308449809404,HISTORICAL_IMAGE_DIAGNOSTIC,False
preview_pilot_bddcf74cb433,ade20k_train_images_training_ade_train_00000342,relevant,table,remove,data/edits/main_real_200/orig/pilot_bddcf74cb433.jpg,data/edits/main_real_200/pilot_bddcf74cb433.jpg,647429ad8b7ac8b82f7306fb0b58fca483a897bb7e1826e73f95874fad2ac8d3,61055f58feac84a218368d57731206695f0298f619a90ee58b84daa7c1dc5745,640,426,3,True,True,True,"[143,223,640,426]",14456,0.05302230046948357,"[148,232,638,425]",94570,1.0,,0.0,ade20k_masks_manifest_bbox,1.7134768681533645,26.179531237808803,0.9837657486262905,0.017776799687010954,0.00027562686737202247,0.35113458846828394,0.4362062658811965,0.032838174882629106,0.0304137323943662,HISTORICAL_IMAGE_DIAGNOSTIC,False
preview_pilot_3a04066be0bd,ade20k_train_images_training_ade_train_00000231,relevant,chair,displace,data/edits/main_real_200/orig/pilot_3a04066be0bd.jpg,data/edits/main_real_200/pilot_3a04066be0bd.jpg,ab4ae11319a34a9c68505b5e880d7fef52b6c7fe37039d53a0fb105c11efd11d,b1a8dd74c6a134a6552d983210dd02cd0e9c3c2612cf5f0bbccb103919a14b7b,767,512,3,True,True,True,"[223,255,767,512]",30558,0.07781433344198174,"[233,269,766,511]",128986,1.0,,0.0,ade20k_masks_manifest_bbox,4.307217819697957,20.96167925513299,0.9430186258496125,0.08422289222077357,0.004440595871342597,3.8872525764952854,0.6694927054456983,0.058356930410691,0.05494469116688396,HISTORICAL_IMAGE_DIAGNOSTIC,False
preview_pilot_79ae335d22ac,ade20k_train_images_training_ade_train_00000230,relevant,table,remove,data/edits/main_real_200/orig/pilot_79ae335d22ac.jpg,data/edits/main_real_200/pilot_79ae335d22ac.jpg,c5a949dc4223a84b871cf029c6542baa16d597ddcc695cb0875f64eb2a3ba8af,1634723b7be23929b4dc6e6f8d2116a0f73eeec6eb775ef965ba72830a8bb542,683,512,3,True,True,True,"[175,223,529,369]",8893,0.02543065977306003,"[181,237,521,360]",41820,1.0,,0.0,ade20k_masks_manifest_bbox,0.9206005597242557,28.66045833835431,0.9871519684576385,0.017399874938994628,0.001032659836693657,0.8434145446330774,0.1683240165132318,0.012751075219619327,0.011183999816983894,HISTORICAL_IMAGE_DIAGNOSTIC,False
preview_pilot_21bf4349b8b8,ade20k_train_images_training_ade_train_00000236,relevant,sofa,displace,data/edits/main_real_200/orig/pilot_21bf4349b8b8.jpg,data/edits/main_real_200/pilot_21bf4349b8b8.jpg,e11da2e94e9d20d016840d05c7011794538fafa5b7001a37fe30d5da6e04ec33,556a1bccef4af937e7c0cc62fe9cec27b9e5bec310e1cab40fafd98d38124c8e,620,413,3,True,True,True,"[191,223,305,280]",4645,0.0181402796219636,"[203,226,294,274]",4368,1.0,,0.0,ade20k_masks_manifest_bbox,0.2362740503527819,39.06932487719241,0.9976402440582028,0.008050196568512592,7.630794757057524e-05,0.09536196594544322,0.1424157906270196,0.01075138639381395,0.01002499414199797,HISTORICAL_IMAGE_DIAGNOSTIC,False
preview_pilot_dfc7f95c2bf6,ade20k_train_images_training_ade_train_00000740,relevant,sofa,displace,data/edits/main_real_200/orig/pilot_dfc7f95c2bf6.jpg,data/edits/main_real_200/pilot_dfc7f95c2bf6.jpg,33fc981cccae137f024cc3b6e69d8489806d8541be21e832c894b521c132ddda,bab749179289126e089f545547357852681759b98d783ec0a018e49c7c709e24,720,480,3,True,True,True,"[15,271,305,480]",32551,0.0941869212962963,"[18,286,295,479]",53461,1.0,,0.0,ade20k_masks_manifest_bbox,5.758070987654321,20.04859199449447,0.9543540485361989,0.08607831790123456,0.005673913043478265,5.464959765624997,2.9502654283413676,0.07304108796296296,0.07668981481481481,HISTORICAL_IMAGE_DIAGNOSTIC,False
preview_pilot_c3c3b3c1ead9,ade20k_train_images_training_ade_train_00000839,relevant,sofa,displace,data/edits/main_real_200/orig/pilot_c3c3b3c1ead9.jpg,data/edits/main_real_200/pilot_c3c3b3c1ead9.jpg,38d090907dc56993f4bc2548788125f2c18d544726761e7c3025ade84a1ca384,927355b511b6cf0cdf63e9945e38e59af8643f528dcc4a5bbe53a291e266efe3,746,512,3,True,True,True,"[287,287,417,376]",7727,0.020230290717158178,"[294,296,416,370]",9028,1.0,,0.0,ade20k_masks_manifest_bbox,0.7799243534964254,29.004943175977477,0.9913192933975146,0.007967842381590705,0.0009204794885176171,0.3209691254398592,0.14342410250081628,0.012297356735924933,0.010126926943699733,HISTORICAL_IMAGE_DIAGNOSTIC,False
preview_pilot_0a85d722de99,ade20k_train_images_training_ade_train_00000690,relevant,sofa,displace,data/edits/main_real_200/orig/pilot_0a85d722de99.jpg,data/edits/main_real_200/pilot_0a85d722de99.jpg,0629c4ca5398e0af49708cf1949486d4f5ee0ab3cfdcb04451549591ebbb146b,fda2dee283b1f143289bbf1b31d5f86fb94189e0d9535a7f856c5c3ca60eb505,788,512,3,True,True,True,"[111,271,788,417]",51091,0.1266333875317259,"[114,273,787,407]",90182,1.0,,0.0,ade20k_masks_manifest_bbox,5.282508294997885,21.844023018686624,0.9418199170332506,0.081885839678511,0.00766746274881705,3.5015636684049696,3.100036009820762,0.09683583835659898,0.09124910770939086,HISTORICAL_IMAGE_DIAGNOSTIC,False
preview_pilot_d7af8a72d3e0,ade20k_train_images_training_ade_train_00000921,relevant,sofa,displace,data/edits/main_real_200/orig/pilot_d7af8a72d3e0.jpg,data/edits/main_real_200/pilot_d7af8a72d3e0.jpg,750ccbf734a2c8a607ecce634fb2342ed7d42a55e504d6be37fe5905ece44115,076a65ea40b0aeb79d1930a465af9d043dd3d7e61a16efb0558fe7c84faaa1c3,768,512,3,True,True,True,"[559,255,768,512]",30575,0.07775624593098958,"[573,264,768,502]",46410,1.0,,0.0,ade20k_masks_manifest_bbox,2.724495781792535,24.678476228653153,0.956706859178995,0.032353719075520836,0.005624388653407253,1.685928771972641,0.3301522498819125,0.057599385579427086,0.05144500732421875,HISTORICAL_IMAGE_DIAGNOSTIC,False
preview_pilot_d0e82019360b,ade20k_train_images_training_ade_train_00000358,relevant,table,remove,data/edits/main_real_200/orig/pilot_d0e82019360b.jpg,data/edits/main_real_200/pilot_d0e82019360b.jpg,7dadf0c35b9c640062d7e86c6ce88b2cff0b9ff16ef2a365d58278d635514542,ab183547cb2bdd4ca6b320479ae4e7105790be65f53f1695fc63329c8423bf91,683,512,3,True,True,True,"[15,175,513,369]",16906,0.0483448480966325,"[18,184,506,355]",83448,1.0,,0.0,ade20k_masks_manifest_bbox,0.7586675283674963,32.25719184776654,0.9850098418073066,0.021109763909224005,0.0006631366218989784,0.33507365769125386,0.6620270016621888,0.024890190336749635,0.02372632229136164,HISTORICAL_IMAGE_DIAGNOSTIC,False
preview_pilot_34c3764e7fc7,ade20k_train_images_training_ade_train_00000706,relevant,sofa,displace,data/edits/main_real_200/orig/pilot_34c3764e7fc7.jpg,data/edits/main_real_200/pilot_34c3764e7fc7.jpg,56d75367f68780176ddea3caad1e22cd5bcc753ed962a4ae95d9c498bfe705e5,b37437eaca3656316f6c9c94ef421cdc768fdc9aa4c755ff3637e77dee613e7f,682,512,3,True,True,True,"[0,287,289,481]",30780,0.08814836876832845,"[4,301,279,475]",47850,1.0,,0.0,ade20k_masks_manifest_bbox,2.7386955492424243,25.859206631720287,0.9479169351627783,0.06051632759042033,0.0015304644177780574,0.5416371637875699,0.40320558918811145,0.06418965359237537,0.06081034640762464,HISTORICAL_IMAGE_DIAGNOSTIC,False
preview_pilot_059c9c1b14f2,ade20k_train_images_training_ade_train_00000848,relevant,sofa,displace,data/edits/main_real_200/orig/pilot_059c9c1b14f2.jpg,data/edits/main_real_200/pilot_059c9c1b14f2.jpg,ea79a8468b3479315a41e0c1d0cd9916374b1e009e621bcca4a50cb2910ab508,6f3ff8c563af48b66223a0366c75c4a58aa362cb19049e2c1f0aa35446bfbee3,752,512,3,True,True,True,"[431,239,752,449]",48210,0.12521297373670212,"[433,240,752,446]",65714,1.0,,0.0,ade20k_masks_manifest_bbox,7.05250841505984,19.764173246114186,0.8715376152108112,0.09405647440159574,0.0073583737434702035,4.142226304853722,0.18905360226168,0.10331044298537234,0.09960677775930851,HISTORICAL_IMAGE_DIAGNOSTIC,False
preview_pilot_32bfaf9bac87,ade20k_train_images_training_ade_train_00000939,relevant,table,remove,data/edits/main_real_200/orig/pilot_32bfaf9bac87.jpg,data/edits/main_real_200/pilot_32bfaf9bac87.jpg,604cb1a09285b6029c6b2fd3b542dc145b119d0528405545d4282414632bf4fe,8b0c0eb24f09cc8451373260c6fc9880c9a16807740732ca89d549990296c64d,682,512,3,True,True,True,"[255,303,433,401]",8275,0.02369810758797654,"[271,307,427,390]",12948,1.0,,0.0,ade20k_masks_manifest_bbox,0.8301325375733137,28.367656922378544,0.989845852541449,0.008961846285434992,0.0014745242937917943,0.24775634164222993,0.0363227050221866,0.01699676961143695,0.015584906524926686,HISTORICAL_IMAGE_DIAGNOSTIC,False
preview_pilot_87e94c9d581e,ade20k_train_images_training_ade_train_00000810,relevant,sofa,displace,data/edits/main_real_200/orig/pilot_87e94c9d581e.jpg,data/edits/main_real_200/pilot_87e94c9d581e.jpg,d9739dca55040a4d167a589430a0ad56b114de3c74168af92069ca9b2c3b83e8,e5d9f3eacdcf1aff4f5679475f769a7d622acb920d55823a365716b233e6a62e,663,512,3,True,True,True,"[351,191,561,369]",23964,0.07059530542986425,"[352,205,548,361]",30576,1.0,,0.0,ade20k_masks_manifest_bbox,1.202999308697838,30.622765008794573,0.9789002777359995,0.024849563222724993,0.002523102619452683,0.6114330098746166,0.2855953832329732,0.04875742364253394,0.04508684483408748,HISTORICAL_IMAGE_DIAGNOSTIC,False
preview_pilot_86a8762f4d70,ade20k_train_images_training_ade_train_00000729,relevant,chair,displace,data/edits/main_real_200/orig/pilot_86a8762f4d70.jpg,data/edits/main_real_200/pilot_86a8762f4d70.jpg,ef75863868dad4759a0d22c47d03165a215f950de3be0726a7986dcb65c662c6,b062c49728e0650ce00892797e09c72e62dfe197caed5d80168803c744d3904f,700,466,3,True,True,True,"[431,271,657,466]",29432,0.090226854690374,"[443,276,642,465]",37611,1.0,,0.0,ade20k_masks_manifest_bbox,6.018834048640915,19.722370395427895,0.886605598259524,0.08039035356631923,0.011571877389694021,4.507251133660361,1.8747977276748173,0.07614347026364193,0.07359595340282035,HISTORICAL_IMAGE_DIAGNOSTIC,False
preview_pilot_821a9a874446,ade20k_train_images_training_ade_train_00000394,relevant,chair,displace,data/edits/main_real_200/orig/pilot_821a9a874446.jpg,data/edits/main_real_200/pilot_821a9a874446.jpg,c5eea9d407a6476e5d0a077206972dac161f684f30dcd2d67b07b9724a165c73,666b41daf8e576908231caf81ccaae84e96015f3e6b5251032f9fb63ed230554,768,512,3,True,True,True,"[0,335,209,512]",26648,0.06776936848958333,"[0,347,199,511]",32636,1.0,,0.0,ade20k_masks_manifest_bbox,2.2737325032552085,26.580165454928757,0.9811331394047601,0.06613667805989583,0.001921920850994463,2.1497262232462475,2.121518838916984,0.0537261962890625,0.055292765299479164,HISTORICAL_IMAGE_DIAGNOSTIC,False
sflip_table_ADE_train_00000279,sflip_table_ADE_train_00000279,irrelevant,table,control_irrelevant,data/edits/spurious_flip_control/orig/sflip_table_ADE_train_00000279.jpg,data/edits/spurious_flip_control/sflip_table_ADE_train_00000279.jpg,da29bdf21a16736f4a2b426f38049318f34a8302dc6f54b5a2288df16e446b0f,e7932aae68f8d2e989841f509c2c78ca2910bb2beea3fb88bf48524d485b8349,543,379,3,True,True,True,"[335,15,497,161]",22052,0.10715413732950432,"[429,216,528,322]",0,0.0,0,55.0,frozen_v8_1_annotation_derived_quality_cache,1.7362417009642188,29.336681966753332,0.9909082320693282,0.04890255931816304,0.0006379787275489907,1.0189000743450833,0.04383395105490706,,,HISTORICAL_IMAGE_DIAGNOSTIC,False
sflip_table_ADE_train_00000220,sflip_table_ADE_train_00000220,irrelevant,table,control_irrelevant,data/edits/spurious_flip_control/orig/sflip_table_ADE_train_00000220.jpg,data/edits/spurious_flip_control/sflip_table_ADE_train_00000220.jpg,88e376b84bb9a30f613f594c84cd4dbb4ff07eeea0d62607d28d7f1907b88d25,71b14f199ce247c7cd40acce2f014620189eb8e1d7339b699780a59e9833e18f,256,256,3,True,True,True,"[15,0,97,97]",7419,0.1132049560546875,"[0,150,59,203]",0,0.0,0,53.0,frozen_v8_1_annotation_derived_quality_cache,1.4311777750651042,32.70153815656212,0.993604401274745,0.056711832682291664,0.00014552696078432015,1.079269796752925,0.9902411402537652,,,HISTORICAL_IMAGE_DIAGNOSTIC,False
sflip_table_ADE_train_00000231,sflip_table_ADE_train_00000231,irrelevant,table,control_irrelevant,data/edits/spurious_flip_control/orig/sflip_table_ADE_train_00000231.jpg,data/edits/spurious_flip_control/sflip_table_ADE_train_00000231.jpg,ab4ae11319a34a9c68505b5e880d7fef52b6c7fe37039d53a0fb105c11efd11d,43e90ce0ed4cedc5f3f8055f51f6234d8cfec943acd772947983e3c8cd288a3b,767,512,3,True,True,True,"[271,255,481,465]",40359,0.1027720624185137,"[184,271,766,510]",40740,0.2928870292887029,0,0.0,frozen_v8_1_annotation_derived_quality_cache,0.973714723218166,33.931820364858595,0.9967373858663819,0.030986867122989998,0.002006047474331394,0.00696476328228357,0.3219978142555391,,,HISTORICAL_IMAGE_DIAGNOSTIC,False
sflip_table_ADE_train_00000219,sflip_table_ADE_train_00000219,irrelevant,table,control_irrelevant,data/edits/spurious_flip_control/orig/sflip_table_ADE_train_00000219.jpg,data/edits/spurious_flip_control/sflip_table_ADE_train_00000219.jpg,e34ffeeec94871a34d3b3a80a17e3fe8b0c7a6c15bdafdfc9b9296e6e837e329,930e07fb0084df2d709ce874da269b05721269d7801e774d7e8e9982942b1c3d,300,226,3,True,True,True,"[15,79,113,177]",8523,0.12570796460176992,"[112,84,233,217]",93,0.005778910085130181,0,0.0,frozen_v8_1_annotation_derived_quality_cache,1.620039331366765,30.654301969556673,0.9900662695854541,0.050471976401179945,0.0016583502376475018,0.34669085545722567,0.7413025886027498,,,HISTORICAL_IMAGE_DIAGNOSTIC,False
sflip_table_ADE_train_00000365,sflip_table_ADE_train_00000365,irrelevant,table,control_irrelevant,data/edits/spurious_flip_control/orig/sflip_table_ADE_train_00000365.jpg,data/edits/spurious_flip_control/sflip_table_ADE_train_00000365.jpg,249ea621fa8404a0dcec3f034d94982e7bd75c7f010e2b9ae44925ac1b074510,48743c8cf19fd30e64553d6eabadbb47ddb5279a1407548ef2d257af5bd08896,770,512,3,True,True,True,"[335,239,545,449]",41901,0.10628297483766234,"[598,287,752,421]",0,0.0,0,53.0,frozen_v8_1_annotation_derived_quality_cache,1.2306640625,33.76097910971636,0.9865186502480132,0.035546875,0.0028582389691030677,0.9284684719967373,0.28417827799692574,,,HISTORICAL_IMAGE_DIAGNOSTIC,False
sflip_table_ADE_train_00000233,sflip_table_ADE_train_00000233,irrelevant,table,control_irrelevant,data/edits/spurious_flip_control/orig/sflip_table_ADE_train_00000233.jpg,data/edits/spurious_flip_control/sflip_table_ADE_train_00000233.jpg,334f0d15754ebb1359e7bd1721b0c8f0ebd91f333f7825745d4d79cab0953eb3,fc026ca6713ee1d823d9840c8553a76938d7cded470e53e10f7ea661ca1b26f4,763,512,3,True,True,True,"[271,0,465,209]",39270,0.10052322247706422,"[1,285,448,511]",0,0.0,0,76.0,frozen_v8_1_annotation_derived_quality_cache,1.8129872146679773,31.189845019015948,0.9833078671253258,0.08679076561817385,0.0018409383144645658,1.6796287306479485,0.9138614946837151,,,HISTORICAL_IMAGE_DIAGNOSTIC,False
sflip_table_ADE_train_00000196,sflip_table_ADE_train_00000196,irrelevant,table,control_irrelevant,data/edits/spurious_flip_control/orig/sflip_table_ADE_train_00000196.jpg,data/edits/spurious_flip_control/sflip_table_ADE_train_00000196.jpg,33371b18feeae3125117db9bfcfdc1877eedc782fc21708276475ac2fa40a7bc,e32aee520e1e644cc2affe17ec43a3729cc52276afd4b571cbeb33c7e9edd0e6,664,512,3,True,True,True,"[399,175,593,369]",35866,0.10549816453313253,"[16,294,164,425]",0,0.0,0,235.0,frozen_v8_1_annotation_derived_quality_cache,2.0102391989834336,29.13579955206339,0.9846273982056419,0.043390358308232936,0.014389474924862991,0.7947999170510229,0.6841216955038263,,,HISTORICAL_IMAGE_DIAGNOSTIC,False
sflip_table_ADE_train_00000480,sflip_table_ADE_train_00000480,irrelevant,table,control_irrelevant,data/edits/spurious_flip_control/orig/sflip_table_ADE_train_00000480.jpg,data/edits/spurious_flip_control/sflip_table_ADE_train_00000480.jpg,d8b09e31d60a793ec05e696774400296d8406155b503b19074b3d3137dab36c9,56bbaa2e497f0988cffca615332096efb6c4ef29a67c09c1f47b81a42c719851,766,512,3,True,True,True,"[95,15,305,225]",40498,0.103260647845953,"[0,231,423,453]",0,0.0,0,6.0,frozen_v8_1_annotation_derived_quality_cache,1.0664912423846824,34.71550888527729,0.9967123746511773,0.04282426294604005,0.0024722068276836137,0.7704489102276426,0.1123610587446322,,,HISTORICAL_IMAGE_DIAGNOSTIC,False
sflip_table_ADE_train_00000485,sflip_table_ADE_train_00000485,irrelevant,table,control_irrelevant,data/edits/spurious_flip_control/orig/sflip_table_ADE_train_00000485.jpg,data/edits/spurious_flip_control/sflip_table_ADE_train_00000485.jpg,6067e46e32403a8b3ed75025dcf7ef1925d63a2889da4bbda43532b38a096644,c2c19e32d36ea17dd664c396fd57b70c25f0b6a851c3fa3c29c143e3a6a820aa,768,512,3,True,True,True,"[543,15,737,225]",39184,0.09965006510416667,"[530,225,689,354]",0,0.0,0,0.0,frozen_v8_1_annotation_derived_quality_cache,0.87860107421875,34.916173205494545,0.9972458133046768,0.027693006727430556,0.003246505135311384,0.3621469477335779,0.16181711135719468,,,HISTORICAL_IMAGE_DIAGNOSTIC,False
sflip_table_ADE_train_00000384,sflip_table_ADE_train_00000384,irrelevant,table,control_irrelevant,data/edits/spurious_flip_control/orig/sflip_table_ADE_train_00000384.jpg,data/edits/spurious_flip_control/sflip_table_ADE_train_00000384.jpg,01be39883ad52ea360c6487e4945d73c74a82a674925bc94b5126fb2f8566aac,f24756cbcbc99484501a9138db40296c45152ceb868040dfc068d6cab87163ed,771,512,3,True,True,True,"[111,0,321,209]",39505,0.10007549043450065,"[290,339,490,489]",0,0.0,0,130.0,frozen_v8_1_annotation_derived_quality_cache,1.243887301394293,32.514853438010846,0.9953461132787645,0.08313911856895805,0.0007231474421513784,0.5128706347276193,0.16583881976635695,,,HISTORICAL_IMAGE_DIAGNOSTIC,False
sflip_table_ADE_train_00000246,sflip_table_ADE_train_00000246,irrelevant,table,control_irrelevant,data/edits/spurious_flip_control/orig/sflip_table_ADE_train_00000246.jpg,data/edits/spurious_flip_control/sflip_table_ADE_train_00000246.jpg,11ae6a69ad50a08890e7d14dbde7f3db9d065096140162478d0a6d938b0d349f,8e1e503f110fac6c1fdb433f67a889d774c7d4d3290e40bc95eae2baa79f25c2,826,512,3,True,True,True,"[607,15,817,225]",41980,0.0992641495157385,"[1,256,734,512]",0,0.0,0,31.0,frozen_v8_1_annotation_derived_quality_cache,1.9863076321630346,30.196905761018936,0.99113796986524,0.096617420803067,0.0007329902449537407,1.6838993071844754,0.20656821579139262,,,HISTORICAL_IMAGE_DIAGNOSTIC,False
sflip_table_ADE_train_00000418,sflip_table_ADE_train_00000418,irrelevant,table,control_irrelevant,data/edits/spurious_flip_control/orig/sflip_table_ADE_train_00000418.jpg,data/edits/spurious_flip_control/sflip_table_ADE_train_00000418.jpg,145f38861e7d1d24de460a5ed407823625a4a32c2ab679c3eeb4a470d4cfb846,798b0cbd7bd93e96b38df2fa10a39514320096d22f82845df81f875564f1ead8,768,512,3,True,True,True,"[543,0,753,209]",39855,0.10135650634765625,"[236,200,554,512]",99,0.0009978229317851959,0,0.0,frozen_v8_1_annotation_derived_quality_cache,0.6705678304036459,39.4507220321692,0.9983669386603637,0.07517157660590278,0.004707368764264752,0.44918711344402595,0.4726144252322584,,,HISTORICAL_IMAGE_DIAGNOSTIC,False
sflip_table_ADE_train_00000377,sflip_table_ADE_train_00000377,irrelevant,table,control_irrelevant,data/edits/spurious_flip_control/orig/sflip_table_ADE_train_00000377.jpg,data/edits/spurious_flip_control/sflip_table_ADE_train_00000377.jpg,be7600214692cd7d429fd220ccf967297d8308eb5329b3745c157a8ea956deb1,a2b06d15ca461c7d1b5a60252bae782632fd9318cd33d3adc942dc56b9851a80,683,512,3,True,True,True,"[31,127,225,321]",36078,0.10316961017569547,"[216,184,400,407]",1233,0.03004971729381946,0,0.0,frozen_v8_1_annotation_derived_quality_cache,1.6133012673865301,31.36299616414185,0.9944438208519358,0.04261224987798926,0.0014165056567129325,0.8180473176701923,0.5521338891545611,,,HISTORICAL_IMAGE_DIAGNOSTIC,False
sflip_table_ADE_train_00000342,sflip_table_ADE_train_00000342,irrelevant,table,control_irrelevant,data/edits/spurious_flip_control/orig/sflip_table_ADE_train_00000342.jpg,data/edits/spurious_flip_control/sflip_table_ADE_train_00000342.jpg,647429ad8b7ac8b82f7306fb0b58fca483a897bb7e1826e73f95874fad2ac8d3,633f2e2a87b38167b232cf59269381b93cdc9ae3030cf8f462679f1bd70c8f1e,640,426,3,True,True,True,"[207,175,385,337]",27509,0.10089862089201877,"[148,232,638,425]",18690,0.19763138415988157,0,0.0,frozen_v8_1_annotation_derived_quality_cache,2.358212294600939,28.430381740304217,0.9903047467594605,0.06479851330203441,0.003825700919123723,1.5246148965669022,1.2537363958154515,,,HISTORICAL_IMAGE_DIAGNOSTIC,False
sflip_table_ADE_train_00000457,sflip_table_ADE_train_00000457,irrelevant,table,control_irrelevant,data/edits/spurious_flip_control/orig/sflip_table_ADE_train_00000457.jpg,data/edits/spurious_flip_control/sflip_table_ADE_train_00000457.jpg,91160fddd4d89de3b1c0dbc33972dfa47dfa0c5b6955b7947b789db587e285ab,1a4e61f16136c0912445a0197405fa63cbf32e184d0805c11a6e08f6f9b7191c,640,426,3,True,True,True,"[303,15,465,177]",25944,0.09515845070422535,"[0,248,120,383]",0,0.0,0,196.29060089571277,frozen_v8_1_annotation_derived_quality_cache,2.890721586463224,26.954003385050406,0.980481004318237,0.10884927621283254,0.012009981367623768,1.910652842576269,1.1200562138658796,,,HISTORICAL_IMAGE_DIAGNOSTIC,False
sflip_table_ADE_train_00000201,sflip_table_ADE_train_00000201,irrelevant,table,control_irrelevant,data/edits/spurious_flip_control/orig/sflip_table_ADE_train_00000201.jpg,data/edits/spurious_flip_control/sflip_table_ADE_train_00000201.jpg,117c79ef917b956100c7e251884dfa0ba8d589c928f8abd622f155155b96408c,c080b807b565aac78c41509629569548a10d57fb2b8cef47e750280778040000,827,512,3,True,True,True,"[255,95,465,305]",42207,0.09968022596735188,"[0,325,650,464]",0,0.0,0,20.0,frozen_v8_1_annotation_derived_quality_cache,2.3150821241434905,28.132004358864954,0.9873035684312162,0.07374955914953647,0.010435134339196864,0.793883460550191,2.2097760380945957,,,HISTORICAL_IMAGE_DIAGNOSTIC,False
sflip_table_ADE_train_00000360,sflip_table_ADE_train_00000360,irrelevant,table,control_irrelevant,data/edits/spurious_flip_control/orig/sflip_table_ADE_train_00000360.jpg,data/edits/spurious_flip_control/sflip_table_ADE_train_00000360.jpg,8cccf824f55c2594a4b375a6c2ff7a6624f0554a6be42937ed0fb50d67742e25,742dc033ed9661dcad853574ec34d7a1b8b9298378b924b6b3f8c9a84c42ae3c,767,512,3,True,True,True,"[47,95,257,305]",39753,0.10122891541720991,"[282,220,736,364]",0,0.0,0,25.0,frozen_v8_1_annotation_derived_quality_cache,1.3334674462190352,32.37889586470517,0.9955320413739679,0.06634174000434594,0.0009705035778551641,0.6338885557569824,0.5057773884314472,,,HISTORICAL_IMAGE_DIAGNOSTIC,False
sflip_table_ADE_train_00000476,sflip_table_ADE_train_00000476,irrelevant,table,control_irrelevant,data/edits/spurious_flip_control/orig/sflip_table_ADE_train_00000476.jpg,data/edits/spurious_flip_control/sflip_table_ADE_train_00000476.jpg,34be12946dca61eb8e9fa3e2909ecfbeec6a45029b0bc8e5f54cbce46aeb169a,722ca714db9fb330492979bf510cb3d7852f9238d8991535e27155797a826d4b,662,512,3,True,True,True,"[159,79,353,257]",32971,0.09727565615558913,"[0,289,329,444]",0,0.0,0,32.0,frozen_v8_1_annotation_derived_quality_cache,1.7369191764224572,29.148166086804437,0.977972540814129,0.04558471802618328,0.0028993045806647993,0.04828145003304485,1.2213348103058834,,,HISTORICAL_IMAGE_DIAGNOSTIC,False
sflip_table_ADE_train_00000452,sflip_table_ADE_train_00000452,irrelevant,table,control_irrelevant,data/edits/spurious_flip_control/orig/sflip_table_ADE_train_00000452.jpg,data/edits/spurious_flip_control/sflip_table_ADE_train_00000452.jpg,418033693588e756f01e64bd98f054e4336459e75e859d856a63c84356b4eec3,490dac70a33a8ae7f60fa2de13c76777461dbfb462d10a6e35df7eeaaad68f7b,706,512,3,True,True,True,"[447,303,641,497]",35987,0.09955681214589235,"[0,393,217,511]",0,0.0,0,230.0,frozen_v8_1_annotation_derived_quality_cache,1.1456387585576016,33.39837561288181,0.9941334589961428,0.029280276203966005,0.00042952588655528756,0.33746015846315913,0.49580431708785966,,,HISTORICAL_IMAGE_DIAGNOSTIC,False
sflip_table_ADE_train_00000425,sflip_table_ADE_train_00000425,irrelevant,table,control_irrelevant,data/edits/spurious_flip_control/orig/sflip_table_ADE_train_00000425.jpg,data/edits/spurious_flip_control/sflip_table_ADE_train_00000425.jpg,ac20de7880423976d8796115555a6f2a309c886ffef352104bba1d687e68cde1,65d74edabf1a6e936dc6c1e1f884cd23a6836ccd59e27f107bd6128c274cc3c0,768,512,3,True,True,True,"[511,287,721,481]",38606,0.09818013509114583,"[1,253,425,454]",0,0.0,0,86.0,frozen_v8_1_annotation_derived_quality_cache,1.1761771308051214,34.489047478341455,0.9937024342142172,0.04570855034722222,0.003787801597652428,1.0036973810831995,0.618801546839066,,,HISTORICAL_IMAGE_DIAGNOSTIC,False
sflip_table_ADE_train_00000256,sflip_table_ADE_train_00000256,irrelevant,table,control_irrelevant,data/edits/spurious_flip_control/orig/sflip_table_ADE_train_00000256.jpg,data/edits/spurious_flip_control/sflip_table_ADE_train_00000256.jpg,0bce8c6932778584ec41ab174a359748309ab91cb4b4b801b35fbb7ad6f2ec28,9e6a690e0e413182b9895b5aeb1d3dae3550fef60a4d25e6bc14ae26ff8b6880,693,512,3,True,True,True,"[271,271,481,465]",35920,0.10123556998556998,"[0,234,456,392]",22385,0.31069564734621363,0,0.0,frozen_v8_1_annotation_derived_quality_cache,1.0030438311688312,33.42085499355266,0.9966474866540628,0.044642857142857144,0.0011504361070371477,0.2510310391865147,0.40792280901044364,,,HISTORICAL_IMAGE_DIAGNOSTIC,False
sflip_table_ADE_train_00000218,sflip_table_ADE_train_00000218,irrelevant,table,control_irrelevant,data/edits/spurious_flip_control/orig/sflip_table_ADE_train_00000218.jpg,data/edits/spurious_flip_control/sflip_table_ADE_train_00000218.jpg,1067c0b8c77416e8e83dc86d38f93d84c09caa470ce3b9f6190087702606d427,cbc9f6e230dc26edfaca57df5e836f173cb47087ed2c6d93029c7fa86c77adeb,794,512,3,True,True,True,"[191,0,401,193]",39258,0.09656899401763225,"[69,311,436,457]",0,0.0,0,118.0,frozen_v8_1_annotation_derived_quality_cache,0.984871890743073,36.149574645867524,0.996902112352565,0.06661123793031067,0.003979057591623036,0.866741336882086,0.5920341501493027,,,HISTORICAL_IMAGE_DIAGNOSTIC,False
sflip_table_ADE_train_00000289,sflip_table_ADE_train_00000289,irrelevant,table,control_irrelevant,data/edits/spurious_flip_control/orig/sflip_table_ADE_train_00000289.jpg,data/edits/spurious_flip_control/sflip_table_ADE_train_00000289.jpg,3467d5080c7a8d590e717db7e1753ed3ab0f3f51df7545d5a5c8deea36d44286,592c1bfe4179c8e813a3da19e8968b8dd8bce4466ba17ac0d37123a58d7333ec,768,512,3,True,True,True,"[223,111,417,321]",38353,0.09753672281901042,"[555,295,768,512]",0,0.0,0,138.0,frozen_v8_1_annotation_derived_quality_cache,1.4389733208550348,31.083699299016455,0.9886529557641407,0.053410847981770836,0.000903009863058371,0.581083050537103,0.3645497524301149,,,HISTORICAL_IMAGE_DIAGNOSTIC,False
sflip_table_ADE_train_00000228,sflip_table_ADE_train_00000228,irrelevant,table,control_irrelevant,data/edits/spurious_flip_control/orig/sflip_table_ADE_train_00000228.jpg,data/edits/spurious_flip_control/sflip_table_ADE_train_00000228.jpg,8d8865722e56b0fafd9fbf24b7ed24895e0d2e5b05da4a6b6d618c38ab0a7b74,c36123b534d15605f2e718c77fde0e8b15604e9c82936adbfdf571f862d2a1b8,683,512,3,True,True,True,"[79,15,273,209]",35574,0.10172835834553441,"[0,281,682,511]",0,0.0,0,72.0,frozen_v8_1_annotation_derived_quality_cache,1.1300825097608589,34.28999476238039,0.9963144939487207,0.03535451744753538,0.0009266725580316174,0.1513322846129057,0.19433455542403522,,,HISTORICAL_IMAGE_DIAGNOSTIC,False
sflip_sofa_ADE_train_00000668,sflip_sofa_ADE_train_00000668,irrelevant,sofa,control_irrelevant,data/edits/spurious_flip_control/orig/sflip_sofa_ADE_train_00000668.jpg,data/edits/spurious_flip_control/sflip_sofa_ADE_train_00000668.jpg,2cbfd68f7bb3115cb1a31fb0b9d3d7450cafe01757219d235742363d23e7f8ca,787e797351b25ec153fe89111fc75448d7de2b7139fb8147a82f6c8146801592,650,512,3,True,True,True,"[127,15,321,209]",34742,0.10439302884615384,"[0,298,174,511]",0,0.0,0,89.0,frozen_v8_1_annotation_derived_quality_cache,1.9549238782051281,30.75986327196304,0.9918197291056796,0.06508613782051283,0.005500889473509948,1.6010496520432582,0.8612677226336061,,,HISTORICAL_IMAGE_DIAGNOSTIC,False
sflip_sofa_ADE_train_00000708,sflip_sofa_ADE_train_00000708,irrelevant,sofa,control_irrelevant,data/edits/spurious_flip_control/orig/sflip_sofa_ADE_train_00000708.jpg,data/edits/spurious_flip_control/sflip_sofa_ADE_train_00000708.jpg,b709845c850eb0cff9f3022fa917569bb34405ed7405cca8023f8a6914ebd9cf,0a0500cfd4f8135d54a96967a69834649bb0bcbb87ae3dc0e3685bc61d87bce4,768,512,3,True,True,True,"[127,271,321,481]",39067,0.09935251871744792,"[364,283,642,512]",0,0.0,0,43.0,frozen_v8_1_annotation_derived_quality_cache,1.3932266235351562,32.140487241681626,0.9939456302768085,0.04710727267795139,0.0006788494457124206,0.4858541768391831,0.3018501702760972,,,HISTORICAL_IMAGE_DIAGNOSTIC,False
sflip_sofa_ADE_train_00000273,sflip_sofa_ADE_train_00000273,irrelevant,sofa,control_irrelevant,data/edits/spurious_flip_control/orig/sflip_sofa_ADE_train_00000273.jpg,data/edits/spurious_flip_control/sflip_sofa_ADE_train_00000273.jpg,a7b5acb1795d01a209f6a3f4c7a468105313369e6b8ba8654b709e3688e8d0af,7273322893370843d55db5d29c28863db2705a1788a5b256b80340fddabcd24c,684,512,3,True,True,True,"[143,15,337,209]",35989,0.1027646427266082,"[212,196,651,511]",1625,0.011751093755649564,0,0.0,frozen_v8_1_annotation_derived_quality_cache,1.6244136817738792,31.243947872098595,0.9933753028028507,0.06392772295321637,0.0006135408026086142,0.8326687151635497,0.06193726105755104,,,HISTORICAL_IMAGE_DIAGNOSTIC,False
sflip_sofa_ADE_train_00000738,sflip_sofa_ADE_train_00000738,irrelevant,sofa,control_irrelevant,data/edits/spurious_flip_control/orig/sflip_sofa_ADE_train_00000738.jpg,data/edits/spurious_flip_control/sflip_sofa_ADE_train_00000738.jpg,844ee8ebdb9e8bd2da0e51a6d7ab1e4a752340ee5710965eb2c392da0b3bc582,1a1284e76095e3a6861cb94dd9c90bc8140a3dce6fb5a1af30bd07f9ff861b2f,700,472,3,True,True,True,"[399,143,593,337]",34523,0.10448849878934624,"[114,266,341,448]",0,0.0,0,58.0,frozen_v8_1_annotation_derived_quality_cache,1.7852925746569814,29.741943400836952,0.9895537956247777,0.05239104116222761,0.0029622757069135974,1.0845170036319587,0.37542206983436444,,,HISTORICAL_IMAGE_DIAGNOSTIC,False
sflip_sofa_ADE_train_00000681,sflip_sofa_ADE_train_00000681,irrelevant,sofa,control_irrelevant,data/edits/spurious_flip_control/orig/sflip_sofa_ADE_train_00000681.jpg,data/edits/spurious_flip_control/sflip_sofa_ADE_train_00000681.jpg,0ee64db7312717d1dc6630250261ff17f3e639e4f5be1a380ceb69773f999bec,cad979add90281b3fa088dfe780711d9d101b79e16e3be59327d315290b586be,773,512,3,True,True,True,"[559,47,769,241]",39336,0.09938955368693403,"[0,332,773,512]",0,0.0,0,91.0,frozen_v8_1_annotation_derived_quality_cache,1.895856915696421,30.74270343839071,0.9916627933148212,0.10455577565761104,0.0034861635371336505,1.7844615024660584,0.6365301819509668,,,HISTORICAL_IMAGE_DIAGNOSTIC,False
sflip_sofa_ADE_train_00000704,sflip_sofa_ADE_train_00000704,irrelevant,sofa,control_irrelevant,data/edits/spurious_flip_control/orig/sflip_sofa_ADE_train_00000704.jpg,data/edits/spurious_flip_control/sflip_sofa_ADE_train_00000704.jpg,be4b15375726b3b4c750b3b148ec497c17f873f85f4a66a823501c75cdf7061e,4c23af6cf471db179f6cafadfc204905ff02f2b93dc1fd51d16fbde7a1c79ae7,772,512,3,True,True,True,"[479,47,689,257]",40846,0.10333852817357513,"[485,316,756,511]",0,0.0,0,59.0,frozen_v8_1_annotation_derived_quality_cache,2.0788721799438687,29.52240283092431,0.9845918361584212,0.10520394807858378,0.0008311751498902772,1.2825346755586366,0.8677370009657608,,,HISTORICAL_IMAGE_DIAGNOSTIC,False
sflip_sofa_ADE_train_00000693,sflip_sofa_ADE_train_00000693,irrelevant,sofa,control_irrelevant,data/edits/spurious_flip_control/orig/sflip_sofa_ADE_train_00000693.jpg,data/edits/spurious_flip_control/sflip_sofa_ADE_train_00000693.jpg,e7976a6ffe77decc2f6c02317150bf18e94e1fdd562808aaaa8a7bef8e9300d7,5cb7e9a90a549b958bb2667645b830a2d27e3916c00707e69eed583f6cedb679,754,512,3,True,True,True,"[31,207,225,417]",38787,0.10047196203580902,"[343,267,753,511]",0,0.0,0,118.0,frozen_v8_1_annotation_derived_quality_cache,1.4762447502210434,31.005950501196658,0.99616264443532,0.03322730161361626,0.004292775320109493,0.2847276893028976,0.19341119479567226,,,HISTORICAL_IMAGE_DIAGNOSTIC,False
sflip_sofa_ADE_train_00000675,sflip_sofa_ADE_train_00000675,irrelevant,sofa,control_irrelevant,data/edits/spurious_flip_control/orig/sflip_sofa_ADE_train_00000675.jpg,data/edits/spurious_flip_control/sflip_sofa_ADE_train_00000675.jpg,d57fc30d5217c16919f9e8db2db074e92f62bbb65477cc7c9cc7c61569a5433f,66ea76044094d32830c76aa5726c8513f26a97dd0bd70e6a12d96e91454694c5,720,480,3,True,True,True,"[63,31,257,225]",35423,0.10249710648148148,"[320,250,524,373]",0,0.0,0,67.77905281132217,frozen_v8_1_annotation_derived_quality_cache,1.4347154706790124,32.0027626557822,0.9928024913920686,0.04871527777777777,0.0011826086956521764,0.9678273831018487,0.2555508741946113,,,HISTORICAL_IMAGE_DIAGNOSTIC,False
sflip_sofa_ADE_train_00000713,sflip_sofa_ADE_train_00000713,irrelevant,sofa,control_irrelevant,data/edits/spurious_flip_control/orig/sflip_sofa_ADE_train_00000713.jpg,data/edits/spurious_flip_control/sflip_sofa_ADE_train_00000713.jpg,91fc320b7a0a7ca8bbfc31ecf848b75c8c6f8918eef22edda7233f362ec07277,01508d0b6bd89d3ff0b5b65206cdafe7cd7cd0f5362f467fed17cbe94d4e9341,797,512,3,True,True,True,"[399,47,609,257]",41301,0.10121206477415308,"[140,249,474,438]",600,0.009504799923961601,0,0.0,frozen_v8_1_annotation_derived_quality_cache,1.1159115563571727,32.88436098498396,0.9929018032755168,0.026941852258469273,0.0025367596975524598,0.19950454438517795,0.20941911904732535,,,HISTORICAL_IMAGE_DIAGNOSTIC,False
sflip_sofa_ADE_train_00000732,sflip_sofa_ADE_train_00000732,irrelevant,sofa,control_irrelevant,data/edits/spurious_flip_control/orig/sflip_sofa_ADE_train_00000732.jpg,data/edits/spurious_flip_control/sflip_sofa_ADE_train_00000732.jpg,41074d13608b9b7b71d777ee0e2fabe21a58f3132fa8552ac05ece0c1acf01fc,b4506d8a49476fecaa5a8f1de2aa2bb298ccdf440fcf38a9b4ee90082d713457,720,480,3,True,True,True,"[495,223,689,417]",35737,0.1034056712962963,"[0,235,220,430]",0,0.0,0,275.0,frozen_v8_1_annotation_derived_quality_cache,2.2071238425925928,28.02078366694946,0.9839345109684139,0.037411265432098766,0.006644927536231887,0.95384868460647,1.2761235999367457,,,HISTORICAL_IMAGE_DIAGNOSTIC,False
sflip_sofa_ADE_train_00000678,sflip_sofa_ADE_train_00000678,irrelevant,sofa,control_irrelevant,data/edits/spurious_flip_control/orig/sflip_sofa_ADE_train_00000678.jpg,data/edits/spurious_flip_control/sflip_sofa_ADE_train_00000678.jpg,746904309b5c6c76248202d95594da4748d97fb8554e9900e61fbd3c2214d3a4,0d98473ca6f385ff1e50c11b0b3770b8b83767283a2994f56c3bbc4388df624a,768,512,3,True,True,True,"[15,31,225,225]",38659,0.09831492106119792,"[45,213,664,501]",2160,0.012116316639741519,0,0.0,frozen_v8_1_annotation_derived_quality_cache,2.028627183702257,29.420268615157696,0.9906075203036977,0.03893364800347222,0.008169118845777631,1.308097635396308,0.0008638117111416932,,,HISTORICAL_IMAGE_DIAGNOSTIC,False
sflip_sofa_ADE_train_00000719,sflip_sofa_ADE_train_00000719,irrelevant,sofa,control_irrelevant,data/edits/spurious_flip_control/orig/sflip_sofa_ADE_train_00000719.jpg,data/edits/spurious_flip_control/sflip_sofa_ADE_train_00000719.jpg,d93407b4856aa725c10266655729252b954edbdac907656836213170b7d21bad,b5f493abea234392a0ab038077e0991d685105513fcdd0cf348aeff7260033e0,768,512,3,True,True,True,"[399,239,609,449]",42394,0.10781351725260417,"[106,287,357,395]",0,0.0,0,42.0,frozen_v8_1_annotation_derived_quality_cache,1.933521694607205,29.735862012404,0.9910699719958965,0.04851277669270832,0.002558740218454515,0.7347113011678061,0.5276408633050735,,,HISTORICAL_IMAGE_DIAGNOSTIC,False
sflip_sofa_ADE_train_00000741,sflip_sofa_ADE_train_00000741,irrelevant,sofa,control_irrelevant,data/edits/spurious_flip_control/orig/sflip_sofa_ADE_train_00000741.jpg,data/edits/spurious_flip_control/sflip_sofa_ADE_train_00000741.jpg,8518fbff744371b66b843d85c22b004a5625150e2ca06de04b65ebe4680a6883,bc9c35c82379402769a1e7fc15b9d6fb694005f1b0c5d1c4f60ff1f8d606ef02,756,512,3,True,True,True,"[143,95,337,305]",39338,0.10162967096560846,"[196,291,432,430]",1974,0.060175588342885014,0,0.0,frozen_v8_1_annotation_derived_quality_cache,3.0146398258377425,26.39619011165971,0.9734082307328499,0.05676807760141094,0.024716772160087774,1.3822207785631662,2.552743416247388,,,HISTORICAL_IMAGE_DIAGNOSTIC,False
sflip_sofa_ADE_train_00000748,sflip_sofa_ADE_train_00000748,irrelevant,sofa,control_irrelevant,data/edits/spurious_flip_control/orig/sflip_sofa_ADE_train_00000748.jpg,data/edits/spurious_flip_control/sflip_sofa_ADE_train_00000748.jpg,1233510208ab0e49559985e09a0317e1a466004cf8d67c52075a6ac9433d4cba,40d6ec00429de005caced9bd50eebb83ba237a7fbf5f04e947a69b29adc5508c,768,512,3,True,True,True,"[495,47,689,257]",39249,0.09981536865234375,"[76,253,768,512]",776,0.0043296806302586645,0,0.0,frozen_v8_1_annotation_derived_quality_cache,2.05338626437717,29.305790969786063,0.9911639980552822,0.0729709201388889,0.0013653407238343601,1.4733036656697323,0.9047957296333067,,,HISTORICAL_IMAGE_DIAGNOSTIC,False
sflip_sofa_ADE_train_00000662,sflip_sofa_ADE_train_00000662,irrelevant,sofa,control_irrelevant,data/edits/spurious_flip_control/orig/sflip_sofa_ADE_train_00000662.jpg,data/edits/spurious_flip_control/sflip_sofa_ADE_train_00000662.jpg,5127567e91cb5b11ed368b47cf2fc4d322fde96ab1d0c85d79173c2fc54c4b83,49f8569920eb2a6f5664caed29832c304b3f9120db345b6251c96a72d3474422,683,512,3,True,True,True,"[255,31,449,225]",35724,0.10215730234260614,"[1,224,536,383]",194,0.002280608946100041,0,0.0,frozen_v8_1_annotation_derived_quality_cache,1.861570240056125,30.326357269912766,0.9927110802722805,0.06241421120058565,0.0021097197495835718,1.1921600778962045,0.39362240499221457,,,HISTORICAL_IMAGE_DIAGNOSTIC,False
sflip_sofa_ADE_train_00000706,sflip_sofa_ADE_train_00000706,irrelevant,sofa,control_irrelevant,data/edits/spurious_flip_control/orig/sflip_sofa_ADE_train_00000706.jpg,data/edits/spurious_flip_control/sflip_sofa_ADE_train_00000706.jpg,56d75367f68780176ddea3caad1e22cd5bcc753ed962a4ae95d9c498bfe705e5,9e40c72370dcd4341144a9e784703b66b9b59bb5654d76af9502798ebf39f3b5,682,512,3,True,True,True,"[111,31,305,225]",35838,0.1026335685483871,"[4,301,279,475]",0,0.0,0,76.0,frozen_v8_1_annotation_derived_quality_cache,1.4515766281769307,32.63455050963299,0.9888867365706125,0.05951780913978494,0.0019536012530587815,1.3022666347828107,0.6774671549619811,,,HISTORICAL_IMAGE_DIAGNOSTIC,False
sflip_sofa_ADE_train_00000701,sflip_sofa_ADE_train_00000701,irrelevant,sofa,control_irrelevant,data/edits/spurious_flip_control/orig/sflip_sofa_ADE_train_00000701.jpg,data/edits/spurious_flip_control/sflip_sofa_ADE_train_00000701.jpg,512d56d2012b893968ce0582a36fcdd7fd0814949dd8451ff619b542dd75486b,a6a640bfac3745563f9838fa909c36478571a33ea5880e5412e563aec27754b8,771,512,3,True,True,True,"[447,0,657,209]",41800,0.10588926718547341,"[88,283,771,512]",0,0.0,0,74.0,frozen_v8_1_annotation_derived_quality_cache,1.3362862421638564,32.219464110271666,0.9937933129457053,0.024253202010376135,0.0005988168292902635,0.3389434064932004,0.27619511571037236,,,HISTORICAL_IMAGE_DIAGNOSTIC,False
sflip_sofa_ADE_train_00000671,sflip_sofa_ADE_train_00000671,irrelevant,sofa,control_irrelevant,data/edits/spurious_flip_control/orig/sflip_sofa_ADE_train_00000671.jpg,data/edits/spurious_flip_control/sflip_sofa_ADE_train_00000671.jpg,613025d41229ad497a6be375584c9e029dd6e23c2ba924643499b724663f44c6,4b9bf1c6aee9517cf42fc03292d51ad867dcc513ff02739b2f152c3aa70fc440,504,360,3,True,True,True,"[319,207,465,353]",20027,0.11037808641975308,"[0,200,180,350]",0,0.0,0,139.0,frozen_v8_1_annotation_derived_quality_cache,2.9971579218106994,25.799533035296665,0.9793446794843909,0.05687095825984714,0.013629231857155477,0.14449964285714145,2.2075579321265693,,,HISTORICAL_IMAGE_DIAGNOSTIC,False
sflip_sofa_ADE_train_00000688,sflip_sofa_ADE_train_00000688,irrelevant,sofa,control_irrelevant,data/edits/spurious_flip_control/orig/sflip_sofa_ADE_train_00000688.jpg,data/edits/spurious_flip_control/sflip_sofa_ADE_train_00000688.jpg,3a3356291d69c81c3e1841ea7d948a0d1328d83e31d64c54a9f9abef7992eceb,39d58cc75cd5d4bf29e2ad0ff2abe6647039f0c079c279d3e5b390655f2deed9,745,512,3,True,True,True,"[383,255,577,449]",37147,0.0973862206375839,"[0,259,264,511]",0,0.0,0,119.0,frozen_v8_1_annotation_derived_quality_cache,1.5140056977069352,31.6937412566531,0.9944808928829777,0.038130942393736024,0.00034006325964421047,0.8904870396392681,0.5607343499212263,,,HISTORICAL_IMAGE_DIAGNOSTIC,False
sflip_sofa_ADE_train_00000653,sflip_sofa_ADE_train_00000653,irrelevant,sofa,control_irrelevant,data/edits/spurious_flip_control/orig/sflip_sofa_ADE_train_00000653.jpg,data/edits/spurious_flip_control/sflip_sofa_ADE_train_00000653.jpg,cc14def90816d0df77906f596e37417321ae2e352efaca5ae399196d71d13dbf,fea66acc2d80dcbfe9f548c42b5df9e497b2081cdf4776f15bab7301a0c7f322,720,480,3,True,True,True,"[79,287,273,480]",35807,0.10360821759259259,"[464,232,720,452]",0,0.0,0,191.0,frozen_v8_1_annotation_derived_quality_cache,1.626016589506173,31.25288127129085,0.992326934510952,0.03696759259259259,0.025366666666666676,0.5729118842592698,0.17544520681450138,,,HISTORICAL_IMAGE_DIAGNOSTIC,False
sflip_sofa_ADE_train_00000717,sflip_sofa_ADE_train_00000717,irrelevant,sofa,control_irrelevant,data/edits/spurious_flip_control/orig/sflip_sofa_ADE_train_00000717.jpg,data/edits/spurious_flip_control/sflip_sofa_ADE_train_00000717.jpg,9f2bcf66d4bf7676e2249b83b88c76efbf57697596c10d9924986318758a49d6,4bd22f50bea42f182cf38db359aee6a456713742e0e932462433df133f6a0dce,764,512,3,True,True,True,"[0,0,193,209]",38189,0.09762812909031414,"[236,297,756,502]",0,0.0,0,97.94386147176351,frozen_v8_1_annotation_derived_quality_cache,1.3220773001199826,32.70271843555073,0.9946601531564198,0.04788053555846423,0.0036386449184441783,0.721205723883358,0.0748755362249085,,,HISTORICAL_IMAGE_DIAGNOSTIC,False
sflip_sofa_ADE_train_00000740,sflip_sofa_ADE_train_00000740,irrelevant,sofa,control_irrelevant,data/edits/spurious_flip_control/orig/sflip_sofa_ADE_train_00000740.jpg,data/edits/spurious_flip_control/sflip_sofa_ADE_train_00000740.jpg,33fc981cccae137f024cc3b6e69d8489806d8541be21e832c894b521c132ddda,14927b192d18481e4e99bee7675fa21e41bacb3ce60f58a8e0bee7c6c8d00628,720,480,3,True,True,True,"[415,143,609,337]",34942,0.10110532407407408,"[18,286,295,479]",0,0.0,0,120.0,frozen_v8_1_annotation_derived_quality_cache,1.9439863040123457,28.34566185350048,0.9934433519995143,0.03894097222222221,0.0037362318840579722,0.3155297112268727,0.7980241418445218,,,HISTORICAL_IMAGE_DIAGNOSTIC,False
sflip_sofa_ADE_train_00000673,sflip_sofa_ADE_train_00000673,irrelevant,sofa,control_irrelevant,data/edits/spurious_flip_control/orig/sflip_sofa_ADE_train_00000673.jpg,data/edits/spurious_flip_control/sflip_sofa_ADE_train_00000673.jpg,3d0c2f215145f553fc1721d78a18a5cc15ec2e487fe3dbf2b63cd74173e8131d,e1bce855774e1c156e179d9ca731dbad8ecfd32d5a3519b95393de390a8f8a5b,765,512,3,True,True,True,"[159,15,369,225]",40122,0.10243566176470588,"[360,266,647,447]",0,0.0,0,41.0,frozen_v8_1_annotation_derived_quality_cache,1.1292364515250544,33.779293470602084,0.9963475653646886,0.028543709150326793,0.0019000540863309962,0.520285693933829,0.08806215886389879,,,HISTORICAL_IMAGE_DIAGNOSTIC,False
sflip_sofa_ADE_train_00000710,sflip_sofa_ADE_train_00000710,irrelevant,sofa,control_irrelevant,data/edits/spurious_flip_control/orig/sflip_sofa_ADE_train_00000710.jpg,data/edits/spurious_flip_control/sflip_sofa_ADE_train_00000710.jpg,5cb0544b78dc4d784427da1f6878098e319ad51e4646ca4ba7ee8538ab580729,af2362ca34a0ad0a8bb8b9ccb6f9aa98d2c3476460ae37c7c41117f145877731,767,512,3,True,True,True,"[287,111,481,321]",39049,0.09943621659061277,"[171,336,608,512]",0,0.0,0,15.0,frozen_v8_1_annotation_derived_quality_cache,1.6822704462733593,30.06645348400097,0.9918010606481091,0.0302076542807475,0.008367245695542438,0.9186547868114587,0.03896615561964012,,,HISTORICAL_IMAGE_DIAGNOSTIC,False
sflip_chair_ADE_train_00000374,sflip_chair_ADE_train_00000374,irrelevant,chair,control_irrelevant,data/edits/spurious_flip_control/orig/sflip_chair_ADE_train_00000374.jpg,data/edits/spurious_flip_control/sflip_chair_ADE_train_00000374.jpg,501ff9adf7600822c7fcf123538b24ed9a67285d0362292fa1bc7d197aba2fd1,46a6b10b1f6f59f69ca057863e466769cf9ee369741e2632070033546524fd32,764,512,3,True,True,True,"[447,0,657,209]",40319,0.10307335978403141,"[494,381,763,511]",0,0.0,0,172.0,frozen_v8_1_annotation_derived_quality_cache,1.2440110983856894,32.51363038080959,0.9935795880537407,0.05590266415794067,0.0030983535195759637,0.3414303388825033,0.6064025743314545,,,HISTORICAL_IMAGE_DIAGNOSTIC,False
sflip_chair_ADE_train_00000194,sflip_chair_ADE_train_00000194,irrelevant,chair,control_irrelevant,data/edits/spurious_flip_control/orig/sflip_chair_ADE_train_00000194.jpg,data/edits/spurious_flip_control/sflip_chair_ADE_train_00000194.jpg,10db4eb463e06753e7c2187a47e80d2f0f5d0bbfaa29821e04fa8e249122230a,ec3988c73338cd1c12d6651c29e943d9f7fdc0ebf782e32c0329aef1d3952c51,320,240,3,True,True,True,"[111,0,225,97]",9993,0.1301171875,"[0,169,206,240]",0,0.0,0,72.0,frozen_v8_1_annotation_derived_quality_cache,2.0410677083333333,29.193816760822,0.9908236676098899,0.05458333333333334,0.007821484579194973,0.9060327421874774,0.7707627959402998,,,HISTORICAL_IMAGE_DIAGNOSTIC,False
sflip_chair_ADE_train_00000469,sflip_chair_ADE_train_00000469,irrelevant,chair,control_irrelevant,data/edits/spurious_flip_control/orig/sflip_chair_ADE_train_00000469.jpg,data/edits/spurious_flip_control/sflip_chair_ADE_train_00000469.jpg,b0804be3ccfaf706cf8d7516dedebc87c180a243f0a9dfdb40d4382a1a21fc29,92fc92984cd8e33962d847ac9457b62c3cab7f02b91fc2e7efd8838fe2a34dee,745,512,3,True,True,True,"[351,47,561,257]",40230,0.10546875,"[114,288,274,456]",0,0.0,0,83.00602387778854,frozen_v8_1_annotation_derived_quality_cache,1.5243192463646533,31.405921665301634,0.9937523398583585,0.04514471476510067,0.00113967146475355,0.8734857697147334,0.008314950938675736,,,HISTORICAL_IMAGE_DIAGNOSTIC,False
sflip_chair_ADE_train_00000617,sflip_chair_ADE_train_00000617,irrelevant,chair,control_irrelevant,data/edits/spurious_flip_control/orig/sflip_chair_ADE_train_00000617.jpg,data/edits/spurious_flip_control/sflip_chair_ADE_train_00000617.jpg,4bcdbde94e3cc5fa30ca697f4dd07d0aec1223216bf87cff6a8f85e504f4c713,8e003d3ed13f4cc53a6baf2e8295294d4f7a75b9d88c1ff359726f4cb070d020,731,512,3,True,True,True,"[175,175,369,369]",37100,0.09912576949384405,"[0,298,548,511]",13774,0.11800486618004866,0,0.0,frozen_v8_1_annotation_derived_quality_cache,2.3301306714546284,28.459342941014967,0.9916903602538595,0.05370603910168718,0.00456844029380396,1.6735952302068995,0.45641911777360633,,,HISTORICAL_IMAGE_DIAGNOSTIC,False
sflip_chair_ADE_train_00000436,sflip_chair_ADE_train_00000436,irrelevant,chair,control_irrelevant,data/edits/spurious_flip_control/orig/sflip_chair_ADE_train_00000436.jpg,data/edits/spurious_flip_control/sflip_chair_ADE_train_00000436.jpg,00b8314cfc48be7835ccf9bccdcd8a3a442965ca45a1e670bd18d8066932d2f1,839bae26a742ba3a2e55f37cefdbf8c82f912e9d76de53c20f4a277a5bae7c38,512,682,3,True,True,True,"[175,415,369,609]",35064,0.10041697214076246,"[0,459,130,681]",0,0.0,0,45.0,frozen_v8_1_annotation_derived_quality_cache,0.9758226799242424,36.122697760634004,0.9976771353800218,0.04740003360215053,0.004343248600779722,0.7370618424669999,0.4060613356644396,,,HISTORICAL_IMAGE_DIAGNOSTIC,False
sflip_chair_ADE_train_00000839,sflip_chair_ADE_train_00000839,irrelevant,chair,control_irrelevant,data/edits/spurious_flip_control/orig/sflip_chair_ADE_train_00000839.jpg,data/edits/spurious_flip_control/sflip_chair_ADE_train_00000839.jpg,38d090907dc56993f4bc2548788125f2c18d544726761e7c3025ade84a1ca384,1d0a44b6f942ed48f50bf4d68d1f4d9136ecd5a9aad84c2a0de3e1eff50a033d,746,512,3,True,True,True,"[0,95,193,305]",38878,0.10178765918230563,"[227,302,497,413]",0,0.0,0,34.0,frozen_v8_1_annotation_derived_quality_cache,2.216332593275246,28.663535884646798,0.9904397091594088,0.08512587969168901,0.005701203441701649,1.3303392714267375,0.9631835911147419,,,HISTORICAL_IMAGE_DIAGNOSTIC,False
sflip_chair_ADE_train_00000630,sflip_chair_ADE_train_00000630,irrelevant,chair,control_irrelevant,data/edits/spurious_flip_control/orig/sflip_chair_ADE_train_00000630.jpg,data/edits/spurious_flip_control/sflip_chair_ADE_train_00000630.jpg,ab8935933aaad7a7176943a52116b458d6d068734affb48e096fd44a27ce70d7,c13f6de77af8982225107202964698abb0ce3b9d6a68299328731c265ad18f8c,683,512,3,True,True,True,"[143,0,337,193]",35833,0.10246900164714495,"[178,454,629,511]",0,0.0,0,261.0,frozen_v8_1_annotation_derived_quality_cache,1.2193886499511957,33.10207867365463,0.995771285252015,0.03338518789653489,0.0020008679498766113,0.46922968349655036,0.593813486590065,,,HISTORICAL_IMAGE_DIAGNOSTIC,False
sflip_chair_ADE_train_00000753,sflip_chair_ADE_train_00000753,irrelevant,chair,control_irrelevant,data/edits/spurious_flip_control/orig/sflip_chair_ADE_train_00000753.jpg,data/edits/spurious_flip_control/sflip_chair_ADE_train_00000753.jpg,ef029596aa387920c5aff56ef16541cb356da29a74dc00ff47319f1d327afcda,237d296d8805eb44c4ccaa3aff9c0d5e0c4476c4c9f299a84ebf7c4d65197fe4,768,512,3,True,True,True,"[351,239,545,433]",37135,0.09443918863932292,"[62,234,340,345]",0,0.0,0,11.0,frozen_v8_1_annotation_derived_quality_cache,1.8015162150065105,29.96730420671442,0.9921520664215799,0.03670247395833333,0.009486061297685033,0.5379951639811225,0.6773300748890634,,,HISTORICAL_IMAGE_DIAGNOSTIC,False
sflip_chair_ADE_train_00001564,sflip_chair_ADE_train_00001564,irrelevant,chair,control_irrelevant,data/edits/spurious_flip_control/orig/sflip_chair_ADE_train_00001564.jpg,data/edits/spurious_flip_control/sflip_chair_ADE_train_00001564.jpg,0a9315e372a576fcb541ac9bfd7221c771f7b10b30c94bd2beb2061e3ac183d4,77a905c808501be36ae8b39303a60c51c50e39a94ef7f681876d6c2ab00b3882,500,372,3,True,True,True,"[0,31,145,177]",20346,0.10938709677419355,"[0,155,499,296]",3190,0.04533890475987436,0,0.0,frozen_v8_1_annotation_derived_quality_cache,2.6534480286738353,26.732667811484006,0.9784047756440917,0.04604659498207886,0.014636459658123352,1.6635358139785126,0.02308628997809592,,,HISTORICAL_IMAGE_DIAGNOSTIC,False
sflip_chair_ADE_train_00000268,sflip_chair_ADE_train_00000268,irrelevant,chair,control_irrelevant,data/edits/spurious_flip_control/orig/sflip_chair_ADE_train_00000268.jpg,data/edits/spurious_flip_control/sflip_chair_ADE_train_00000268.jpg,ce44f1212e30ca5953d70c8e5280578a20d4997020f63264225153acb131afce,54b2dff610a1885727eb2173bfa03155c5b1e274251ccc41bfe1b93b8d016655,672,512,3,True,True,True,"[319,271,513,465]",34823,0.10121082124255952,"[43,276,298,403]",0,0.0,0,21.0,frozen_v8_1_annotation_derived_quality_cache,1.2698432074652777,33.19076540086493,0.9961474442067966,0.0486421130952381,0.0029856873340476098,0.47764880312965374,0.2928776763769676,,,HISTORICAL_IMAGE_DIAGNOSTIC,False
sflip_chair_ADE_train_00000939,sflip_chair_ADE_train_00000939,irrelevant,chair,control_irrelevant,data/edits/spurious_flip_control/orig/sflip_chair_ADE_train_00000939.jpg,data/edits/spurious_flip_control/sflip_chair_ADE_train_00000939.jpg,604cb1a09285b6029c6b2fd3b542dc145b119d0528405545d4282414632bf4fe,a0ae3a33e557038599b24b74a19fc8f81fe458ce29fe7f02e75dd5b6b118351b,682,512,3,True,True,True,"[271,47,465,241]",35962,0.10298868218475073,"[198,267,473,495]",0,0.0,0,26.0,frozen_v8_1_annotation_derived_quality_cache,1.3663474462365592,31.90453287810775,0.9954309397596917,0.028474004154447702,0.00196651051244022,0.2696182763242376,0.19786403232237149,,,HISTORICAL_IMAGE_DIAGNOSTIC,False
sflip_chair_ADE_train_00001571,sflip_chair_ADE_train_00001571,irrelevant,chair,control_irrelevant,data/edits/spurious_flip_control/orig/sflip_chair_ADE_train_00001571.jpg,data/edits/spurious_flip_control/sflip_chair_ADE_train_00001571.jpg,238dcade0d800427ef4cc58c40ddf25f5d69ba2d367820f79cdb36b23d447a15,b4e533628a0d9527c8ec137adfff2d0723e71ce784f69855ff93a832cb913abe,360,274,3,True,True,True,"[111,31,209,129]",9426,0.09555961070559611,"[22,156,287,274]",0,0.0,0,27.0,frozen_v8_1_annotation_derived_quality_cache,1.8356988375236551,29.820598623021652,0.9841022654313742,0.07213436063801028,0.002679942638039917,0.7219606244931072,1.0948582528054658,,,HISTORICAL_IMAGE_DIAGNOSTIC,False
sflip_chair_ADE_train_00000608,sflip_chair_ADE_train_00000608,irrelevant,chair,control_irrelevant,data/edits/spurious_flip_control/orig/sflip_chair_ADE_train_00000608.jpg,data/edits/spurious_flip_control/sflip_chair_ADE_train_00000608.jpg,7f2f69f324a3a2f4e2c36d59de8cdcf826bac39eacf8088c430c9aaf65fd8415,6c4c82f07080bca5d927cb16e508a44a2c1bf0303ec90af34d2f9a65d29b2940,768,512,3,True,True,True,"[15,63,225,257]",39810,0.1012420654296875,"[97,270,398,510]",0,0.0,0,13.0,frozen_v8_1_annotation_derived_quality_cache,1.8293965657552083,30.28269561649783,0.994799313733496,0.04950629340277777,0.009677107107923064,0.5616881749471077,0.715756007714873,,,HISTORICAL_IMAGE_DIAGNOSTIC,False
sflip_chair_ADE_train_00000928,sflip_chair_ADE_train_00000928,irrelevant,chair,control_irrelevant,data/edits/spurious_flip_control/orig/sflip_chair_ADE_train_00000928.jpg,data/edits/spurious_flip_control/sflip_chair_ADE_train_00000928.jpg,81d0d6dedefd170038ace8177cbfb8b32a926f0526ac1ced3c6dac7a8da43d86,9fd0dcb5fe1aaa1285b1c619ff135c64fce0952aa701c7d7fa5cae02e3d22257,768,512,3,True,True,True,"[415,63,625,257]",38962,0.09908548990885417,"[553,372,768,511]",0,0.0,0,115.0,frozen_v8_1_annotation_derived_quality_cache,1.3216332329644098,33.70527147570455,0.992585331993245,0.07848612467447917,0.0019231944897293712,1.1026745814005494,0.6249112300908664,,,HISTORICAL_IMAGE_DIAGNOSTIC,False
sflip_chair_ADE_train_00000728,sflip_chair_ADE_train_00000728,irrelevant,chair,control_irrelevant,data/edits/spurious_flip_control/orig/sflip_chair_ADE_train_00000728.jpg,data/edits/spurious_flip_control/sflip_chair_ADE_train_00000728.jpg,9715dcc59dca8a019db162df0fca742f93c8e86d317be839493a87553d8adc2f,7698f3095f938f3bfca8bd645c17c74d62bb96c5329cf3005f90ea6101ffba65,761,512,3,True,True,True,"[431,63,625,273]",38991,0.1000713493758213,"[295,335,758,512]",0,0.0,0,62.0,frozen_v8_1_annotation_derived_quality_cache,1.4195488734669295,32.88543399808701,0.9953909894471,0.048673278033289545,0.00252573615890158,1.09496764023487,0.9894535271379112,,,HISTORICAL_IMAGE_DIAGNOSTIC,False
sflip_chair_ADE_train_00000906,sflip_chair_ADE_train_00000906,irrelevant,chair,control_irrelevant,data/edits/spurious_flip_control/orig/sflip_chair_ADE_train_00000906.jpg,data/edits/spurious_flip_control/sflip_chair_ADE_train_00000906.jpg,6e42aaaa37b8111d8eb5050fc98eeda9816fc39bdca299dff270b2b34b28aedb,8bfa16ef8d9a1447aae39e0afcbcba8fbc83a1731ad0098d1f7c52d4024fea00,803,512,3,True,True,True,"[239,31,449,241]",42040,0.10225326899128269,"[386,301,592,512]",0,0.0,0,60.0,frozen_v8_1_annotation_derived_quality_cache,1.1451474289124117,33.23799476152298,0.996685545453724,0.045289150062266505,0.001956253494397389,0.24144805757704546,0.49233188899401625,,,HISTORICAL_IMAGE_DIAGNOSTIC,False
sflip_chair_ADE_train_00000631,sflip_chair_ADE_train_00000631,irrelevant,chair,control_irrelevant,data/edits/spurious_flip_control/orig/sflip_chair_ADE_train_00000631.jpg,data/edits/spurious_flip_control/sflip_chair_ADE_train_00000631.jpg,814c8fb57948ca7c03877b398fd464db82d84e0c9519c6355bb31a2166a5865d,984fde24033725e03f3518b172cdf2773aa6eea2208320e658bca541293a829b,683,512,3,True,True,True,"[479,319,673,512]",35284,0.10089906661786237,"[93,239,417,512]",0,0.0,0,62.0,frozen_v8_1_annotation_derived_quality_cache,0.6385060166544656,39.64428744353701,0.9993585224022189,0.05203376647144948,0.004836743784347397,0.005750428372095939,0.015234878130698348,,,HISTORICAL_IMAGE_DIAGNOSTIC,False
sflip_chair_ADE_train_00000797,sflip_chair_ADE_train_00000797,irrelevant,chair,control_irrelevant,data/edits/spurious_flip_control/orig/sflip_chair_ADE_train_00000797.jpg,data/edits/spurious_flip_control/sflip_chair_ADE_train_00000797.jpg,85dd1f2e139df1deaa6e764ce98a3cbad54502ecce78b680d609ca6fbd6f34d8,babff8915c608134d705a275e3634d2caf7a3076d7c1df9206e53d11bc262113,737,512,3,True,True,True,"[0,207,193,401]",36678,0.09720043249660787,"[256,304,681,512]",0,0.0,0,63.0,frozen_v8_1_annotation_derived_quality_cache,1.8484433302238805,29.555732733729783,0.9855142921469568,0.044387437810945264,0.010069826488939393,0.17602835979900533,1.13866715465808,,,HISTORICAL_IMAGE_DIAGNOSTIC,False
sflip_chair_ADE_train_00001105,sflip_chair_ADE_train_00001105,irrelevant,chair,control_irrelevant,data/edits/spurious_flip_control/orig/sflip_chair_ADE_train_00001105.jpg,data/edits/spurious_flip_control/sflip_chair_ADE_train_00001105.jpg,d5cd55bd7e431571768ebfa6c6c9bd18846364b608183b461e76b77e26fa69e3,a7906023c70f822412e11b6b4ec19ff22cce33b500671bbf4b45ecbf565b13c7,683,512,3,True,True,True,"[95,223,289,417]",35404,0.10124222181551977,"[536,332,683,511]",0,0.0,0,247.0,frozen_v8_1_annotation_derived_quality_cache,1.2762609047096145,33.01091112044923,0.9925067524608204,0.032679813323572476,0.0010226340130364345,0.3089983934617635,0.27138989532767255,,,HISTORICAL_IMAGE_DIAGNOSTIC,False
sflip_chair_ADE_train_00000622,sflip_chair_ADE_train_00000622,irrelevant,chair,control_irrelevant,data/edits/spurious_flip_control/orig/sflip_chair_ADE_train_00000622.jpg,data/edits/spurious_flip_control/sflip_chair_ADE_train_00000622.jpg,4fc511b8b5f400ed0037d558e8c2d6a0b006cb981be1284119ac72ffecab7214,824a90440e95636d37021dc48042847c7f8fb30596d7c81d032e2d55c8f1be18,770,512,3,True,True,True,"[175,31,385,241]",41154,0.10438818993506493,"[487,288,732,479]",0,0.0,0,112.30761327710601,frozen_v8_1_annotation_derived_quality_cache,1.7055735930735931,31.35892619259526,0.9954563675693734,0.07892992424242425,0.00016387236756190693,1.549962965706186,1.317154087081093,,,HISTORICAL_IMAGE_DIAGNOSTIC,False
sflip_chair_ADE_train_00000945,sflip_chair_ADE_train_00000945,irrelevant,chair,control_irrelevant,data/edits/spurious_flip_control/orig/sflip_chair_ADE_train_00000945.jpg,data/edits/spurious_flip_control/sflip_chair_ADE_train_00000945.jpg,785e639b0b92a0d5154f7b76f0c47a272760978f4951854c13fd7b74eae44152,fa14965fa491cb83e888e83cb50a963af6b161101c15ee32b78627e60eccefcd,512,683,3,True,True,True,"[271,47,465,241]",35993,0.10292654191068815,"[1,234,399,601]",896,0.006134213300836608,0,0.0,frozen_v8_1_annotation_derived_quality_cache,1.929175626830161,29.43590392964843,0.9918826851512197,0.04990239141044412,0.012881751139005165,0.1142576323435236,0.780289602176282,,,HISTORICAL_IMAGE_DIAGNOSTIC,False
sflip_chair_ADE_train_00001573,sflip_chair_ADE_train_00001573,irrelevant,chair,control_irrelevant,data/edits/spurious_flip_control/orig/sflip_chair_ADE_train_00001573.jpg,data/edits/spurious_flip_control/sflip_chair_ADE_train_00001573.jpg,94ff49da6f460ae25074fceb6108f70f2cdec1dac5e34b55e72c2815ad4fb7e8,fd234553e8124d5536d8fd1147a93dc7ac6056daa9fcb9bfafdbaabe1b1ee001,683,512,3,True,True,True,"[79,191,273,385]",36020,0.10300375183016106,"[52,339,682,511]",8924,0.08235511258767073,0,0.0,frozen_v8_1_annotation_derived_quality_cache,2.063855463030747,29.12701193304052,0.9853331621577727,0.05312995668618838,0.015296542379872727,0.8064933284910296,0.19211974096094053,,,HISTORICAL_IMAGE_DIAGNOSTIC,False
sflip_chair_ADE_train_00000918,sflip_chair_ADE_train_00000918,irrelevant,chair,control_irrelevant,data/edits/spurious_flip_control/orig/sflip_chair_ADE_train_00000918.jpg,data/edits/spurious_flip_control/sflip_chair_ADE_train_00000918.jpg,d2e246dfe98dcaa05703fd66056af3a864af24f35155b7e60e0a0c5af49abcef,2e4a77425392d9d9f9ff637e3ee3a3b404a4318ea6c08f1fbeb2162ff8a23d0b,720,482,3,True,True,True,"[239,79,433,273]",35785,0.10311491470723835,"[484,246,719,414]",0,0.0,0,51.0,frozen_v8_1_annotation_derived_quality_cache,2.256860880590134,28.79245734928955,0.9909560042140519,0.07945097587213769,0.003300725380225661,1.7603521184877877,0.6157730428461292,,,HISTORICAL_IMAGE_DIAGNOSTIC,False
sflip_chair_ADE_train_00000002,sflip_chair_ADE_train_00000002,irrelevant,chair,control_irrelevant,data/edits/spurious_flip_control/orig/sflip_chair_ADE_train_00000002.jpg,data/edits/spurious_flip_control/sflip_chair_ADE_train_00000002.jpg,83bbe8b96e39a6c9fb2220f1cb9fea6c1ff4e2a3cf0d6b2385d5580b3ae2eddd,b06a75af507fe3d77e0a20c0f7a93df65bd046024443ac3e861f61bdb28fdb84,711,512,3,True,True,True,"[143,255,337,449]",35890,0.09859023382559776,"[254,222,711,469]",16102,0.14264832254006501,0,0.0,frozen_v8_1_annotation_derived_quality_cache,1.0410275287154243,34.253750942253085,0.9960386877869501,0.036220259024847636,0.0015450421756615304,0.551444701015285,0.44119243072459824,,,HISTORICAL_IMAGE_DIAGNOSTIC,False
sflip_car_ADE_train_00002093,sflip_car_ADE_train_00002093,irrelevant,car,control_irrelevant,data/edits/spurious_flip_control/orig/sflip_car_ADE_train_00002093.jpg,data/edits/spurious_flip_control/sflip_car_ADE_train_00002093.jpg,72c0834d4b6627078de1799a07c9dfe7415cdae380cc64092469525d25533637,21919ca0e18c003e11f163d695f20726dae38ebf1f1bc6f18ed8681a839e351a,683,512,3,True,True,True,"[223,15,417,209]",35372,0.10115071376281112,"[363,204,590,332]",270,0.009292400881057268,0,0.0,frozen_v8_1_annotation_derived_quality_cache,1.4013142844070279,32.84817132483426,0.9914972079580924,0.09022693997071744,0.0031366505441873943,0.9695823109215098,0.8437597574378728,,,HISTORICAL_IMAGE_DIAGNOSTIC,False
sflip_car_ADE_train_00002038,sflip_car_ADE_train_00002038,irrelevant,car,control_irrelevant,data/edits/spurious_flip_control/orig/sflip_car_ADE_train_00002038.jpg,data/edits/spurious_flip_control/sflip_car_ADE_train_00002038.jpg,8c15da2e81843dc65cb980a102b53847a62c185230f9210ae81641d31d6a83e3,8ac66c5853b8da3ab2fbcd448823ee5465ab7e9293fcd66de3b893e1499f9532,450,313,3,True,True,True,"[303,0,433,129]",15608,0.11081292154774583,"[2,160,446,292]",0,0.0,0,31.0,frozen_v8_1_annotation_derived_quality_cache,1.8720198793042244,29.307450294613524,0.9920688423461731,0.03088865223050527,0.016889907701726714,0.7819756322328573,0.4575260784519912,,,HISTORICAL_IMAGE_DIAGNOSTIC,False
sflip_car_ADE_train_00002039,sflip_car_ADE_train_00002039,irrelevant,car,control_irrelevant,data/edits/spurious_flip_control/orig/sflip_car_ADE_train_00002039.jpg,data/edits/spurious_flip_control/sflip_car_ADE_train_00002039.jpg,1911b515c33baea7320162d19c3fd86678b83bc91faf6d067245903d32db5af6,f1b53077186ca6561a5c1cf9ced12bc6dd575c7e65bbf5b7264f9d8ca2a529fe,683,512,3,True,True,True,"[479,319,673,512]",35010,0.10011552891654465,"[21,105,643,407]",14432,0.07682970975916185,0,0.0,frozen_v8_1_annotation_derived_quality_cache,0.5828862783674963,40.54599396229239,0.9993124718389572,0.03405815336749634,0.004576072369259679,0.1269488338442386,0.03170943172798246,,,HISTORICAL_IMAGE_DIAGNOSTIC,False
sflip_car_ADE_train_00002054,sflip_car_ADE_train_00002054,irrelevant,car,control_irrelevant,data/edits/spurious_flip_control/orig/sflip_car_ADE_train_00002054.jpg,data/edits/spurious_flip_control/sflip_car_ADE_train_00002054.jpg,928f3c623275c9bf2d08c3bbcee464985f6e1f2d2a990fb91fed132f1d48701b,f3e4edc2f1346ee2f0609c68f46096712245e4572aeffac5d56174f1596a10f2,683,512,3,True,True,True,"[15,15,209,209]",35875,0.10258910596632503,"[1,213,682,511]",0,0.0,0,4.0,frozen_v8_1_annotation_derived_quality_cache,2.249270795204978,28.31487672686255,0.9912335453103955,0.06638527940458759,0.005426835119600917,1.0478377596540867,0.7503823005330901,,,HISTORICAL_IMAGE_DIAGNOSTIC,False
sflip_car_ADE_train_00000941,sflip_car_ADE_train_00000941,irrelevant,car,control_irrelevant,data/edits/spurious_flip_control/orig/sflip_car_ADE_train_00000941.jpg,data/edits/spurious_flip_control/sflip_car_ADE_train_00000941.jpg,78730308a76426127a856700a53b27ae7df32c193075a78f3364f00261cf082a,b7762c2c62beb9220b3623bdecf7752d9d017a17bfe48d16321816f4ce443447,472,313,3,True,True,True,"[143,0,273,129]",15730,0.10647370986083284,"[0,114,151,310]",120,0.004054601973239627,0,0.0,frozen_v8_1_annotation_derived_quality_cache,1.3547679644771755,32.48984383747538,0.9977081915770423,0.06382105016154943,0.0024772046272825143,0.616586029133046,0.5130443771986108,,,HISTORICAL_IMAGE_DIAGNOSTIC,False
sflip_car_ADE_train_00002029,sflip_car_ADE_train_00002029,irrelevant,car,control_irrelevant,data/edits/spurious_flip_control/orig/sflip_car_ADE_train_00002029.jpg,data/edits/spurious_flip_control/sflip_car_ADE_train_00002029.jpg,d65bd113d5d28d28186ee64403500620a0f719a54ec4177f7566e58b9246ee30,4ccd495640749a85f581e4fb32f723f971253c48da424241c7e9868761d47044,640,480,3,True,True,True,"[335,271,513,449]",30740,0.10006510416666667,"[2,124,589,326]",9790,0.08256447450537217,0,0.0,frozen_v8_1_annotation_derived_quality_cache,1.7021668836805555,30.47397135687641,0.9933545532779772,0.03846788194444444,0.005164036003130715,0.5736909225260263,0.5862129830555176,,,HISTORICAL_IMAGE_DIAGNOSTIC,False
sflip_car_ADE_train_00002030,sflip_car_ADE_train_00002030,irrelevant,car,control_irrelevant,data/edits/spurious_flip_control/orig/sflip_car_ADE_train_00002030.jpg,data/edits/spurious_flip_control/sflip_car_ADE_train_00002030.jpg,420a3e5397ba9e8d10bb8ae56328042362824084dfc8e73c1b8e417dfc12c6b8,0c1a39159464b25acfc6bac83c2937b3b251e6088de19560b43c4ddc065f4208,340,225,3,True,True,True,"[79,63,177,161]",8996,0.11759477124183007,"[0,0,340,224]",9604,0.12610294117647058,0,0.0,frozen_v8_1_annotation_derived_quality_cache,2.03281045751634,29.330150906394312,0.9900511318250772,0.049254901960784324,0.004880768852297698,0.763427518954245,1.0138007622580005,,,HISTORICAL_IMAGE_DIAGNOSTIC,False
sflip_car_ADE_train_00004304,sflip_car_ADE_train_00004304,irrelevant,car,control_irrelevant,data/edits/spurious_flip_control/orig/sflip_car_ADE_train_00004304.jpg,data/edits/spurious_flip_control/sflip_car_ADE_train_00004304.jpg,03df3f394e92ba72f83f7e5f2d3679ff043a0ac7b90a39d36ddfcf38396abaca,967786eaa9ad3beaba7c1eac865a178c1acb928cdf7dfa90503a16d6cac54327,600,450,3,True,True,True,"[255,271,417,449]",27862,0.10319259259259259,"[502,212,599,354]",0,0.0,0,85.0,frozen_v8_1_annotation_derived_quality_cache,1.9357888888888888,29.03937620366795,0.9897912023476705,0.04521234567901234,0.009843213656183306,0.39099824444443243,0.6762967634457695,,,HISTORICAL_IMAGE_DIAGNOSTIC,False
sflip_car_ADE_train_00004616,sflip_car_ADE_train_00004616,irrelevant,car,control_irrelevant,data/edits/spurious_flip_control/orig/sflip_car_ADE_train_00004616.jpg,data/edits/spurious_flip_control/sflip_car_ADE_train_00004616.jpg,38e1aa1648292dd0daf3840c5d94739c0171d1a25a74604c0ed1f1b524522886,8f45066de7d84e178c9e1be59b239cb2658b41599827850b8980262e2300f87d,256,256,3,True,True,True,"[95,31,193,113]",7533,0.1149444580078125,"[0,164,256,202]",0,0.0,0,51.0,frozen_v8_1_annotation_derived_quality_cache,3.840092976888021,24.833797403773403,0.9818949929199865,0.11391194661458333,0.014652267156862742,1.9504978759765663,2.801227387497093,,,HISTORICAL_IMAGE_DIAGNOSTIC,False
sflip_car_ADE_train_00002008,sflip_car_ADE_train_00002008,irrelevant,car,control_irrelevant,data/edits/spurious_flip_control/orig/sflip_car_ADE_train_00002008.jpg,data/edits/spurious_flip_control/sflip_car_ADE_train_00002008.jpg,2e3021624b4520ad7adab85c3d1d4f54d7349eaa1c0c7a1abf8366e723ec00af,3de757a8bda17ea4a756da60892c99034acbdbffd9231dca9dd843ce773a27ac,325,245,3,True,True,True,"[127,0,225,97]",9329,0.11716169544740973,"[33,81,288,234]",1568,0.04018967063949763,0,0.0,frozen_v8_1_annotation_derived_quality_cache,2.8182857142857145,26.913862837763276,0.9821688872893554,0.07624071166928309,0.03381648600957904,0.3738910844584211,0.9688225764028502,,,HISTORICAL_IMAGE_DIAGNOSTIC,False
sflip_car_ADE_train_00004561,sflip_car_ADE_train_00004561,irrelevant,car,control_irrelevant,data/edits/spurious_flip_control/orig/sflip_car_ADE_train_00004561.jpg,data/edits/spurious_flip_control/sflip_car_ADE_train_00004561.jpg,e6c35b1e57b8cf2b0e335fd430a295450e292f26101e75d1359b5f374da2a0af,108d9304e56b153aa7b95333dc2dc9198690d63dd3b4ca03b4e9835295c142e9,772,512,3,True,True,True,"[223,0,417,209]",39313,0.09946010767487047,"[0,301,771,510]",0,0.0,0,92.0,frozen_v8_1_annotation_derived_quality_cache,1.5737498650690847,29.897736880368427,0.9913477216472845,0.036704582253886016,0.000615779150680909,0.08337356197378654,0.6939831755235062,,,HISTORICAL_IMAGE_DIAGNOSTIC,False
sflip_car_ADE_train_00002034,sflip_car_ADE_train_00002034,irrelevant,car,control_irrelevant,data/edits/spurious_flip_control/orig/sflip_car_ADE_train_00002034.jpg,data/edits/spurious_flip_control/sflip_car_ADE_train_00002034.jpg,110def06d712b9a99cb86b521e121e3ac77a479f37f02337ce4e2300b7a6383b,cda39df971d603a93ecc41bf61c1112056f0771e4505816f758f983b1dc18667,770,512,3,True,True,True,"[319,271,513,481]",39095,0.09916548295454546,"[588,243,769,347]",0,0.0,0,75.0,frozen_v8_1_annotation_derived_quality_cache,1.561825284090909,31.3010303522932,0.9939542266785028,0.06028645833333333,0.0006440565143712301,0.863166804484564,0.09445007107801473,,,HISTORICAL_IMAGE_DIAGNOSTIC,False
sflip_car_ADE_train_00002014,sflip_car_ADE_train_00002014,irrelevant,car,control_irrelevant,data/edits/spurious_flip_control/orig/sflip_car_ADE_train_00002014.jpg,data/edits/spurious_flip_control/sflip_car_ADE_train_00002014.jpg,2036688479677e5e254de7a458955bff60d32e1693c6b3bcd2135bc2fa37eac5,9baf209d75e20c7542c532094d12c2a64e0f35d5c3527845901a93685a2f1f1e,440,507,3,True,True,True,"[15,95,161,257]",22947,0.10286444324905863,"[110,174,248,458]",4233,0.10800673606858542,0,0.0,frozen_v8_1_annotation_derived_quality_cache,2.3244306975076205,28.43422223118333,0.98665962330252,0.04167413782798399,0.00895077187773044,0.6321704285458196,1.2317282893070356,,,HISTORICAL_IMAGE_DIAGNOSTIC,False
sflip_car_ADE_train_00002062,sflip_car_ADE_train_00002062,irrelevant,car,control_irrelevant,data/edits/spurious_flip_control/orig/sflip_car_ADE_train_00002062.jpg,data/edits/spurious_flip_control/sflip_car_ADE_train_00002062.jpg,32e1ca90898baf3643305ed95235a5e3129e24e9676d49d4724f0ff18442bf43,17ed9c7f71c78799aecaad93e20cd6b30a97019ee206be9828a7e25c17c59abb,683,512,3,True,True,True,"[431,159,625,353]",34863,0.09969516379941434,"[1,259,682,511]",18236,0.1062629652938023,0,0.0,frozen_v8_1_annotation_derived_quality_cache,1.3340053455954124,31.995340593628917,0.9957964959422797,0.04742404831625183,0.00030220697023905507,0.28823432981789665,0.5887436028345121,,,HISTORICAL_IMAGE_DIAGNOSTIC,False
sflip_car_ADE_train_00004630,sflip_car_ADE_train_00004630,irrelevant,car,control_irrelevant,data/edits/spurious_flip_control/orig/sflip_car_ADE_train_00004630.jpg,data/edits/spurious_flip_control/sflip_car_ADE_train_00004630.jpg,35e0f8939ecce1985d80f251c3fa729930e4b6f4979ecf8285440745028199c9,630c610f499d7b99585c1dfed5f631dfaf5d8c40ec058b6228d3fe95c2fca9c7,256,256,3,True,True,True,"[79,63,177,145]",7313,0.1115875244140625,"[141,197,256,241]",0,0.0,0,52.0,frozen_v8_1_annotation_derived_quality_cache,2.2385406494140625,28.174613877495204,0.9845319317752668,0.068023681640625,0.012905943627450955,0.4447795379638677,0.9959148779403293,,,HISTORICAL_IMAGE_DIAGNOSTIC,False
sflip_car_ADE_train_00001018,sflip_car_ADE_train_00001018,irrelevant,car,control_irrelevant,data/edits/spurious_flip_control/orig/sflip_car_ADE_train_00001018.jpg,data/edits/spurious_flip_control/sflip_car_ADE_train_00001018.jpg,2843ff2b0b53b9a7d8a314652adedc6d61bf11f39e7ec62c5f73594f2d9aee27,c90603b9eb20d7d1d8cc4d834d16ad335e3f65e26d64b90c066631c0e4a7f708,300,396,3,True,True,True,"[143,111,257,241]",13590,0.1143939393939394,"[1,109,290,396]",14820,0.1786769227059547,0,0.0,frozen_v8_1_annotation_derived_quality_cache,1.14932379349046,34.66810003803195,0.9943961207188489,0.043047138047138056,0.00031658393273223395,0.6697597946127871,0.15445339256346102,,,HISTORICAL_IMAGE_DIAGNOSTIC,False
sflip_car_ADE_train_00003061,sflip_car_ADE_train_00003061,irrelevant,car,control_irrelevant,data/edits/spurious_flip_control/orig/sflip_car_ADE_train_00003061.jpg,data/edits/spurious_flip_control/sflip_car_ADE_train_00003061.jpg,7f12b30ec2b0c02fdf35d2eb059d0518c98c21e9dc103a029df6a698b25d47d0,aaea2fb81a0f9486e738073b85ef5d7b05f4eaae258f7c4193f83dea27f5e4e1,500,375,3,True,True,True,"[63,31,209,177]",20121,0.107312,"[368,157,497,280]",0,0.0,0,159.0,frozen_v8_1_annotation_derived_quality_cache,2.9918346666666666,26.0632627494154,0.9665862998888461,0.060202666666666675,0.031812896759104564,0.5975463808000114,2.272333759250543,,,HISTORICAL_IMAGE_DIAGNOSTIC,False
sflip_car_ADE_train_00002026,sflip_car_ADE_train_00002026,irrelevant,car,control_irrelevant,data/edits/spurious_flip_control/orig/sflip_car_ADE_train_00002026.jpg,data/edits/spurious_flip_control/sflip_car_ADE_train_00002026.jpg,b43d482cc48b202c1359a9c7f02b18f201b478a5364bc8b03697c374ee79182c,67a24674aa4da0e6d81ec11313deec84b74be2558e16736efaf900f3740c637f,200,200,3,True,True,True,"[127,15,193,97]",5080,0.127,"[0,0,177,200]",4100,0.11581920903954802,0,0.0,frozen_v8_1_annotation_derived_quality_cache,1.8179166666666666,28.568851881559965,0.9939056694329247,0.03676666666666668,0.010175879396984916,0.44194697499999336,0.009108572857982722,,,HISTORICAL_IMAGE_DIAGNOSTIC,False
sflip_car_ADE_train_00004657,sflip_car_ADE_train_00004657,irrelevant,car,control_irrelevant,data/edits/spurious_flip_control/orig/sflip_car_ADE_train_00004657.jpg,data/edits/spurious_flip_control/sflip_car_ADE_train_00004657.jpg,71649f3b77cf860d038e1297dbc29672f987ce60494d94b7853f71ca99d4019a,bbde748074b9ac71c43b0f3a7009a05402de1aeedb6a3c150d34078bf3293a6d,256,256,3,True,True,True,"[63,95,145,193]",7652,0.11676025390625,"[0,201,181,246]",0,0.0,0,8.0,frozen_v8_1_annotation_derived_quality_cache,2.1483357747395835,28.482560995408864,0.9567748407415485,0.06379191080729167,0.01349571078431372,0.5849923339843741,1.7174020096263796,,,HISTORICAL_IMAGE_DIAGNOSTIC,False
sflip_car_ADE_train_00004567,sflip_car_ADE_train_00004567,irrelevant,car,control_irrelevant,data/edits/spurious_flip_control/orig/sflip_car_ADE_train_00004567.jpg,data/edits/spurious_flip_control/sflip_car_ADE_train_00004567.jpg,2ea5ab4aa8f7c0c1af0e3a1605538835d07767c59ee00d2d4078fbc3287cb0c1,c8f9b86cc6fbef4c86cda7a417498cb6f406159fb34761e3040e2815b7cd5f4e,683,512,3,True,True,True,"[271,127,465,321]",36064,0.10312957540263543,"[499,307,673,393]",0,0.0,0,34.0,frozen_v8_1_annotation_derived_quality_cache,1.4720309449731577,31.435952960828317,0.9955071736160944,0.030672355417276715,0.009006054165228428,0.03898643507503152,0.42340790305368614,,,HISTORICAL_IMAGE_DIAGNOSTIC,False
sflip_car_ADE_train_00004623,sflip_car_ADE_train_00004623,irrelevant,car,control_irrelevant,data/edits/spurious_flip_control/orig/sflip_car_ADE_train_00004623.jpg,data/edits/spurious_flip_control/sflip_car_ADE_train_00004623.jpg,689bb672af69b647255b8ada666d3afc4578be8155323b270bbf7d6cd781931d,065622e09b199a04e7600edc0a93510576807aa5f4a080ff201e36da94b68a77,256,256,3,True,True,True,"[47,79,129,177]",7576,0.1156005859375,"[2,170,95,256]",336,0.042010502625656414,0,0.0,frozen_v8_1_annotation_derived_quality_cache,2.077972412109375,28.594084752294066,0.9819021835512305,0.048299153645833336,0.009612438725490197,0.41100597229004165,1.1955472097561923,,,HISTORICAL_IMAGE_DIAGNOSTIC,False
sflip_car_ADE_train_00001421,sflip_car_ADE_train_00001421,irrelevant,car,control_irrelevant,data/edits/spurious_flip_control/orig/sflip_car_ADE_train_00001421.jpg,data/edits/spurious_flip_control/sflip_car_ADE_train_00001421.jpg,30c384aa921d6f4eac81362509a75a852bb0676a71bae975459ce457897780ed,09dab948d5b4057d70e389596ff9eddf8bee603529fac0c4b6126ab9f90a6418,512,768,3,True,True,True,"[0,143,193,337]",37241,0.09470876057942708,"[2,566,509,734]",0,0.0,0,229.0,frozen_v8_1_annotation_derived_quality_cache,2.9197463989257812,26.112151967328824,0.9775981703938097,0.048404269748263895,0.03863328374633196,0.6279416732788121,1.0766685375715142,,,HISTORICAL_IMAGE_DIAGNOSTIC,False
